"Time (s)","Latitude (°)","Longitude (°)","Altitude (m)","Altitude WGS84 (m)","Speed (m/s)","Direction (°)","Distance (km)","Horizontal Accuracy (m)","Vertical Accuracy (m)","Satellites"
6.950974464E-3,2.998687543E1,3.144148940E1,3.080423307E2,3.250676607E2,NaN,NaN,4.300850930E-4,3.500000000E1,1.779468727E1,-1.000000000E0
6.950974464E-3,2.998687818E1,3.144148626E1,3.080492277E2,3.250745509E2,NaN,NaN,1.233899153E-3,3.500000000E1,1.530483437E1,-1.000000000E0
6.508267999E0,2.998688452E1,3.144149026E1,3.082239676E2,3.252492810E2,NaN,NaN,2.568619687E-3,3.500000000E1,1.943007851E1,-1.000000000E0
1.301266992E1,2.998687268E1,3.144148801E1,3.082524805E2,3.252778149E2,NaN,NaN,1.026706553E-2,3.500000000E1,2.053747940E1,-1.000000000E0
1.353767550E1,2.998680824E1,3.144145877E1,3.056939081E2,3.227193479E2,4.170226753E-1,1.721067898E2,1.163356253E-2,2.692731008E1,1.524575101E1,-1.000000000E0
1.453767252E1,2.998680802E1,3.144147295E1,3.056472957E2,3.226727432E2,4.699903429E-1,1.705378822E2,1.220780352E-2,1.477347468E1,8.426318868E0,-1.000000000E0
1.553797424E1,2.998681314E1,3.144147378E1,3.056083302E2,3.226337686E2,4.699903429E-1,1.746298116E2,1.273191920E-2,1.371518255E1,7.752600799E0,-1.000000000E0
1.653830600E1,2.998681522E1,3.144146890E1,3.055783964E2,3.226038283E2,3.017903566E-1,1.948908029E2,1.290470292E-2,2.847471669E1,1.664893122E1,-1.000000000E0
1.753830242E1,2.998681676E1,3.144146920E1,3.055600235E2,3.225854528E2,1.928173006E-1,1.895147136E2,1.317279538E-2,2.751014408E1,1.558012556E1,-1.000000000E0
1.853828716E1,2.998681767E1,3.144147177E1,3.055433518E2,3.225687807E2,1.618374437E-1,1.965439571E2,1.373263763E-2,1.792679163E1,9.976253872E0,-1.000000000E0
1.953812206E1,2.998681528E1,3.144146666E1,3.055330997E2,3.225585305E2,2.435531765E-1,2.186927494E2,1.473066905E-2,4.194638372E1,2.255920625E1,-1.000000000E0
2.053811800E1,2.998681863E1,3.144147627E1,3.055227486E2,3.225481780E2,1.818209887E-1,1.128038767E2,1.649442742E-2,1.320688663E1,7.312107882E0,-1.000000000E0
2.153840935E1,2.998680453E1,3.144148465E1,3.055106715E2,3.225361315E2,2.435531765E-1,1.408884334E2,1.649442742E-2,1.406105735E1,8.526589027E0,-1.000000000E0
2.253863609E1,2.998680453E1,3.144148465E1,3.055106715E2,3.225361315E2,2.435531765E-1,NaN,2.039318608E-2,1.406105735E1,8.526589027E0,-1.000000000E0
2.353863215E1,2.998681277E1,3.144144530E1,3.055010429E2,3.225264674E2,2.361325473E-1,NaN,2.414031376E-2,2.406282546E1,1.545414034E1,-1.000000000E0
2.453833473E1,2.998681298E1,3.144140640E1,3.055188706E2,3.225442749E2,1.083233654E-1,NaN,2.596734552E-2,4.444942402E1,2.910345796E1,-1.000000000E0
2.553759754E1,2.998680022E1,3.144139444E1,3.055534882E2,3.225789102E2,2.381011546E-1,NaN,2.669316335E-2,4.309481214E1,2.907602803E1,-1.000000000E0
2.653759468E1,2.998679409E1,3.144139702E1,3.055718078E2,3.225972425E2,2.118908912E-1,NaN,2.678833503E-2,4.327445880E1,2.908368452E1,-1.000000000E0
2.753837109E1,2.998679325E1,3.144139681E1,3.055933162E2,3.226187523E2,2.257713974E-1,NaN,2.729677271E-2,2.865267606E1,1.942617883E1,-1.000000000E0
2.853875315E1,2.998679759E1,3.144139513E1,3.056071921E2,3.226326193E2,2.261953205E-1,NaN,2.872415151E-2,2.213219982E1,1.539597998E1,-1.000000000E0
2.953874969E1,2.998680115E1,3.144138089E1,3.056286403E2,3.226540535E2,2.349558324E-1,NaN,3.060826623E-2,9.652869522E0,7.201112302E0,-1.000000000E0
3.053874695E1,2.998680091E1,3.144140045E1,3.056133899E2,3.226388137E2,2.489020079E-1,NaN,3.120468527E-2,2.609808752E1,2.096560430E1,-1.000000000E0
3.153874266E1,2.998679988E1,3.144140653E1,3.056382035E2,3.226636323E2,1.109774634E-1,NaN,3.267211916E-2,1.044130131E1,8.647554444E0,-1.000000000E0
3.253873968E1,2.998681300E1,3.144140488E1,3.056473638E2,3.226727672E2,1.148986518E-1,NaN,3.267211916E-2,1.446586744E1,1.183831813E1,-1.000000000E0
3.353873551E1,2.998681300E1,3.144140488E1,3.056473638E2,3.226727672E2,0.000000000E0,NaN,3.267211916E-2,2.520347964E1,2.162167273E1,-1.000000000E0
3.453873217E1,2.998681300E1,3.144140488E1,3.056473638E2,3.226727672E2,0.000000000E0,NaN,3.267211916E-2,2.965849161E1,2.605789804E1,-1.000000000E0
3.553872931E1,2.998681300E1,3.144140488E1,3.056473638E2,3.226727672E2,0.000000000E0,NaN,3.267211916E-2,1.542974417E1,1.404611225E1,-1.000000000E0
3.653872573E1,2.998681300E1,3.144140488E1,3.056473638E2,3.226727672E2,0.000000000E0,NaN,3.267211916E-2,1.804051840E1,1.654333979E1,-1.000000000E0
3.753872156E1,2.998681300E1,3.144140488E1,3.056473638E2,3.226727672E2,0.000000000E0,NaN,3.267211916E-2,1.943590328E1,1.774075117E1,-1.000000000E0
3.853871846E1,2.998681300E1,3.144140488E1,3.056473638E2,3.226727672E2,0.000000000E0,NaN,3.267211916E-2,2.192572359E1,2.037574023E1,-1.000000000E0
3.953871524E1,2.998681300E1,3.144140488E1,3.056473638E2,3.226727672E2,0.000000000E0,NaN,3.267211916E-2,1.762583473E1,1.648662842E1,-1.000000000E0
4.053871167E1,2.998681300E1,3.144140488E1,3.056473638E2,3.226727672E2,0.000000000E0,NaN,3.267211916E-2,2.410242883E1,2.287463350E1,-1.000000000E0
4.153870797E1,2.998681300E1,3.144140488E1,3.056473638E2,3.226727672E2,0.000000000E0,NaN,3.267211916E-2,2.384672748E1,2.238998697E1,-1.000000000E0
4.253870451E1,2.998681300E1,3.144140488E1,3.056473638E2,3.226727672E2,0.000000000E0,NaN,3.267211916E-2,5.222701221E0,2.558892141E0,-1.000000000E0
4.353870082E1,2.998681300E1,3.144140488E1,3.056473638E2,3.226727672E2,0.000000000E0,NaN,3.267211916E-2,5.190222363E0,2.624143452E0,-1.000000000E0
4.453869760E1,2.998681300E1,3.144140488E1,3.056473638E2,3.226727672E2,0.000000000E0,NaN,3.267211916E-2,5.161177207E0,2.680818321E0,-1.000000000E0
4.553869402E1,2.998681300E1,3.144140488E1,3.056473638E2,3.226727672E2,0.000000000E0,NaN,3.267211916E-2,5.120989860E0,2.756809730E0,-1.000000000E0
4.653869057E1,2.998681300E1,3.144140488E1,3.056473638E2,3.226727672E2,0.000000000E0,NaN,3.267211916E-2,5.098383159E0,2.798397077E0,-1.000000000E0
4.753868651E1,2.998681300E1,3.144140488E1,3.056473638E2,3.226727672E2,0.000000000E0,NaN,3.267211916E-2,5.075758821E0,2.839226906E0,-1.000000000E0
4.853868353E1,2.998681300E1,3.144140488E1,3.056473638E2,3.226727672E2,0.000000000E0,NaN,3.267211916E-2,5.062656318E0,2.862524766E0,-1.000000000E0
4.953867936E1,2.998681300E1,3.144140488E1,3.056473638E2,3.226727672E2,0.000000000E0,NaN,3.267211916E-2,5.048760938E0,2.886962075E0,-1.000000000E0
5.053867602E1,2.998681300E1,3.144140488E1,3.056473638E2,3.226727672E2,0.000000000E0,NaN,3.267211916E-2,5.035715150E0,2.909658049E0,-1.000000000E0
5.153867245E1,2.998681300E1,3.144140488E1,3.056473638E2,3.226727672E2,0.000000000E0,NaN,3.267211916E-2,5.017112379E0,2.941618671E0,-1.000000000E0
5.253866899E1,2.998681300E1,3.144140488E1,3.056473638E2,3.226727672E2,0.000000000E0,NaN,3.267211916E-2,4.990843637E0,2.985969998E0,-1.000000000E0
5.353866541E1,2.998681300E1,3.144140488E1,3.056473638E2,3.226727672E2,0.000000000E0,NaN,5.103463934E-2,4.967787315E0,3.024173644E0,-1.000000000E0
5.453866220E1,2.998696266E1,3.144132429E1,3.070243783E2,3.240494609E2,0.000000000E0,NaN,5.103463934E-2,4.946750617E0,3.058462909E0,-1.000000000E0
5.553865898E1,2.998696266E1,3.144132429E1,3.070243783E2,3.240494609E2,0.000000000E0,NaN,5.103463934E-2,4.929959299E0,3.085455937E0,-1.000000000E0
5.653865492E1,2.998696266E1,3.144132429E1,3.070243783E2,3.240494609E2,0.000000000E0,NaN,5.103463934E-2,4.911885145E0,3.114148576E0,-1.000000000E0
5.753865135E1,2.998696266E1,3.144132429E1,3.070243783E2,3.240494609E2,0.000000000E0,NaN,5.103463934E-2,4.896266968E0,3.138647290E0,-1.000000000E0
5.853864849E1,2.998696266E1,3.144132429E1,3.070243783E2,3.240494609E2,0.000000000E0,NaN,5.103463934E-2,4.883562860E0,3.158377878E0,-1.000000000E0
5.953864491E1,2.998696266E1,3.144132429E1,3.070243783E2,3.240494609E2,0.000000000E0,NaN,5.103463934E-2,4.873945582E0,3.173198938E0,-1.000000000E0
6.053864098E1,2.998696266E1,3.144132429E1,3.070243783E2,3.240494609E2,0.000000000E0,3.274371964E2,5.667625454E-2,4.865874947E0,3.185560866E0,-1.000000000E0
6.153863800E1,2.998700595E1,3.144135484E1,3.078084172E2,3.248334345E2,0.000000000E0,NaN,5.667625454E-2,4.868721787E0,3.181208134E0,-1.000000000E0
6.253863358E1,2.998700595E1,3.144135484E1,3.078084172E2,3.248334345E2,0.000000000E0,NaN,5.717198403E-2,4.859777387E0,3.194855361E0,-1.000000000E0
6.353863049E1,2.998701024E1,3.144135624E1,3.078805868E2,3.249055968E2,0.000000000E0,NaN,5.717198403E-2,4.855583972E0,3.201224972E0,-1.000000000E0
6.453862691E1,2.998701024E1,3.144135624E1,3.078805868E2,3.249055968E2,0.000000000E0,NaN,5.717198403E-2,4.851594659E0,3.207267732E0,-1.000000000E0
6.553862321E1,2.998701024E1,3.144135624E1,3.078805868E2,3.249055968E2,0.000000000E0,NaN,5.717198403E-2,4.848341155E0,3.212183848E0,-1.000000000E0
6.653861964E1,2.998701024E1,3.144135624E1,3.078805868E2,3.249055968E2,0.000000000E0,NaN,5.717198403E-2,4.846730111E0,3.214614171E0,-1.000000000E0
6.753861642E1,2.998701024E1,3.144135624E1,3.078805868E2,3.249055968E2,0.000000000E0,NaN,5.717198403E-2,4.844915397E0,3.217348572E0,-1.000000000E0
6.853861272E1,2.998701024E1,3.144135624E1,3.078805868E2,3.249055968E2,0.000000000E0,NaN,5.717198403E-2,4.843811496E0,3.219010287E0,-1.000000000E0
6.953860939E1,2.998701024E1,3.144135624E1,3.078805868E2,3.249055968E2,0.000000000E0,NaN,5.717198403E-2,4.841477755E0,3.222519229E0,-1.000000000E0
7.053860545E1,2.998701024E1,3.144135624E1,3.078805868E2,3.249055968E2,0.000000000E0,NaN,5.717198403E-2,4.840238832E0,3.224379797E0,-1.000000000E0
7.153860283E1,2.998701024E1,3.144135624E1,3.078805868E2,3.249055968E2,0.000000000E0,NaN,5.717198403E-2,4.838252983E0,3.227358844E0,-1.000000000E0
7.253859842E1,2.998701024E1,3.144135624E1,3.078805868E2,3.249055968E2,0.000000000E0,NaN,5.717198403E-2,4.834314993E0,3.233254642E0,-1.000000000E0
7.353859508E1,2.998701024E1,3.144135624E1,3.078805868E2,3.249055968E2,0.000000000E0,NaN,5.717198403E-2,4.832092622E0,3.236575030E0,-1.000000000E0
7.453859210E1,2.998701024E1,3.144135624E1,3.078805868E2,3.249055968E2,0.000000000E0,NaN,5.717198403E-2,4.829513419E0,3.240422375E0,-1.000000000E0
7.553858829E1,2.998701024E1,3.144135624E1,3.078805868E2,3.249055968E2,0.000000000E0,NaN,5.717198403E-2,4.826456500E0,3.244973757E0,-1.000000000E0
7.653858447E1,2.998701024E1,3.144135624E1,3.078805868E2,3.249055968E2,0.000000000E0,NaN,5.717198403E-2,4.825330916E0,3.246647283E0,-1.000000000E0
7.753858125E1,2.998701024E1,3.144135624E1,3.078805868E2,3.249055968E2,0.000000000E0,NaN,5.717198403E-2,4.824765224E0,3.247487886E0,-1.000000000E0
7.853857744E1,2.998701024E1,3.144135624E1,3.078805868E2,3.249055968E2,0.000000000E0,NaN,5.717198403E-2,4.824358089E0,3.248092680E0,-1.000000000E0
7.953857398E1,2.998701024E1,3.144135624E1,3.078805868E2,3.249055968E2,0.000000000E0,NaN,5.717198403E-2,4.820634283E0,3.253616779E0,-1.000000000E0
8.053857088E1,2.998701024E1,3.144135624E1,3.078805868E2,3.249055968E2,0.000000000E0,NaN,5.717198403E-2,4.820436448E0,3.253909876E0,-1.000000000E0
8.153856754E1,2.998701024E1,3.144135624E1,3.078805868E2,3.249055968E2,0.000000000E0,NaN,5.717198403E-2,4.820380214E0,3.253993181E0,-1.000000000E0
8.253856325E1,2.998701024E1,3.144135624E1,3.078805868E2,3.249055968E2,0.000000000E0,NaN,5.717198403E-2,4.821050993E0,3.252999287E0,-1.000000000E0
8.353856003E1,2.998701024E1,3.144135624E1,3.078805868E2,3.249055968E2,0.000000000E0,NaN,5.717198403E-2,4.821066861E0,3.252975769E0,-1.000000000E0
8.453855681E1,2.998701024E1,3.144135624E1,3.078805868E2,3.249055968E2,0.000000000E0,NaN,5.717198403E-2,4.821787678E0,3.251907228E0,-1.000000000E0
8.553855360E1,2.998701024E1,3.144135624E1,3.078805868E2,3.249055968E2,0.000000000E0,NaN,5.717198403E-2,4.821736469E0,3.251983157E0,-1.000000000E0
8.653854930E1,2.998701024E1,3.144135624E1,3.078805868E2,3.249055968E2,0.000000000E0,NaN,6.031348368E-2,4.822429636E0,3.250955158E0,-1.000000000E0
8.753854644E1,2.998703828E1,3.144136020E1,3.076109530E2,3.246359126E2,4.469126166E-2,NaN,6.050026741E-2,4.823459614E0,3.249426778E0,-1.000000000E0
8.853854263E1,2.998703670E1,3.144135955E1,3.076219046E2,3.246468668E2,8.598993289E-2,NaN,6.130084532E-2,4.825953107E0,3.245722360E0,-1.000000000E0
8.953853917E1,2.998703017E1,3.144135605E1,3.076275234E2,3.246524961E2,1.459669468E-1,NaN,6.208057396E-2,4.838550765E0,3.226912383E0,-1.000000000E0
9.053853536E1,2.998702327E1,3.144135751E1,3.076197912E2,3.246447775E2,3.044288225E-1,NaN,6.226099675E-2,4.849642378E0,3.210218970E0,-1.000000000E0
9.153853166E1,2.998702169E1,3.144135712E1,3.076015329E2,3.246265219E2,4.495410612E-1,NaN,6.229093091E-2,4.858561875E0,3.196703543E0,-1.000000000E0
9.253852832E1,2.998702142E1,3.144135715E1,3.075266027E2,3.245515922E2,3.917615912E-1,NaN,6.407308308E-2,4.868408857E0,3.181687011E0,-1.000000000E0
9.353852534E1,2.998703064E1,3.144134201E1,3.071781717E2,3.242031363E2,1.044768033E0,2.531520589E2,6.415364494E-2,4.877381512E0,3.167915185E0,-1.000000000E0
9.453852141E1,2.998702996E1,3.144134229E1,3.070067887E2,3.240317547E2,9.441731521E-1,2.010286033E2,6.443072313E-2,4.880597112E0,3.162958878E0,-1.000000000E0
9.553851843E1,2.998702972E1,3.144133942E1,3.067406376E2,3.237656026E2,1.047991544E0,2.032966837E2,6.480402205E-2,4.880901485E0,3.162489166E0,-1.000000000E0
9.653851402E1,2.998703135E1,3.144134281E1,3.062563654E2,3.232813291E2,7.325216715E-1,1.797126574E2,6.583681165E-2,4.882805921E0,3.159547970E0,-1.000000000E0
9.753851068E1,2.998702421E1,3.144133595E1,3.062073151E2,3.232322886E2,1.081801338E0,2.052251634E2,6.628859584E-2,4.887672621E0,3.152014178E0,-1.000000000E0
9.853850782E1,2.998702015E1,3.144133580E1,3.060697479E2,3.230947289E2,1.022513094E0,2.031363032E2,6.818862856E-2,4.893901098E0,3.142334973E0,-1.000000000E0
9.953850436E1,2.998700626E1,3.144134729E1,3.060561692E2,3.230811820E2,1.529272621E0,1.783872464E2,6.991214525E-2,4.896081479E0,3.138936633E0,-1.000000000E0
1.005385001E2,2.998699077E1,3.144134676E1,3.060709174E2,3.230959589E2,1.644023030E0,1.877094807E2,7.185441066E-2,4.902571292E0,3.128790782E0,-1.000000000E0
1.015384966E2,2.998697465E1,3.144135453E1,3.061804950E2,3.232055706E2,1.550480341E0,1.667010825E2,7.555546753E-2,4.924927055E0,3.093481944E0,-1.000000000E0
1.025384939E2,2.998694151E1,3.144135812E1,3.060470019E2,3.230721412E2,2.496743822E0,1.767786612E2,7.879949770E-2,4.938100373E0,3.072409762E0,-1.000000000E0
1.035384898E2,2.998692328E1,3.144138442E1,3.058333911E2,3.228585780E2,2.235633377E0,1.496344564E2,8.137748524E-2,4.947009314E0,3.058044453E0,-1.000000000E0
1.045384865E2,2.998690971E1,3.144140612E1,3.057655430E2,3.227907664E2,2.118975273E0,1.389360780E2,8.309489827E-2,4.952838562E0,3.048594302E0,-1.000000000E0
1.055384831E2,2.998690642E1,3.144142354E1,3.054062058E2,3.224314442E2,1.552056886E0,1.056057296E2,8.669168376E-2,4.956314040E0,3.042940712E0,-1.000000000E0
1.065384792E2,2.998689850E1,3.144145975E1,3.055325337E2,3.225578054E2,2.317789105E0,1.048017906E2,8.924639792E-2,4.962756454E0,3.032422367E0,-1.000000000E0
1.075384758E2,2.998688190E1,3.144147809E1,3.055260129E2,3.225513250E2,2.151928996E0,1.269775366E2,9.238691943E-2,4.975905971E0,3.010796705E0,-1.000000000E0
1.085384725E2,2.998686296E1,3.144150228E1,3.057127425E2,3.227381024E2,2.335968744E0,1.328860117E2,9.601114787E-2,4.973167207E0,3.015318385E0,-1.000000000E0
1.095384690E2,2.998684965E1,3.144153663E1,3.059387469E2,3.229641492E2,2.593653689E0,1.207667825E2,9.874537179E-2,4.978101167E0,3.007165742E0,-1.000000000E0
1.105384651E2,2.998683739E1,3.144156124E1,3.058360562E2,3.228614940E2,2.389094602E0,1.160925396E2,1.018242159E-1,4.979989314E0,3.004037859E0,-1.000000000E0
1.115384618E2,2.998683444E1,3.144159303E1,3.056633122E2,3.226887717E2,2.831967181E0,1.049086795E2,1.050551202E-1,4.899181610E0,3.134095817E0,-1.000000000E0
1.125384578E2,2.998682857E1,3.144162588E1,3.055831788E2,3.226086661E2,2.955832269E0,1.010125690E2,1.080723872E-1,4.928484712E0,3.087810791E0,-1.000000000E0
1.135384548E2,2.998682125E1,3.144165605E1,3.057250741E2,3.227505905E2,2.782239868E0,1.021436125E2,1.110895059E-1,4.934033528E0,3.078936534E0,-1.000000000E0
1.145384513E2,2.998681240E1,3.144168566E1,3.056409345E2,3.226664826E2,2.800704620E0,1.048349529E2,1.144666138E-1,4.941637172E0,3.066717968E0,-1.000000000E0
1.155384482E2,2.998681957E1,3.144171974E1,3.054195354E2,3.224450876E2,2.781697033E0,9.541309596E1,1.177264489E-1,4.923966917E0,3.095009989E0,-1.000000000E0
1.165384445E2,2.998682435E1,3.144175313E1,3.053341978E2,3.223597581E2,2.825435562E0,9.114008552E1,1.210682273E-1,4.919732657E0,3.101736226E0,-1.000000000E0
1.175384409E2,2.998683131E1,3.144178689E1,3.052337387E2,3.222593032E2,2.876648279E0,8.769253418E1,1.243220534E-1,4.922299610E0,3.097660985E0,-1.000000000E0
1.185384370E2,2.998682858E1,3.144182053E1,3.047156619E2,3.217412487E2,2.970832879E0,8.873545003E1,1.275179409E-1,4.907279332E0,3.121401383E0,-1.000000000E0
1.195384331E2,2.998682584E1,3.144185356E1,3.048406002E2,3.218662091E2,2.909907978E0,8.971466186E1,1.305937565E-1,4.899755831E0,3.133198020E0,-1.000000000E0
1.205384307E2,2.998682263E1,3.144188528E1,3.047285886E2,3.217542196E2,2.915309498E0,9.133450997E1,1.347321240E-1,4.890487375E0,3.147645194E0,-1.000000000E0
1.215384265E2,2.998683569E1,3.144192552E1,3.049318526E2,3.219574798E2,3.119448878E0,8.948779099E1,1.381698688E-1,4.870894665E0,3.177880142E0,-1.000000000E0
1.225384228E2,2.998683688E1,3.144196118E1,3.048684196E2,3.218940629E2,3.146284746E0,9.106137129E1,1.423306132E-1,4.865766344E0,3.185726748E0,-1.000000000E0
1.235384194E2,2.998684625E1,3.144200301E1,3.051059194E2,3.221315666E2,3.294425370E0,8.702695703E1,1.463289833E-1,4.846492035E0,3.214973093E0,-1.000000000E0
1.245384164E2,2.998684710E1,3.144204451E1,3.052957672E2,3.223214340E2,3.476064550E0,8.845795146E1,1.503103941E-1,4.838041689E0,3.227675580E0,-1.000000000E0
1.255384129E2,2.998684362E1,3.144208566E1,3.052327855E2,3.222584798E2,3.397428480E0,9.155191565E1,1.534901012E-1,4.832963704E0,3.235274156E0,-1.000000000E0
1.265384095E2,2.998683966E1,3.144211835E1,3.052152834E2,3.222410019E2,3.180058286E0,9.401363284E1,1.561365509E-1,4.820519474E0,3.253786876E0,-1.000000000E0
1.275384060E2,2.998682961E1,3.144214327E1,3.049804857E2,3.220062356E2,2.800407477E0,1.018153948E2,1.604405371E-1,4.820765976E0,3.253421651E0,-1.000000000E0
1.285384021E2,2.998681387E1,3.144218409E1,3.047782715E2,3.218040717E2,3.306174155E0,1.113240952E2,1.616741894E-1,4.814603233E0,3.262534711E0,-1.000000000E0
1.295383987E2,2.998681728E1,3.144219628E1,3.047263723E2,3.217521724E2,2.295523469E0,1.093444964E2,1.644093352E-1,4.811279550E0,3.267434180E0,-1.000000000E0
1.305383948E2,2.998680485E1,3.144222079E1,3.042831110E2,3.213089469E2,2.372567976E0,1.185064090E2,1.674967229E-1,4.791294082E0,3.296670752E0,-1.000000000E0
1.315383914E2,2.998678731E1,3.144224564E1,3.044639416E2,3.214898229E2,2.604337349E0,1.264429980E2,1.707406256E-1,4.793687947E0,3.293188865E0,-1.000000000E0
1.325383879E2,2.998676634E1,3.144226906E1,3.043805640E2,3.214064965E2,2.965623790E0,1.309873625E2,1.735121810E-1,4.797215883E0,3.288047567E0,-1.000000000E0
1.335383849E2,2.998675503E1,3.144229470E1,3.041268903E2,3.211528570E2,2.892146141E0,1.239446005E2,1.758547762E-1,4.803967759E0,3.278174919E0,-1.000000000E0
1.345383807E2,2.998674856E1,3.144231785E1,3.043117586E2,3.213377492E2,2.472590112E0,1.145170711E2,1.784304720E-1,4.806206836E0,3.274891279E0,-1.000000000E0
1.355383775E2,2.998674152E1,3.144234333E1,3.045723326E2,3.215983494E2,2.334305038E0,1.110693133E2,1.804163042E-1,4.797310849E0,3.287909008E0,-1.000000000E0
1.365383743E2,2.998673690E1,3.144236324E1,3.043937513E2,3.214197870E2,1.989067571E0,1.106222753E2,1.814914838E-1,4.791892807E0,3.295800412E0,-1.000000000E0
1.375383706E2,2.998673711E1,3.144237441E1,3.045665194E2,3.215925604E2,1.309936020E0,1.046761111E2,1.831194177E-1,4.792876206E0,3.294370153E0,-1.000000000E0
1.385383669E2,2.998674099E1,3.144239071E1,3.046306331E2,3.216566751E2,1.259440085E0,8.974058483E1,1.840211043E-1,4.794509269E0,3.291992999E0,-1.000000000E0
1.395383635E2,2.998674239E1,3.144239993E1,3.041673758E2,3.211934200E2,1.049362213E0,8.709744136E1,1.856416604E-1,4.798027564E0,3.286863022E0,-1.000000000E0
1.405380207E2,2.998674366E1,3.144241669E1,3.042668249E2,3.212928753E2,1.183808204E0,8.484702372E1,1.880571964E-1,4.800723208E0,3.282924567E0,-1.000000000E0
1.415376430E2,2.998674969E1,3.144244078E1,3.042642903E2,3.212903417E2,1.675541483E0,7.851598573E1,1.909383252E-1,4.799067231E0,3.285344844E0,-1.000000000E0
1.425376396E2,2.998675956E1,3.144246844E1,3.040759945E2,3.211020416E2,2.197656213E0,7.280100070E1,1.941455624E-1,4.807402156E0,3.273136347E0,-1.000000000E0
1.435380232E2,2.998676974E1,3.144249960E1,3.044178257E2,3.214438697E2,2.538464312E0,6.953285173E1,1.973544096E-1,4.809028100E0,3.270746974E0,-1.000000000E0
1.445381422E2,2.998678472E1,3.144252808E1,3.045748325E2,3.216008632E2,2.670517231E0,6.255863189E1,1.997103837E-1,4.800910760E0,3.282650287E0,-1.000000000E0
1.455381390E2,2.998680040E1,3.144254453E1,3.042715799E2,3.212975896E2,2.461335906E0,5.358211361E1,2.025851541E-1,4.801096488E0,3.282378641E0,-1.000000000E0
1.465382370E2,2.998681260E1,3.144257085E1,3.041956968E2,3.212216972E2,2.601654428E0,5.644859914E1,2.049308754E-1,4.801049418E0,3.282447489E0,-1.000000000E0
1.475378972E2,2.998682606E1,3.144258960E1,3.041131246E2,3.211391094E2,2.465479104E0,5.371469855E1,2.069988318E-1,4.800196548E0,3.283694585E0,-1.000000000E0
1.485378933E2,2.998683930E1,3.144260468E1,3.044096311E2,3.214355989E2,2.275041163E0,5.122493901E1,2.089118855E-1,4.800440033E0,3.283338625E0,-1.000000000E0
1.495375143E2,2.998685193E1,3.144261817E1,3.043635277E2,3.213894788E2,2.000785187E0,4.849569110E1,2.094642657E-1,4.803651744E0,3.278637972E0,-1.000000000E0
1.505383346E2,2.998685683E1,3.144261914E1,3.042328039E2,3.212587464E2,1.142140066E0,4.276845873E1,2.099469022E-1,4.804283557E0,3.277712089E0,-1.000000000E0
1.515383314E2,2.998685937E1,3.144262321E1,3.040715635E2,3.210975034E2,8.758116095E-1,4.621819602E1,2.107801258E-1,4.808448775E0,3.271598601E0,-1.000000000E0
1.525381081E2,2.998686405E1,3.144262996E1,3.042837966E2,3.213097311E2,7.384148294E-1,4.403422862E1,2.115241283E-1,4.808819552E0,3.271053583E0,-1.000000000E0
1.535375373E2,2.998686948E1,3.144263447E1,3.044669232E2,3.214928499E2,6.867383618E-1,4.164229137E1,2.120530039E-1,4.812962554E0,3.264954591E0,-1.000000000E0
1.545375339E2,2.998687281E1,3.144263840E1,3.045230691E2,3.215489916E2,6.380768078E-1,4.166666735E1,2.128538691E-1,4.823207348E0,3.249801211E0,-1.000000000E0
1.555375310E2,2.998687847E1,3.144264353E1,3.043566752E2,3.213825897E2,7.203808228E-1,4.001112726E1,2.139440590E-1,4.824618021E0,3.247706573E0,-1.000000000E0
1.565375267E2,2.998688568E1,3.144265121E1,3.042473581E2,3.212732631E2,9.254207671E-1,3.744819042E1,2.156446024E-1,4.809750239E0,3.269684950E0,-1.000000000E0
1.575375234E2,2.998689975E1,3.144265811E1,3.046826146E2,3.217084968E2,1.283377228E0,2.948293236E1,2.171507493E-1,4.806425249E0,3.274570713E0,-1.000000000E0
1.585375199E2,2.998691329E1,3.144265772E1,3.048173596E2,3.218432163E2,1.326252848E0,1.336392490E1,2.192765606E-1,4.807274421E0,3.273323949E0,-1.000000000E0
1.595375160E2,2.998693056E1,3.144264823E1,3.048071869E2,3.218330066E2,1.519430323E0,3.509842094E2,2.208711503E-1,4.803529236E0,3.278817457E0,-1.000000000E0
1.605375127E2,2.998694324E1,3.144264051E1,3.048802121E2,3.219060041E2,1.482291658E0,3.396078184E2,2.221057544E-1,4.802822068E0,3.279853230E0,-1.000000000E0
1.615375096E2,2.998695412E1,3.144263792E1,3.044602348E2,3.214860051E2,1.070001557E0,3.347194029E2,2.223464845E-1,4.798940082E0,3.285530570E0,-1.000000000E0
1.625375054E2,2.998695610E1,3.144263892E1,3.047364176E2,3.217621848E2,0.000000000E0,3.266144944E2,2.228320579E-1,4.795259138E0,3.290900611E0,-1.000000000E0
1.635375028E2,2.998695965E1,3.144264186E1,3.048103908E2,3.218361528E2,8.248724859E-2,3.224554682E2,2.228774985E-1,4.786454713E0,3.303693132E0,-1.000000000E0
1.645374984E2,2.998695926E1,3.144264201E1,3.048078495E2,3.218336124E2,0.000000000E0,3.224554683E2,2.228774985E-1,4.785001044E0,3.305798246E0,-1.000000000E0
1.655374955E2,2.998695926E1,3.144264201E1,3.048078495E2,3.218336124E2,0.000000000E0,3.224554683E2,2.228774985E-1,4.783320417E0,3.308229559E0,-1.000000000E0
1.665374914E2,2.998695926E1,3.144264201E1,3.048078495E2,3.218336124E2,0.000000000E0,3.224554683E2,2.228774985E-1,4.781261718E0,3.311204224E0,-1.000000000E0
1.675374888E2,2.998695926E1,3.144264201E1,3.048078495E2,3.218336124E2,0.000000000E0,3.224554683E2,2.228774985E-1,4.778055794E0,3.315828684E0,-1.000000000E0
1.685374846E2,2.998695926E1,3.144264201E1,3.048078495E2,3.218336124E2,0.000000000E0,3.224554683E2,2.228774985E-1,4.775177396E0,3.319972570E0,-1.000000000E0
1.695374811E2,2.998695926E1,3.144264201E1,3.048078495E2,3.218336124E2,0.000000000E0,3.224554683E2,2.228774985E-1,4.773967775E0,3.321711715E0,-1.000000000E0
1.705374777E2,2.998695926E1,3.144264201E1,3.048078495E2,3.218336124E2,0.000000000E0,3.224554683E2,2.228774985E-1,4.772097769E0,3.324397678E0,-1.000000000E0
1.715374746E2,2.998695926E1,3.144264201E1,3.048078495E2,3.218336124E2,0.000000000E0,3.224554683E2,2.228774985E-1,4.770987198E0,3.325991309E0,-1.000000000E0
1.725374709E2,2.998695926E1,3.144264201E1,3.048078495E2,3.218336124E2,0.000000000E0,3.224554683E2,2.228774985E-1,4.771374608E0,3.325435518E0,-1.000000000E0
1.735374674E2,2.998695926E1,3.144264201E1,3.048078495E2,3.218336124E2,0.000000000E0,3.224554683E2,2.228774985E-1,4.771553450E0,3.325178898E0,-1.000000000E0
1.745374633E2,2.998695926E1,3.144264201E1,3.048078495E2,3.218336124E2,0.000000000E0,3.224554683E2,2.228774985E-1,4.772173380E0,3.324289136E0,-1.000000000E0
1.755374603E2,2.998695926E1,3.144264201E1,3.048078495E2,3.218336124E2,0.000000000E0,3.224554683E2,2.228774985E-1,4.772859739E0,3.323303620E0,-1.000000000E0
1.765374564E2,2.998695926E1,3.144264201E1,3.048078495E2,3.218336124E2,0.000000000E0,3.224554683E2,2.228774985E-1,4.772107176E0,3.324384174E0,-1.000000000E0
1.775374537E2,2.998695926E1,3.144264201E1,3.048078495E2,3.218336124E2,0.000000000E0,3.224554683E2,2.228774985E-1,4.770670367E0,3.326445743E0,-1.000000000E0
1.785374495E2,2.998695926E1,3.144264201E1,3.048078495E2,3.218336124E2,0.000000000E0,3.224554683E2,2.228774985E-1,4.770129287E0,3.327221606E0,-1.000000000E0
1.795374457E2,2.998695926E1,3.144264201E1,3.048078495E2,3.218336124E2,0.000000000E0,3.224554683E2,2.228774985E-1,4.771235980E0,3.325634414E0,-1.000000000E0
1.805374421E2,2.998695926E1,3.144264201E1,3.048078495E2,3.218336124E2,0.000000000E0,3.224554683E2,2.228774985E-1,4.771152424E0,3.325754287E0,-1.000000000E0
1.815374395E2,2.998695926E1,3.144264201E1,3.048078495E2,3.218336124E2,0.000000000E0,3.224554683E2,2.228774985E-1,4.770359964E0,3.326890867E0,-1.000000000E0
1.825374354E2,2.998695926E1,3.144264201E1,3.048078495E2,3.218336124E2,0.000000000E0,3.224554683E2,2.228774985E-1,4.763306607E0,3.336981750E0,-1.000000000E0
1.835374317E2,2.998695926E1,3.144264201E1,3.048078495E2,3.218336124E2,0.000000000E0,3.224554683E2,2.228774985E-1,4.764273400E0,3.335601295E0,-1.000000000E0
1.845374289E2,2.998695926E1,3.144264201E1,3.048078495E2,3.218336124E2,0.000000000E0,3.224554683E2,2.228774985E-1,4.765130017E0,3.334377447E0,-1.000000000E0
1.855374248E2,2.998695926E1,3.144264201E1,3.048078495E2,3.218336124E2,0.000000000E0,3.224554683E2,2.228774985E-1,4.764884954E0,3.334727636E0,-1.000000000E0
1.865374219E2,2.998695926E1,3.144264201E1,3.048078495E2,3.218336124E2,0.000000000E0,3.224554683E2,2.228774985E-1,4.765076020E0,3.334454611E0,-1.000000000E0
1.875374177E2,2.998695926E1,3.144264201E1,3.048078495E2,3.218336124E2,0.000000000E0,3.224554683E2,2.228774985E-1,4.765203266E0,3.334272765E0,-1.000000000E0
1.885374141E2,2.998695926E1,3.144264201E1,3.048078495E2,3.218336124E2,0.000000000E0,3.224554683E2,2.228774985E-1,4.764544769E0,3.335213663E0,-1.000000000E0
1.895374106E2,2.998695926E1,3.144264201E1,3.048078495E2,3.218336124E2,0.000000000E0,3.224554683E2,2.228774985E-1,4.765943669E0,3.333214361E0,-1.000000000E0
1.905374075E2,2.998695926E1,3.144264201E1,3.048078495E2,3.218336124E2,0.000000000E0,3.224554683E2,2.228774985E-1,4.764546831E0,3.335210717E0,-1.000000000E0
1.915374042E2,2.998695926E1,3.144264201E1,3.048078495E2,3.218336124E2,0.000000000E0,3.224554683E2,2.228774985E-1,4.764230480E0,3.335662598E0,-1.000000000E0
1.925374007E2,2.998695926E1,3.144264201E1,3.048078495E2,3.218336124E2,0.000000000E0,3.224554683E2,2.228774985E-1,4.761931211E0,3.338944171E0,-1.000000000E0
1.935373971E2,2.998695926E1,3.144264201E1,3.048078495E2,3.218336124E2,0.000000000E0,3.224554683E2,2.228774985E-1,4.763486928E0,3.336724340E0,-1.000000000E0
1.945373931E2,2.998695926E1,3.144264201E1,3.048078495E2,3.218336124E2,0.000000000E0,3.224554683E2,2.228774985E-1,4.764659251E0,3.335050112E0,-1.000000000E0
1.955373898E2,2.998695926E1,3.144264201E1,3.048078495E2,3.218336124E2,0.000000000E0,3.224554683E2,2.228774985E-1,4.762629541E0,3.337948006E0,-1.000000000E0
1.965373864E2,2.998695926E1,3.144264201E1,3.048078495E2,3.218336124E2,0.000000000E0,3.224554683E2,2.228774985E-1,4.763323434E0,3.336957730E0,-1.000000000E0
1.975373833E2,2.998695926E1,3.144264201E1,3.048078495E2,3.218336124E2,0.000000000E0,3.224554683E2,2.228774985E-1,4.762475312E0,3.338168050E0,-1.000000000E0
1.985373790E2,2.998695926E1,3.144264201E1,3.048078495E2,3.218336124E2,0.000000000E0,3.224554683E2,2.228774985E-1,4.762848562E0,3.337635482E0,-1.000000000E0
1.995373762E2,2.998695926E1,3.144264201E1,3.048078495E2,3.218336124E2,0.000000000E0,3.224554683E2,2.228774985E-1,4.762478421E0,3.338163615E0,-1.000000000E0
2.005373724E2,2.998695926E1,3.144264201E1,3.048078495E2,3.218336124E2,0.000000000E0,3.224554683E2,2.228774985E-1,4.762532676E0,3.338086210E0,-1.000000000E0
2.015373684E2,2.998695926E1,3.144264201E1,3.048078495E2,3.218336124E2,0.000000000E0,3.224554683E2,2.228774985E-1,4.762067972E0,3.338749116E0,-1.000000000E0
2.025373656E2,2.998695926E1,3.144264201E1,3.048078495E2,3.218336124E2,0.000000000E0,3.224554683E2,2.228774985E-1,4.761669564E0,3.339317295E0,-1.000000000E0
2.035373620E2,2.998695926E1,3.144264201E1,3.048078495E2,3.218336124E2,0.000000000E0,3.224554683E2,2.228774985E-1,4.761948819E0,3.338919058E0,-1.000000000E0
2.045373583E2,2.998695926E1,3.144264201E1,3.048078495E2,3.218336124E2,0.000000000E0,3.224554683E2,2.228774985E-1,4.762730663E0,3.337803719E0,-1.000000000E0
2.055373547E2,2.998695926E1,3.144264201E1,3.048078495E2,3.218336124E2,0.000000000E0,3.224554683E2,2.228774985E-1,4.762416250E0,3.338252312E0,-1.000000000E0
2.065373509E2,2.998695926E1,3.144264201E1,3.048078495E2,3.218336124E2,0.000000000E0,3.224554683E2,2.228774985E-1,4.761441417E0,3.339642595E0,-1.000000000E0
2.075373482E2,2.998695926E1,3.144264201E1,3.048078495E2,3.218336124E2,0.000000000E0,3.224554683E2,2.228774985E-1,4.756505132E0,3.346669384E0,-1.000000000E0
2.085373445E2,2.998695926E1,3.144264201E1,3.048078495E2,3.218336124E2,0.000000000E0,3.224554683E2,2.228774985E-1,4.753632793E0,3.350748021E0,-1.000000000E0
2.095373410E2,2.998695926E1,3.144264201E1,3.048078495E2,3.218336124E2,0.000000000E0,3.224554683E2,2.228774985E-1,4.754948707E0,3.348880383E0,-1.000000000E0
2.105373375E2,2.998695926E1,3.144264201E1,3.048078495E2,3.218336124E2,0.000000000E0,3.224554683E2,2.228774985E-1,4.755221739E0,3.348492682E0,-1.000000000E0
2.115373331E2,2.998695926E1,3.144264201E1,3.048078495E2,3.218336124E2,0.000000000E0,3.224554683E2,2.228774985E-1,4.755634592E0,3.347906310E0,-1.000000000E0
2.125373298E2,2.998695926E1,3.144264201E1,3.048078495E2,3.218336124E2,0.000000000E0,3.224554683E2,2.228774985E-1,4.756179656E0,3.347131923E0,-1.000000000E0
2.135373272E2,2.998695926E1,3.144264201E1,3.048078495E2,3.218336124E2,0.000000000E0,3.224554683E2,2.228774985E-1,4.756044878E0,3.347323431E0,-1.000000000E0
2.145373231E2,2.998695926E1,3.144264201E1,3.048078495E2,3.218336124E2,0.000000000E0,3.224554683E2,2.228774985E-1,4.755943526E0,3.347467432E0,-1.000000000E0
2.155373193E2,2.998695926E1,3.144264201E1,3.048078495E2,3.218336124E2,0.000000000E0,3.224554683E2,2.228774985E-1,4.757341353E0,3.345480575E0,-1.000000000E0
2.165373156E2,2.998695926E1,3.144264201E1,3.048078495E2,3.218336124E2,0.000000000E0,3.224554683E2,2.228774985E-1,4.757452832E0,3.345322045E0,-1.000000000E0
2.175373122E2,2.998695926E1,3.144264201E1,3.048078495E2,3.218336124E2,0.000000000E0,3.224554683E2,2.228774985E-1,4.759232429E0,3.342789810E0,-1.000000000E0
2.185373092E2,2.998695926E1,3.144264201E1,3.048078495E2,3.218336124E2,0.000000000E0,3.224554683E2,2.228774985E-1,4.759685944E0,3.342144035E0,-1.000000000E0
2.195373056E2,2.998695926E1,3.144264201E1,3.048078495E2,3.218336124E2,0.000000000E0,3.224554683E2,2.228774985E-1,4.760037287E0,3.341643616E0,-1.000000000E0
2.205373023E2,2.998695926E1,3.144264201E1,3.048078495E2,3.218336124E2,0.000000000E0,3.224554683E2,2.228774985E-1,4.759750647E0,3.342051886E0,-1.000000000E0
2.215372983E2,2.998695926E1,3.144264201E1,3.048078495E2,3.218336124E2,0.000000000E0,3.224554683E2,2.228774985E-1,4.759391240E0,3.342563695E0,-1.000000000E0
2.225372947E2,2.998695926E1,3.144264201E1,3.048078495E2,3.218336124E2,0.000000000E0,3.224554683E2,2.228774985E-1,4.759798510E0,3.341983718E0,-1.000000000E0
2.235372914E2,2.998695926E1,3.144264201E1,3.048078495E2,3.218336124E2,0.000000000E0,3.224554683E2,2.228774985E-1,4.760233405E0,3.341364236E0,-1.000000000E0
2.245372878E2,2.998695926E1,3.144264201E1,3.048078495E2,3.218336124E2,0.000000000E0,3.224554683E2,2.228774985E-1,4.760492095E0,3.340995666E0,-1.000000000E0
2.255372839E2,2.998695926E1,3.144264201E1,3.048078495E2,3.218336124E2,0.000000000E0,3.224554683E2,2.228774985E-1,4.760208009E0,3.341400417E0,-1.000000000E0
2.265372815E2,2.998695926E1,3.144264201E1,3.048078495E2,3.218336124E2,0.000000000E0,3.224554683E2,2.228774985E-1,4.760609889E0,3.340827820E0,-1.000000000E0
2.275372771E2,2.998695926E1,3.144264201E1,3.048078495E2,3.218336124E2,0.000000000E0,3.224554683E2,2.228774985E-1,4.760752044E0,3.340625243E0,-1.000000000E0
2.285372744E2,2.998695926E1,3.144264201E1,3.048078495E2,3.218336124E2,0.000000000E0,3.224554683E2,2.228774985E-1,4.761574695E0,3.339452569E0,-1.000000000E0
2.295372699E2,2.998695926E1,3.144264201E1,3.048078495E2,3.218336124E2,0.000000000E0,3.224554683E2,2.228774985E-1,4.761194552E0,3.339994532E0,-1.000000000E0
2.305372672E2,2.998695926E1,3.144264201E1,3.048078495E2,3.218336124E2,0.000000000E0,3.224554683E2,2.228774985E-1,4.761913614E0,3.338969267E0,-1.000000000E0
2.315372634E2,2.998695926E1,3.144264201E1,3.048078495E2,3.218336124E2,0.000000000E0,3.224554683E2,2.228774985E-1,4.761018348E0,3.340245699E0,-1.000000000E0
2.325372596E2,2.998695926E1,3.144264201E1,3.048078495E2,3.218336124E2,0.000000000E0,3.224554683E2,2.248896967E-1,4.760705171E0,3.340692041E0,-1.000000000E0
2.335372560E2,2.998695238E1,3.144266133E1,3.052870584E2,3.223128440E2,9.118333878E-2,3.224554795E2,2.249884682E-1,4.754085367E0,3.350105873E0,-1.000000000E0
2.345372529E2,2.998695229E1,3.144266031E1,3.052411074E2,3.222668926E2,0.000000000E0,3.224554788E2,2.249884682E-1,4.757855625E0,3.344749152E0,-1.000000000E0
2.355372497E2,2.998695229E1,3.144266031E1,3.052411074E2,3.222668926E2,0.000000000E0,3.224554788E2,2.249884682E-1,4.756350989E0,3.346888451E0,-1.000000000E0
2.365372458E2,2.998695229E1,3.144266031E1,3.052411074E2,3.222668926E2,0.000000000E0,3.224554788E2,2.255013098E-1,4.755438565E0,3.348184746E0,-1.000000000E0
2.375372422E2,2.998694893E1,3.144265666E1,3.051970922E2,3.222228818E2,0.000000000E0,3.224554762E2,2.257704912E-1,4.755206357E0,3.348514526E0,-1.000000000E0
2.385372384E2,2.998694851E1,3.144265390E1,3.051028448E2,3.221286338E2,0.000000000E0,3.224554745E2,2.276040878E-1,4.757503369E0,3.345250173E0,-1.000000000E0
2.395372354E2,2.998696449E1,3.144264920E1,3.053669571E2,3.223927139E2,8.609004486E-1,3.267475660E2,2.298982343E-1,4.759220443E0,3.342806875E0,-1.000000000E0
2.405372312E2,2.998698213E1,3.144263684E1,3.061691893E2,3.231949068E2,1.549914538E0,3.266487092E2,2.325184591E-1,4.756282018E0,3.346986466E0,-1.000000000E0
2.415372277E2,2.998700248E1,3.144262313E1,3.063289933E2,3.233546658E2,2.059043803E0,3.272095908E2,2.357206249E-1,4.755723016E0,3.347780702E0,-1.000000000E0
2.425372251E2,2.998702694E1,3.144260558E1,3.061010669E2,3.231266847E2,2.577427014E0,3.267700197E2,2.386729485E-1,4.753254229E0,3.351285018E0,-1.000000000E0
2.435372213E2,2.998704891E1,3.144258836E1,3.060419457E2,3.230675136E2,2.751239487E0,3.270809550E2,2.415167267E-1,4.752064740E0,3.352971479E0,-1.000000000E0
2.445372177E2,2.998706943E1,3.144257074E1,3.057067133E2,3.227322339E2,2.806643353E0,3.263343136E2,2.446261126E-1,4.752711744E0,3.352054313E0,-1.000000000E0
2.455372143E2,2.998709154E1,3.144255097E1,3.059592695E2,3.229847387E2,2.935662558E0,3.243707598E2,2.476648951E-1,4.753063234E0,3.351555896E0,-1.000000000E0
2.465372101E2,2.998711329E1,3.144253187E1,3.058383399E2,3.228637588E2,3.032656859E0,3.241342925E2,2.508681170E-1,4.752961565E0,3.351700076E0,-1.000000000E0
2.475372070E2,2.998713673E1,3.144251254E1,3.057983380E2,3.228237031E2,3.174645655E0,3.254137722E2,2.541868294E-1,4.752371036E0,3.352537332E0,-1.000000000E0
2.485372039E2,2.998716261E1,3.144249537E1,3.058972007E2,3.229225087E2,3.288498626E0,3.285177464E2,2.572563709E-1,4.752474635E0,3.352390472E0,-1.000000000E0
2.495372001E2,2.998718533E1,3.144247727E1,3.058811462E2,3.229064025E2,3.238181179E0,3.282382682E2,2.600969427E-1,4.753589612E0,3.350809281E0,-1.000000000E0
2.505371965E2,2.998720730E1,3.144246223E1,3.055722854E2,3.225974929E2,3.093262681E0,3.295244644E2,2.632677675E-1,4.755636726E0,3.347903278E0,-1.000000000E0
2.515371923E2,2.998723097E1,3.144244386E1,3.056553603E2,3.226805143E2,3.126652903E0,3.289236916E2,2.666117791E-1,4.755656005E0,3.347875892E0,-1.000000000E0
2.525371892E2,2.998725652E1,3.144242555E1,3.058477013E2,3.228727982E2,3.244264020E0,3.289497987E2,2.701397907E-1,4.755630186E0,3.347912569E0,-1.000000000E0
2.535371860E2,2.998728349E1,3.144240626E1,3.061256804E2,3.231507170E2,3.377082047E0,3.289166658E2,2.735465049E-1,4.756378678E0,3.346849101E0,-1.000000000E0
2.545371828E2,2.998730869E1,3.144238614E1,3.063974023E2,3.234223815E2,3.356314041E0,3.276678592E2,2.767664285E-1,4.755950390E0,3.347457680E0,-1.000000000E0
2.555371791E2,2.998733293E1,3.144236785E1,3.061263004E2,3.231512250E2,3.279815406E0,3.274571252E2,2.800231093E-1,4.758165407E0,3.344308448E0,-1.000000000E0
2.565371752E2,2.998735847E1,3.144235129E1,3.062077779E2,3.232326463E2,3.162110785E0,3.297910866E2,2.831803887E-1,4.755819765E0,3.347643260E0,-1.000000000E0
2.575371720E2,2.998738278E1,3.144233436E1,3.063184266E2,3.233432410E2,3.149802659E0,3.308501335E2,2.866477408E-1,4.755110270E0,3.348650975E0,-1.000000000E0
2.585371683E2,2.998741027E1,3.144231736E1,3.063507459E2,3.233755002E2,3.272579022E0,3.322834317E2,2.901214065E-1,4.754385591E0,3.349679788E0,-1.000000000E0
2.595371650E2,2.998743765E1,3.144229999E1,3.064129841E2,3.234376784E2,3.376652204E0,3.325595732E2,2.935869263E-1,4.746879557E0,3.360308245E0,-1.000000000E0
2.605371609E2,2.998746462E1,3.144228196E1,3.067679619E2,3.237925966E2,3.424657593E0,3.318400064E2,2.969986012E-1,4.746866959E0,3.360326042E0,-1.000000000E0
2.615371575E2,2.998749091E1,3.144226370E1,3.068908940E2,3.239154702E2,3.407257909E0,3.303446256E2,3.003822277E-1,4.747266692E0,3.359761300E0,-1.000000000E0
2.625371542E2,2.998751782E1,3.144224730E1,3.065075521E2,3.235320697E2,3.363941220E0,3.313049139E2,3.039015025E-1,4.750476354E0,3.355221519E0,-1.000000000E0
2.635371511E2,2.998754483E1,3.144222825E1,3.071589221E2,3.241833795E2,3.409792561E0,3.300407998E2,3.071630590E-1,4.751982592E0,3.353087902E0,-1.000000000E0
2.645371474E2,2.998757241E1,3.144221673E1,3.075118964E2,3.245362963E2,3.329629442E0,3.342221069E2,3.104609377E-1,4.754633343E0,3.349328113E0,-1.000000000E0
2.655371433E2,2.998759756E1,3.144219857E1,3.077591092E2,3.247834529E2,3.235068163E0,3.322052346E2,3.129006573E-1,4.752780996E0,3.351956121E0,-1.000000000E0
2.665372871E2,2.998761640E1,3.144218560E1,3.078080334E2,3.248323352E2,2.755570844E0,3.314506683E2,3.142830647E-1,4.751749454E0,3.353418279E0,-1.000000000E0
2.675374941E2,2.998762615E1,3.144217668E1,3.075977570E2,3.246220361E2,1.885652038E0,3.287317149E2,3.147058080E-1,4.749445495E0,3.356680581E0,-1.000000000E0
2.685374900E2,2.998762967E1,3.144217503E1,3.075047022E2,3.245289739E2,1.062490021E0,3.299558650E2,3.150534291E-1,4.748990987E0,3.357323582E0,-1.000000000E0
2.695372728E2,2.998763217E1,3.144217287E1,3.077081196E2,3.247323854E2,5.975216131E-1,3.295645174E2,3.156358405E-1,4.746641634E0,3.360644318E0,-1.000000000E0
2.705371941E2,2.998763672E1,3.144216988E1,3.077942996E2,3.248185554E2,6.369658776E-1,3.307446269E2,3.171221835E-1,4.747437753E0,3.359519580E0,-1.000000000E0
2.715371909E2,2.998764854E1,3.144216266E1,3.077020956E2,3.247263256E2,1.000104238E0,3.344053142E2,3.177762951E-1,4.746929105E0,3.360238251E0,-1.000000000E0
2.725370513E2,2.998765302E1,3.144215825E1,3.078578405E2,3.248820599E2,7.787085021E-1,3.324011562E2,3.194245377E-1,4.750775748E0,3.354797584E0,-1.000000000E0
2.735378593E2,2.998766560E1,3.144214922E1,3.080476506E2,3.250718418E2,1.262074321E0,3.311016702E2,3.224577471E-1,4.749606288E0,3.356453060E0,-1.000000000E0
2.745378554E2,2.998768882E1,3.144213268E1,3.083302227E2,3.253543621E2,2.190140627E0,3.306439044E2,3.257425187E-1,4.748846342E0,3.357528176E0,-1.000000000E0
2.755374864E2,2.998771441E1,3.144211564E1,3.084793130E2,3.255033959E2,2.775357551E0,3.307458412E2,3.290475859E-1,4.753164052E0,3.351412915E0,-1.000000000E0
2.765372425E2,2.998774004E1,3.144209827E1,3.085790412E2,3.256030673E2,2.977402916E0,3.296572690E2,3.325170108E-1,4.757159407E0,3.345739291E0,-1.000000000E0
2.775372392E2,2.998776609E1,3.144207844E1,3.087159089E2,3.257398763E2,3.128168818E0,3.279064882E2,3.360532263E-1,4.757856377E0,3.344748082E0,-1.000000000E0
2.785372795E2,2.998779409E1,3.144206103E1,3.088722597E2,3.258961658E2,3.270572582E0,3.295983034E2,3.392305323E-1,4.759584513E0,3.342288482E0,-1.000000000E0
2.795374360E2,2.998781831E1,3.144204353E1,3.087429170E2,3.257667690E2,3.147506292E0,3.290816240E2,3.427047547E-1,4.759128451E0,3.342937842E0,-1.000000000E0
2.805374323E2,2.998784539E1,3.144202553E1,3.089647976E2,3.259885897E2,3.237531745E0,3.295466835E2,3.463702282E-1,4.756653231E0,3.346458885E0,-1.000000000E0
2.815374291E2,2.998787363E1,3.144200589E1,3.092081576E2,3.262318869E2,3.406268593E0,3.291854635E2,3.497784972E-1,4.757129515E0,3.345781793E0,-1.000000000E0
2.825374249E2,2.998789992E1,3.144198771E1,3.091567181E2,3.261803889E2,3.351113781E0,3.288446465E2,3.528026161E-1,4.761420111E0,3.339672972E0,-1.000000000E0
2.835374221E2,2.998792559E1,3.144197732E1,3.091087509E2,3.261323685E2,3.113387986E0,3.337864258E2,3.564114414E-1,4.770335007E0,3.326926654E0,-1.000000000E0
2.845374182E2,2.998795308E1,3.144195741E1,3.092777667E2,3.263013228E2,3.228551604E0,3.328042679E2,3.600933298E-1,4.761886593E0,3.339007803E0,-1.000000000E0
2.855374144E2,2.998798209E1,3.144193897E1,3.096871676E2,3.267106601E2,3.324494494E0,3.325840306E2,3.637691395E-1,4.758828744E0,3.343364476E0,-1.000000000E0
2.865374107E2,2.998801037E1,3.144191921E1,3.101021473E2,3.271255767E2,3.393482407E0,3.306951492E2,3.671833713E-1,4.755446478E0,3.348173506E0,-1.000000000E0
2.875374074E2,2.998803716E1,3.144190189E1,3.103283318E2,3.273517023E2,3.343700439E0,3.308142570E2,3.707243509E-1,4.754404853E0,3.349652449E0,-1.000000000E0
2.885374045E2,2.998806392E1,3.144188195E1,3.102782317E2,3.273015421E2,3.400949026E0,3.288507969E2,3.742541492E-1,4.755278894E0,3.348411516E0,-1.000000000E0
2.895374002E2,2.998809211E1,3.144186510E1,3.105196983E2,3.275429474E2,3.414763906E0,3.299152345E2,3.777503641E-1,4.754772823E0,3.349130101E0,-1.000000000E0
2.905373975E2,2.998812056E1,3.144184965E1,3.109211260E2,3.279443140E2,3.400602286E0,3.323842852E2,3.811757734E-1,4.755501002E0,3.348096063E0,-1.000000000E0
2.915373942E2,2.998814700E1,3.144183140E1,3.108610633E2,3.278841926E2,3.380188865E0,3.310835040E2,3.846641783E-1,4.759960265E0,3.341753329E0,-1.000000000E0
2.925373902E2,2.998817563E1,3.144181660E1,3.111250427E2,3.281481109E2,3.371589942E0,3.327664083E2,3.882606218E-1,4.760199134E0,3.341413060E0,-1.000000000E0
2.935373873E2,2.998820541E1,3.144180203E1,3.115185400E2,3.285415451E2,3.461405891E0,3.346416095E2,3.913647288E-1,4.760313354E0,3.341250336E0,-1.000000000E0
2.945373836E2,2.998823103E1,3.144178922E1,3.116675443E2,3.286904950E2,3.152004826E0,3.348969577E2,3.952622027E-1,4.760208320E0,3.341399974E0,-1.000000000E0
2.955373794E2,2.998826331E1,3.144177344E1,3.120099714E2,3.290328538E2,3.325679657E0,3.350699346E2,3.988965126E-1,4.762421028E0,3.338245495E0,-1.000000000E0
2.965373765E2,2.998829357E1,3.144175918E1,3.122626646E2,3.292854831E2,3.402404101E0,3.365138497E2,4.023822936E-1,4.760122218E0,3.341522633E0,-1.000000000E0
2.975373728E2,2.998832325E1,3.144174756E1,3.124172384E2,3.294399954E2,3.390207074E0,3.394175162E2,4.060890380E-1,4.764941010E0,3.334647538E0,-1.000000000E0
2.985373689E2,2.998835607E1,3.144174076E1,3.126664498E2,3.296891421E2,3.452281693E0,3.453327086E2,4.096925841E-1,4.772064394E0,3.324445586E0,-1.000000000E0
2.995373657E2,2.998838836E1,3.144173761E1,3.129234570E2,3.299460873E2,3.476894995E0,3.512600153E2,4.133068909E-1,4.771260001E0,3.325599951E0,-1.000000000E0
3.005373616E2,2.998842083E1,3.144173593E1,3.126213049E2,3.296438738E2,3.479222817E0,3.559552103E2,4.169889612E-1,4.766999005E0,3.331704897E0,-1.000000000E0
3.015373590E2,2.998845387E1,3.144173843E1,3.126370603E2,3.296595687E2,3.448881323E0,1.470280367E0,4.208163466E-1,4.764553645E0,3.335200983E0,-1.000000000E0
3.025373546E2,2.998848808E1,3.144174284E1,3.128880936E2,3.299105403E2,3.549061943E0,5.612530057E0,4.241165145E-1,4.765045087E0,3.334498816E0,-1.000000000E0
3.035373517E2,2.998851625E1,3.144175363E1,3.127813907E2,3.298037903E2,3.367404861E0,1.308705710E1,4.277604605E-1,4.766168405E0,3.332893002E0,-1.000000000E0
3.045373480E2,2.998854643E1,3.144176837E1,3.129626486E2,3.299849993E2,3.453903805E0,1.933186178E1,4.313956545E-1,4.767662158E0,3.330755857E0,-1.000000000E0
3.055373445E2,2.998857697E1,3.144178183E1,3.130419228E2,3.300642234E2,3.502591311E0,2.111346414E1,4.349864242E-1,4.769773664E0,3.327731393E0,-1.000000000E0
3.065373414E2,2.998860750E1,3.144179400E1,3.132341307E2,3.302563805E2,3.518810727E0,1.942088255E1,4.384361865E-1,4.774927095E0,3.320332554E0,-1.000000000E0
3.075373378E2,2.998863814E1,3.144179959E1,3.131757599E2,3.301979553E2,3.465314085E0,1.351470855E1,4.417369364E-1,4.777241095E0,3.317002344E0,-1.000000000E0
3.085373342E2,2.998866767E1,3.144179605E1,3.135944485E2,3.306165870E2,3.223202746E0,3.601975570E0,4.445048596E-1,4.778110168E0,3.315750331E0,-1.000000000E0
3.095373309E2,2.998869173E1,3.144178871E1,3.136087869E2,3.306308767E2,2.768877491E0,3.530575473E2,4.485816228E-1,4.791124932E0,3.296916578E0,-1.000000000E0
3.105373271E2,2.998872028E1,3.144176214E1,3.135200946E2,3.305421174E2,3.055796810E0,3.322528006E2,4.523498194E-1,4.771679545E0,3.324997948E0,-1.000000000E0
3.115373235E2,2.998873510E1,3.144172695E1,3.132951736E2,3.303171507E2,3.107191882E0,3.073385676E2,4.561472206E-1,4.767628132E0,3.330804561E0,-1.000000000E0
3.125373194E2,2.998873321E1,3.144168759E1,3.133200089E2,3.303419693E2,3.167700877E0,2.792047743E2,4.602485433E-1,4.771649423E0,3.325041175E0,-1.000000000E0
3.135373169E2,2.998871724E1,3.144164920E1,3.137752655E2,3.307972362E2,3.498959821E0,2.570074366E2,4.641829603E-1,4.773815190E0,3.321930999E0,-1.000000000E0
3.145373125E2,2.998869805E1,3.144161488E1,3.141159830E2,3.311379720E2,3.752167135E0,2.448568062E2,4.674838460E-1,4.777853442E0,3.316120251E0,-1.000000000E0
3.155373096E2,2.998868499E1,3.144158410E1,3.142220874E2,3.312440849E2,3.678914796E0,2.440772076E2,4.706800336E-1,4.779757811E0,3.313374760E0,-1.000000000E0
3.165373057E2,2.998867849E1,3.144155177E1,3.136946004E2,3.307165935E2,3.584755515E0,2.482032765E2,4.745008119E-1,4.784572320E0,3.306418720E0,-1.000000000E0
3.175373026E2,2.998866861E1,3.144151377E1,3.145388732E2,3.315608654E2,3.711137278E0,2.492173957E2,4.781187861E-1,4.790990398E0,3.297112075E0,-1.000000000E0
3.185372990E2,2.998866176E1,3.144147705E1,3.143584757E2,3.313804618E2,3.685629022E0,2.504423888E2,4.817627423E-1,4.798472005E0,3.286214151E0,-1.000000000E0
3.195372953E2,2.998865533E1,3.144143995E1,3.142680204E2,3.312899996E2,3.663651356E0,2.516552134E2,4.853842830E-1,4.805538136E0,3.275872443E0,-1.000000000E0
3.205372920E2,2.998864943E1,3.144140297E1,3.143874044E2,3.314093757E2,3.644876017E0,2.524698350E2,4.888942386E-1,4.805190495E0,3.276382355E0,-1.000000000E0
3.215372877E2,2.998863994E1,3.144136821E1,3.147058127E2,3.317277838E2,3.627351239E0,2.498916691E2,4.925742033E-1,4.802809873E0,3.279871089E0,-1.000000000E0
3.225372843E2,2.998863112E1,3.144133138E1,3.147501634E2,3.317721322E2,3.672511652E0,2.498157976E2,4.961178562E-1,4.798535679E0,3.286121174E0,-1.000000000E0
3.235372810E2,2.998861889E1,3.144129740E1,3.147855026E2,3.318074769E2,3.673157552E0,2.472816757E2,4.997586442E-1,4.797229483E0,3.288027725E0,-1.000000000E0
3.245372775E2,2.998860731E1,3.144126204E1,3.148591050E2,3.318810828E2,3.692103298E0,2.470409868E2,5.032383615E-1,4.798969309E0,3.285487879E0,-1.000000000E0
3.255372739E2,2.998859663E1,3.144122808E1,3.148838886E2,3.319058690E2,3.624380919E0,2.459493454E2,5.070037868E-1,4.798531335E0,3.286127517E0,-1.000000000E0
3.265372711E2,2.998858254E1,3.144119253E1,3.148672577E2,3.318892462E2,3.724923791E0,2.445792264E2,5.104802761E-1,4.792155318E0,3.295418705E0,-1.000000000E0
3.275372674E2,2.998856896E1,3.144116001E1,3.152165573E2,3.322385545E2,3.641275353E0,2.444528454E2,5.140453087E-1,4.790634188E0,3.297629619E0,-1.000000000E0
3.285372640E2,2.998855745E1,3.144112547E1,3.152739333E2,3.322959343E2,3.616742083E0,2.465341883E2,5.175494577E-1,4.787343469E0,3.302405115E0,-1.000000000E0
3.295372599E2,2.998854845E1,3.144109060E1,3.153731269E2,3.323951269E2,3.623214554E0,2.499778620E2,5.212954216E-1,4.785131692E0,3.305609131E0,-1.000000000E0
3.305372567E2,2.998853823E1,3.144105353E1,3.154364279E2,3.324584280E2,3.731934894E0,2.511983212E2,5.247333084E-1,4.782431095E0,3.309515048E0,-1.000000000E0
3.315372530E2,2.998853174E1,3.144101863E1,3.152925457E2,3.323145400E2,3.658997976E0,2.539482975E2,5.285225939E-1,4.787581928E0,3.302059406E0,-1.000000000E0
3.325372499E2,2.998852546E1,3.144097996E1,3.154732171E2,3.324952034E2,3.730182957E0,2.562949642E2,5.322071325E-1,4.790057643E0,3.298467040E0,-1.000000000E0
3.335372455E2,2.998851771E1,3.144094276E1,3.154957566E2,3.325177383E2,3.725892251E0,2.564552860E2,5.357483823E-1,4.792433157E0,3.295014639E0,-1.000000000E0
3.345372429E2,2.998851223E1,3.144090654E1,3.156288023E2,3.326507757E2,3.609472241E0,2.584256345E2,5.395756071E-1,4.789282003E0,3.299593146E0,-1.000000000E0
3.355372387E2,2.998850070E1,3.144086910E1,3.156374761E2,3.326594519E2,3.623069615E0,2.564080710E2,5.434003430E-1,4.788457943E0,3.300788931E0,-1.000000000E0
3.365372355E2,2.998848895E1,3.144083177E1,3.155934512E2,3.326154298E2,3.653513491E0,2.544290109E2,5.469483892E-1,4.780410399E0,3.312433161E0,-1.000000000E0
3.375372318E2,2.998848029E1,3.144079632E1,3.158931338E2,3.329151105E2,3.593308342E0,2.538168864E2,5.505099218E-1,4.778368637E0,3.315377837E0,-1.000000000E0
3.385372285E2,2.998846826E1,3.144076205E1,3.158789388E2,3.329009204E2,3.555565910E0,2.507876956E2,5.544489996E-1,4.779521200E0,3.313716061E0,-1.000000000E0
3.395372252E2,2.998846123E1,3.144072196E1,3.157037069E2,3.327256811E2,3.685985858E0,2.546453839E2,5.583301438E-1,4.779253761E0,3.314101766E0,-1.000000000E0
3.405372214E2,2.998845087E1,3.144068348E1,3.154772054E2,3.324991793E2,3.726292073E0,2.551858785E2,5.619047572E-1,4.781018404E0,3.311555534E0,-1.000000000E0
3.415372181E2,2.998844031E1,3.144064842E1,3.158765753E2,3.328985510E2,3.676648581E0,2.535906951E2,5.657135777E-1,4.780491116E0,3.312316670E0,-1.000000000E0
3.425372146E2,2.998843024E1,3.144061062E1,3.162668146E2,3.332887897E2,3.720402149E0,2.538896504E2,5.693483339E-1,4.780627096E0,3.312120409E0,-1.000000000E0
3.435372112E2,2.998842281E1,3.144057387E1,3.160352182E2,3.330571884E2,3.722714266E0,2.555572901E2,5.728537537E-1,4.781711278E0,3.310554982E0,-1.000000000E0
3.445372072E2,2.998841716E1,3.144053806E1,3.160474245E2,3.330693869E2,3.598993969E0,2.583535465E2,5.768997965E-1,4.786148080E0,3.304137345E0,-1.000000000E0
3.455372038E2,2.998840779E1,3.144049746E1,3.161386625E2,3.331606217E2,3.755712408E0,2.581048558E2,5.804271636E-1,4.790991349E0,3.297110694E0,-1.000000000E0
3.465372003E2,2.998840082E1,3.144046173E1,3.162700167E2,3.332919706E2,3.674460657E0,2.584998281E2,5.840824174E-1,4.797549461E0,3.287560829E0,-1.000000000E0
3.475371969E2,2.998839525E1,3.144042433E1,3.161237384E2,3.331456836E2,3.640467131E0,2.600568620E2,5.881528274E-1,4.795309102E0,3.290827806E0,-1.000000000E0
3.485371937E2,2.998838589E1,3.144038347E1,3.163802443E2,3.334021860E2,3.831970006E0,2.584191794E2,5.919184048E-1,4.798374143E0,3.286357043E0,-1.000000000E0
3.495371900E2,2.998837690E1,3.144034577E1,3.164001858E2,3.334221250E2,3.773480034E0,2.582380649E2,5.954815716E-1,4.803412421E0,3.278988587E0,-1.000000000E0
3.505371869E2,2.998836681E1,3.144031066E1,3.161470990E2,3.331690391E2,3.586078205E0,2.571343905E2,5.993772440E-1,4.800568030E0,3.283151478E0,-1.000000000E0
3.515371830E2,2.998835598E1,3.144027219E1,3.162157542E2,3.332376948E2,3.620786878E0,2.568025885E2,6.030130091E-1,4.798833789E0,3.285685819E0,-1.000000000E0
3.525371795E2,2.998834627E1,3.144023614E1,3.161765749E2,3.331985152E2,3.567658559E0,2.574770473E2,6.068960219E-1,4.798634039E0,3.285977540E0,-1.000000000E0
3.535371753E2,2.998833349E1,3.144019862E1,3.160576097E2,3.330795546E2,3.646527134E0,2.546412693E2,6.104312129E-1,4.799366473E0,3.284907683E0,-1.000000000E0
3.545371720E2,2.998832879E1,3.144016232E1,3.160325285E2,3.330544636E2,3.554580916E0,2.584985795E2,6.144657617E-1,4.794114951E0,3.292567216E0,-1.000000000E0
3.555371683E2,2.998831951E1,3.144012182E1,3.162288804E2,3.332508122E2,3.735017247E0,2.574477195E2,6.181071731E-1,4.789972001E0,3.298591406E0,-1.000000000E0
3.565371656E2,2.998831290E1,3.144008479E1,3.161889712E2,3.332108964E2,3.691790977E0,2.583091650E2,6.217391308E-1,4.788821435E0,3.300261550E0,-1.000000000E0
3.575371619E2,2.998830779E1,3.144004754E1,3.160333989E2,3.330553146E2,3.679004478E0,2.600839540E2,6.254311561E-1,4.789087046E0,3.299876104E0,-1.000000000E0
3.585371584E2,2.998830313E1,3.144000958E1,3.161224982E2,3.331444031E2,3.722396341E0,2.609685924E2,6.290193583E-1,4.790166125E0,3.298309496E0,-1.000000000E0
3.595371549E2,2.998829971E1,3.143997254E1,3.160337645E2,3.330556569E2,3.656428458E0,2.630988277E2,6.327082058E-1,4.792901386E0,3.294333520E0,-1.000000000E0
3.605371516E2,2.998829763E1,3.143993431E1,3.158952957E2,3.329171724E2,3.653172849E0,2.655897129E2,6.364019681E-1,4.792059336E0,3.295558277E0,-1.000000000E0
3.615371472E2,2.998829396E1,3.143989619E1,3.158385459E2,3.328604099E2,3.658989510E0,2.655913041E2,6.401398432E-1,4.782453912E0,3.309482076E0,-1.000000000E0
3.625371444E2,2.998829322E1,3.143985739E1,3.163209234E2,3.333427689E2,3.681787799E0,2.676630546E2,6.435737088E-1,4.784204339E0,3.306951146E0,-1.000000000E0
3.635371411E2,2.998829260E1,3.143982174E1,3.161727395E2,3.331945680E2,3.561702290E0,2.689878155E2,6.473883879E-1,4.787406752E0,3.302313374E0,-1.000000000E0
3.645371369E2,2.998828453E1,3.143978324E1,3.162519794E2,3.332738032E2,3.574279472E0,2.650727989E2,6.512522624E-1,4.786448607E0,3.303701979E0,-1.000000000E0
3.655371331E2,2.998827537E1,3.143974454E1,3.162009916E2,3.332228128E2,3.672769208E0,2.607952404E2,6.544803078E-1,4.786346943E0,3.303849266E0,-1.000000000E0
3.665371300E2,2.998827491E1,3.143971103E1,3.162789850E2,3.333007898E2,3.474459597E0,2.641510900E2,6.583028410E-1,4.786720629E0,3.303307835E0,-1.000000000E0
3.675371267E2,2.998827210E1,3.143967147E1,3.162777762E2,3.332995661E2,3.607741669E0,2.654800710E2,6.620726698E-1,4.789165719E0,3.299761923E0,-1.000000000E0
3.685371234E2,2.998826842E1,3.143963256E1,3.163452720E2,3.333670488E2,3.679101460E0,2.650852116E2,6.656989782E-1,4.791658307E0,3.296141335E0,-1.000000000E0
3.695371199E2,2.998826456E1,3.143959517E1,3.164575931E2,3.334793580E2,3.613406899E0,2.651494571E2,6.694686479E-1,4.791952238E0,3.295714002E0,-1.000000000E0
3.705371161E2,2.998826460E1,3.143955603E1,3.163553989E2,3.333771436E2,3.647645971E0,2.680825750E2,6.730989686E-1,4.791698818E0,3.296082443E0,-1.000000000E0
3.715371124E2,2.998825961E1,3.143951878E1,3.167444291E2,3.337661642E2,3.610277759E0,2.660377200E2,6.769104359E-1,4.788193147E0,3.301173037E0,-1.000000000E0
3.725371093E2,2.998825647E1,3.143947937E1,3.168838442E2,3.339055649E2,3.644799869E0,2.667549137E2,6.804436894E-1,4.786059485E0,3.304265674E0,-1.000000000E0
3.735371053E2,2.998825470E1,3.143944274E1,3.163967096E2,3.334184149E2,3.570914744E0,2.672383102E2,6.839538492E-1,4.788474268E0,3.300765248E0,-1.000000000E0
3.745371019E2,2.998825342E1,3.143940633E1,3.163672280E2,3.333889170E2,3.506557606E0,2.686085789E2,6.879881498E-1,4.788831344E0,3.300247172E0,-1.000000000E0
3.755370981E2,2.998824689E1,3.143936512E1,3.168016679E2,3.338233481E2,3.671164460E0,2.652823912E2,6.916328753E-1,4.786780501E0,3.303221074E0,-1.000000000E0
3.765370950E2,2.998824622E1,3.143932728E1,3.164425665E2,3.334642285E2,3.624976966E0,2.675546036E2,6.953883835E-1,4.789163876E0,3.299764597E0,-1.000000000E0
3.775370915E2,2.998824643E1,3.143928829E1,3.164659806E2,3.334876223E2,3.653464977E0,2.689155934E2,6.991439312E-1,4.786539665E0,3.303570049E0,-1.000000000E0
3.785370876E2,2.998824618E1,3.143924930E1,3.167316931E2,3.337533153E2,3.636761562E0,2.698291374E2,7.028152263E-1,4.783805079E0,3.307528685E0,-1.000000000E0
3.795370847E2,2.998824700E1,3.143921119E1,3.163580678E2,3.333796690E2,3.633383700E0,2.709449597E2,7.063004902E-1,4.783412864E0,3.308095888E0,-1.000000000E0
3.805370811E2,2.998824286E1,3.143917532E1,3.164971409E2,3.335187314E2,3.492362367E0,2.677663445E2,7.100289025E-1,4.784751874E0,3.306158880E0,-1.000000000E0
3.815370777E2,2.998824274E1,3.143913660E1,3.165320583E2,3.335536292E2,3.514006902E0,2.696662216E2,7.141594746E-1,4.784407876E0,3.306656666E0,-1.000000000E0
3.825370741E2,2.998824047E1,3.143909379E1,3.164171219E2,3.334386751E2,3.735600349E0,2.696617641E2,7.177639583E-1,4.782607876E0,3.309259575E0,-1.000000000E0
3.835370698E2,2.998824351E1,3.143905653E1,3.164911527E2,3.335126812E2,3.658639896E0,2.730458635E2,7.215584730E-1,4.781618479E0,3.310689015E0,-1.000000000E0
3.845370649E2,2.998824493E1,3.143901717E1,3.164718699E2,3.334933756E2,3.653087174E0,2.743614659E2,7.253769791E-1,4.780468562E0,3.312349221E0,-1.000000000E0
3.855370594E2,2.998824502E1,3.143897752E1,3.170853025E2,3.341067877E2,3.654693165E0,2.728412409E2,7.290965419E-1,4.779521038E0,3.313716295E0,-1.000000000E0
3.865370543E2,2.998824693E1,3.143893896E1,3.168118953E2,3.338333573E2,3.629009868E0,2.729681973E2,7.330494254E-1,4.778992761E0,3.314478122E0,-1.000000000E0
3.875370491E2,2.998824925E1,3.143889801E1,3.168284130E2,3.338498496E2,3.703668991E0,2.745419593E2,7.368507508E-1,4.768544611E0,3.329492352E0,-1.000000000E0
3.885370443E2,2.998825216E1,3.143885868E1,3.167833833E2,3.338047944E2,3.682139106E0,2.753370292E2,7.405854296E-1,4.765969670E0,3.333177184E0,-1.000000000E0
3.895370389E2,2.998825481E1,3.143882002E1,3.171934522E2,3.342148385E2,3.663647710E0,2.767585892E2,7.441904630E-1,4.765022447E0,3.334531168E0,-1.000000000E0
3.905370349E2,2.998825588E1,3.143878261E1,3.170355740E2,3.340569391E2,3.604896172E0,2.753600344E2,7.479241373E-1,4.762323567E0,3.338384530E0,-1.000000000E0
3.915370293E2,2.998826063E1,3.143874423E1,3.169074908E2,3.339288274E2,3.649521063E0,2.760861364E2,7.518333575E-1,4.760933467E0,3.340366680E0,-1.000000000E0
3.925375242E2,2.998826338E1,3.143870377E1,3.168230450E2,3.338443557E2,3.730718203E0,2.759810378E2,7.555390918E-1,4.759536339E0,3.342357084E0,-1.000000000E0
3.935368712E2,2.998826559E1,3.143866537E1,3.171403525E2,3.341616395E2,3.669098148E0,2.749328898E2,7.589629518E-1,4.760536200E0,3.340932822E0,-1.000000000E0
3.945368669E2,2.998826834E1,3.143862996E1,3.170162296E2,3.340374933E2,3.492943851E0,2.750007292E2,7.622467721E-1,4.760042503E0,3.341636186E0,-1.000000000E0
3.955368339E2,2.998827273E1,3.143859625E1,3.170633482E2,3.340845864E2,3.341515652E0,2.769036521E2,7.653246598E-1,4.761284592E0,3.339866176E0,-1.000000000E0
3.965366763E2,2.998827630E1,3.143856455E1,3.170073345E2,3.340285498E2,3.151402437E0,2.764706466E2,7.680147760E-1,4.764060795E0,3.335904941E0,-1.000000000E0
3.975366720E2,2.998827461E1,3.143853669E1,3.172967418E2,3.343179460E2,2.772183712E0,2.706458539E2,7.705069979E-1,4.761803739E0,3.339125962E0,-1.000000000E0
3.985366198E2,2.998826929E1,3.143851155E1,3.175143580E2,3.345355593E2,2.618362246E0,2.613451334E2,7.732224390E-1,4.763678150E0,3.336451336E0,-1.000000000E0
3.995366688E2,2.998826016E1,3.143848540E1,3.175803402E2,3.346015452E2,2.688810623E0,2.518907758E2,7.764040248E-1,4.767641463E0,3.330785479E0,-1.000000000E0
4.005366650E2,2.998824230E1,3.143845959E1,3.172552569E2,3.342764821E2,2.910981253E0,2.380608809E2,7.799423871E-1,4.768256649E0,3.329904737E0,-1.000000000E0
4.015372918E2,2.998821793E1,3.143843597E1,3.172865860E2,3.343078447E2,3.239303386E0,2.256127578E2,7.837613910E-1,4.771305315E0,3.325534938E0,-1.000000000E0
4.025366365E2,2.998818706E1,3.143841860E1,3.171182871E2,3.341395945E2,3.561170447E0,2.135186661E2,7.874230272E-1,4.773983752E0,3.321688753E0,-1.000000000E0
4.035366330E2,2.998815649E1,3.143840446E1,3.169416428E2,3.339630002E2,3.681450422E0,2.064738090E2,7.917381950E-1,4.769639907E0,3.327923104E0,-1.000000000E0
4.045371090E2,2.998811896E1,3.143839307E1,3.169241366E2,3.339455583E2,3.925084270E0,1.984729066E2,7.964163522E-1,4.767388105E0,3.331148104E0,-1.000000000E0
4.055373658E2,2.998807758E1,3.143838430E1,3.162003162E2,3.332218107E2,4.099159507E0,1.917842732E2,8.007888972E-1,4.765405884E0,3.333983173E0,-1.000000000E0
4.065373611E2,2.998803830E1,3.143838214E1,3.161604853E2,3.331820522E2,4.112887917E0,1.852599533E2,8.054632337E-1,4.763780141E0,3.336305711E0,-1.000000000E0
4.075373570E2,2.998799626E1,3.143838150E1,3.158092058E2,3.328308509E2,4.285323093E0,1.817639740E2,8.100308203E-1,4.764470695E0,3.335319480E0,-1.000000000E0
4.085373530E2,2.998795519E1,3.143838176E1,3.157439270E2,3.327656491E2,4.435436455E0,1.800898786E2,8.147391223E-1,4.763822457E0,3.336245290E0,-1.000000000E0
4.095373498E2,2.998791287E1,3.143837995E1,3.157284376E2,3.327502379E2,4.523802319E0,1.803337195E2,8.192999609E-1,4.763769044E0,3.336321557E0,-1.000000000E0
4.105373452E2,2.998787194E1,3.143837697E1,3.152091786E2,3.322310538E2,4.482466702E0,1.809575413E2,8.238278512E-1,4.764875118E0,3.334741691E0,-1.000000000E0
4.115373422E2,2.998783133E1,3.143837347E1,3.149598524E2,3.319818018E2,4.436490965E0,1.818908924E2,8.277146213E-1,4.765958343E0,3.333193380E0,-1.000000000E0
4.125373379E2,2.998779661E1,3.143836887E1,3.145337950E2,3.315558070E2,4.149297467E0,1.833507644E2,8.317361546E-1,4.757869674E0,3.344729167E0,-1.000000000E0
4.135373337E2,2.998776048E1,3.143836695E1,3.140620467E2,3.310841252E2,4.021904739E0,1.828595749E2,8.351329276E-1,4.761574708E0,3.339452550E0,-1.000000000E0
4.145373304E2,2.998772994E1,3.143836599E1,3.137005897E2,3.307227248E2,3.639726666E0,1.821927372E2,8.379548082E-1,4.762439820E0,3.338218686E0,-1.000000000E0
4.155373266E2,2.998770468E1,3.143836313E1,3.133197541E2,3.303419350E2,3.146095334E0,1.827648136E2,8.404756709E-1,4.762721060E0,3.337817421E0,-1.000000000E0
4.165373224E2,2.998768209E1,3.143836098E1,3.134216895E2,3.304439115E2,2.761265366E0,1.832561668E2,8.423894444E-1,4.763506387E0,3.336696560E0,-1.000000000E0
4.175373188E2,2.998766497E1,3.143835898E1,3.130785563E2,3.301008093E2,2.231965822E0,1.840547196E2,8.440556527E-1,4.762795357E0,3.337711405E0,-1.000000000E0
4.185373152E2,2.998765006E1,3.143835725E1,3.130687593E2,3.300910392E2,1.714647004E0,1.834798087E2,8.454186034E-1,4.760260139E0,3.341326150E0,-1.000000000E0
4.195373113E2,2.998763787E1,3.143835568E1,3.134633051E2,3.304856070E2,1.361996782E0,1.836075812E2,8.461191563E-1,4.759407712E0,3.342540242E0,-1.000000000E0
4.205373080E2,2.998763158E1,3.143835560E1,3.132296926E2,3.302520063E2,9.845463600E-1,1.830924405E2,8.475212124E-1,4.761503128E0,3.339554610E0,-1.000000000E0
4.215373046E2,2.998761897E1,3.143835615E1,3.133552469E2,3.303775844E2,1.036739176E0,1.803655573E2,8.481178129E-1,4.760960472E0,3.340328190E0,-1.000000000E0
4.225373005E2,2.998761368E1,3.143835713E1,3.133587165E2,3.303810644E2,7.055152105E-1,1.781360701E2,8.497304991E-1,4.760755655E0,3.340620096E0,-1.000000000E0
4.235372965E2,2.998759920E1,3.143835823E1,3.134685337E2,3.304909092E2,1.220439843E0,1.771622610E2,8.523555098E-1,4.760407130E0,3.341116728E0,-1.000000000E0
4.245372930E2,2.998757565E1,3.143836011E1,3.134795939E2,3.305020145E2,2.002702784E0,1.761663967E2,8.556381909E-1,4.764987585E0,3.334580985E0,-1.000000000E0
4.255372900E2,2.998754631E1,3.143836386E1,3.132416808E2,3.302641581E2,2.605972687E0,1.748507075E2,8.588229735E-1,4.771915480E0,3.324659334E0,-1.000000000E0
4.265372858E2,2.998751769E1,3.143836496E1,3.130163563E2,3.300388876E2,2.802627965E0,1.768102762E2,8.613801916E-1,4.779408475E0,3.313878643E0,-1.000000000E0
4.275372822E2,2.998749495E1,3.143836097E1,3.123048224E2,3.293273942E2,2.532472850E0,1.828432561E2,8.640628886E-1,4.779898871E0,3.313171263E0,-1.000000000E0
4.285372789E2,2.998747084E1,3.143836192E1,3.123362501E2,3.293588675E2,2.433335644E0,1.814924531E2,8.673475964E-1,4.777618449E0,3.316458802E0,-1.000000000E0
4.295372747E2,2.998744131E1,3.143836292E1,3.121179801E2,3.291406532E2,2.700896033E0,1.803968354E2,8.699385429E-1,4.777606439E0,3.316476104E0,-1.000000000E0
4.305372714E2,2.998741801E1,3.143836272E1,3.122255952E2,3.292483118E2,2.533673977E0,1.804284565E2,8.724774193E-1,4.781615315E0,3.310693585E0,-1.000000000E0
4.315372673E2,2.998739599E1,3.143835574E1,3.116874280E2,3.287101822E2,2.398280348E0,1.867817919E2,8.747819783E-1,4.785246347E0,3.305443152E0,-1.000000000E0
4.325372643E2,2.998737544E1,3.143835264E1,3.113574830E2,3.283802739E2,2.151230481E0,1.878147050E2,8.765116956E-1,4.784078968E0,3.307132514E0,-1.000000000E0
4.335372601E2,2.998735994E1,3.143835411E1,3.108507564E2,3.278735771E2,1.716197985E0,1.844300521E2,8.791182605E-1,4.781138831E0,3.311381662E0,-1.000000000E0
4.345372565E2,2.998733650E1,3.143835485E1,3.107874423E2,3.278103072E2,1.875307357E0,1.804255134E2,8.810928467E-1,4.780660924E0,3.312071582E0,-1.000000000E0
4.355372534E2,2.998731876E1,3.143835403E1,3.107821599E2,3.278050576E2,1.796161474E0,1.812088814E2,8.840725474E-1,4.786736906E0,3.303284249E0,-1.000000000E0
4.365372493E2,2.998729204E1,3.143835174E1,3.107592871E2,3.277822336E2,2.173608484E0,1.837552336E2,8.866739592E-1,4.798645773E0,3.285960404E0,-1.000000000E0
4.375372462E2,2.998726883E1,3.143834831E1,3.107416658E2,3.277646539E2,2.256644837E0,1.858770604E2,8.897130094E-1,4.797141660E0,3.288155855E0,-1.000000000E0
4.385372424E2,2.998724151E1,3.143834931E1,3.106063379E2,3.276293776E2,2.509758503E0,1.837740656E2,8.922155227E-1,4.780118826E0,3.312853912E0,-1.000000000E0
4.395372392E2,2.998721963E1,3.143835539E1,3.101449282E2,3.271680119E2,2.375659856E0,1.767867922E2,8.947791668E-1,4.779914572E0,3.313148610E0,-1.000000000E0
4.405372349E2,2.998719658E1,3.143835513E1,3.104035862E2,3.274267129E2,2.402051178E0,1.804243867E2,8.977509544E-1,4.791051559E0,3.297023201E0,-1.000000000E0
4.415372319E2,2.998716992E1,3.143835296E1,3.100072714E2,3.270304468E2,2.522822449E0,1.849103375E2,9.001997820E-1,4.801625822E0,3.281604256E0,-1.000000000E0
4.425372287E2,2.998714792E1,3.143835419E1,3.101061684E2,3.271293856E2,2.436268323E0,1.886033660E2,9.013867133E-1,4.789198372E0,3.299714530E0,-1.000000000E0
4.435372244E2,2.998713742E1,3.143835202E1,3.094284861E2,3.264517218E2,1.611622252E0,1.914795342E2,9.036792918E-1,4.784997450E0,3.305803447E0,-1.000000000E0
4.445372208E2,2.998711735E1,3.143834654E1,3.098062583E2,3.268295286E2,1.757797534E0,1.947241209E2,9.048354689E-1,4.780417752E0,3.312422550E0,-1.000000000E0
4.455372173E2,2.998710696E1,3.143834686E1,3.097925008E2,3.268157907E2,1.227160141E0,1.915229046E2,9.056098607E-1,4.775138258E0,3.320028863E0,-1.000000000E0
4.465372139E2,2.998710011E1,3.143834541E1,3.095898408E2,3.266131428E2,9.691800422E-1,1.897290658E2,9.058868282E-1,4.773697663E0,3.322099887E0,-1.000000000E0
4.475372106E2,2.998709775E1,3.143834448E1,3.095865911E2,3.266098970E2,6.310925898E-1,1.945932990E2,9.079270461E-1,4.772025664E0,3.324501179E0,-1.000000000E0
4.485372069E2,2.998707966E1,3.143834091E1,3.098994856E2,3.269228236E2,1.052849165E0,1.935073738E2,9.096892321E-1,4.768055326E0,3.330193004E0,-1.000000000E0
4.495372030E2,2.998706383E1,3.143834016E1,3.098669110E2,3.268902781E2,1.228841348E0,1.893375806E2,9.116964145E-1,4.765868098E0,3.333322413E0,-1.000000000E0
4.505371999E2,2.998704587E1,3.143833806E1,3.100519065E2,3.270753061E2,1.605345276E0,1.885532639E2,9.145047168E-1,4.766680087E0,3.332161158E0,-1.000000000E0
4.515371964E2,2.998702063E1,3.143833701E1,3.100861581E2,3.271096044E2,2.037108538E0,1.846826338E2,9.179244926E-1,4.764887141E0,3.334724511E0,-1.000000000E0
4.525371929E2,2.998698990E1,3.143833548E1,3.093642124E2,3.263877154E2,2.532049680E0,1.839557489E2,9.216752987E-1,4.765329965E0,3.334091684E0,-1.000000000E0
4.535371896E2,2.998695627E1,3.143833255E1,3.092169884E2,3.262405527E2,2.900849980E0,1.838350977E2,9.258041165E-1,4.767532557E0,3.330941361E0,-1.000000000E0
4.545371857E2,2.998691948E1,3.143832671E1,3.086257893E2,3.256494194E2,3.449212051E0,1.850665797E2,9.296870916E-1,4.775876277E0,3.318967132E0,-1.000000000E0
4.555371819E2,2.998688457E1,3.143832568E1,3.084821310E2,3.255058259E2,3.683751797E0,1.829018056E2,9.339495150E-1,4.777801302E0,3.316195374E0,-1.000000000E0
4.565371788E2,2.998684862E1,3.143831034E1,3.083858292E2,3.254095835E2,4.047918409E0,1.905221082E2,9.379763062E-1,4.779759232E0,3.313372711E0,-1.000000000E0
4.575371751E2,2.998681656E1,3.143829090E1,3.083539732E2,3.253777774E2,4.132485793E0,1.981114190E2,9.421195316E-1,4.780302355E0,3.312589083E0,-1.000000000E0
4.585371712E2,2.998677979E1,3.143828393E1,3.084070762E2,3.254309455E2,4.182932304E0,1.959955799E2,9.462118994E-1,4.783155135E0,3.308468525E0,-1.000000000E0
4.595371681E2,2.998674377E1,3.143827522E1,3.082198709E2,3.252438032E2,4.119170784E0,1.958439197E2,9.501854316E-1,4.782826119E0,3.308944144E0,-1.000000000E0
4.605371643E2,2.998671028E1,3.143826080E1,3.083244101E2,3.253483976E2,4.029748850E0,1.985612881E2,9.537119192E-1,4.785375485E0,3.305256193E0,-1.000000000E0
4.615371608E2,2.998667929E1,3.143825306E1,3.082337372E2,3.252577787E2,3.709369171E0,1.979772148E2,9.582253289E-1,4.786662188E0,3.303392519E0,-1.000000000E0
4.625371574E2,2.998663872E1,3.143825484E1,3.080890963E2,3.251132145E2,3.867103582E0,1.908022811E2,9.618997662E-1,4.788853216E0,3.300215434E0,-1.000000000E0
4.635371534E2,2.998660569E1,3.143825597E1,3.080194130E2,3.250435935E2,3.689890004E0,1.863866837E2,9.667012608E-1,4.792816654E0,3.294456792E0,-1.000000000E0
4.645371499E2,2.998656275E1,3.143826123E1,3.077038015E2,3.247280651E2,3.772945332E0,1.846002828E2,9.715208886E-1,4.781530868E0,3.310815548E0,-1.000000000E0
4.655371468E2,2.998652004E1,3.143825275E1,3.076071117E2,3.246314508E2,3.951859453E0,1.908572680E2,9.760702571E-1,4.779262270E0,3.314089496E0,-1.000000000E0
4.665371436E2,2.998647970E1,3.143824487E1,3.071651452E2,3.241895556E2,4.039899856E0,1.918302938E2,9.812576281E-1,4.780081024E0,3.312908456E0,-1.000000000E0
4.675371397E2,2.998643656E1,3.143822435E1,3.072571015E2,3.242815821E2,4.408299104E0,1.976488129E2,9.861342241E-1,4.780631976E0,3.312113365E0,-1.000000000E0
4.685371366E2,2.998639522E1,3.143820745E1,3.069349071E2,3.239594563E2,4.499001863E0,1.993241648E2,9.907674410E-1,4.778669829E0,3.314943695E0,-1.000000000E0
4.695371325E2,2.998635382E1,3.143820205E1,3.068098785E2,3.238345023E2,4.381002778E0,1.956754186E2,9.947069626E-1,4.780261552E0,3.312647963E0,-1.000000000E0
4.705371293E2,2.998631852E1,3.143820559E1,3.064088301E2,3.234335217E2,3.978310600E0,1.868399549E2,9.981809582E-1,4.784043905E0,3.307183235E0,-1.000000000E0
4.715371261E2,2.998628763E1,3.143820025E1,3.061419579E2,3.231667046E2,3.581988876E0,1.864909596E2,1.000613418E0,4.783871152E0,3.307433119E0,-1.000000000E0
4.725371219E2,2.998626793E1,3.143818926E1,3.060962252E2,3.231210031E2,2.930291736E0,1.910612648E2,1.002672647E0,4.783506941E0,3.307959851E0,-1.000000000E0
4.735371183E2,2.998625068E1,3.143818148E1,3.060825624E2,3.231073686E2,2.369860487E0,1.898591800E2,1.004070084E0,4.787981639E0,3.301479798E0,-1.000000000E0
4.745371156E2,2.998623993E1,3.143817395E1,3.061786055E2,3.232034279E2,1.716284974E0,1.929538206E2,1.005574637E0,4.790438433E0,3.297913985E0,-1.000000000E0
4.755371113E2,2.998622958E1,3.143816390E1,3.062642507E2,3.232890873E2,1.370603350E0,1.934542000E2,1.007322463E0,4.792336054E0,3.295155865E0,-1.000000000E0
4.765371081E2,2.998621923E1,3.143815024E1,3.064618549E2,3.234867039E2,1.108363889E0,1.984941085E2,1.008703923E0,4.787194685E0,3.302620790E0,-1.000000000E0
4.775371047E2,2.998620993E1,3.143814073E1,3.065052770E2,3.235301385E2,9.176605647E-1,1.967777866E2,1.010265120E0,4.784343962E0,3.306749142E0,-1.000000000E0
4.785371014E2,2.998619839E1,3.143813150E1,3.065399084E2,3.235647868E2,8.814016101E-1,1.936880565E2,1.011596732E0,4.779587541E0,3.313620372E0,-1.000000000E0
4.795370972E2,2.998618829E1,3.143812406E1,3.066071411E2,3.236320346E2,6.503064879E-1,1.913346376E2,1.013244937E0,4.778122945E0,3.315731919E0,-1.000000000E0
4.805370939E2,2.998617400E1,3.143811950E1,3.064333349E2,3.234582527E2,1.119327989E0,1.913346353E2,1.015547936E0,4.777637421E0,3.316431472E0,-1.000000000E0
4.815370910E2,2.998615338E1,3.143811724E1,3.062596142E2,3.232845695E2,1.837356909E0,1.913346342E2,1.018700471E0,4.782055557E0,3.310057655E0,-1.000000000E0
4.825370872E2,2.998612650E1,3.143812764E1,3.062693041E2,3.232943149E2,2.660768141E0,1.633176667E2,1.019874767E0,4.793998098E0,3.292737352E0,-1.000000000E0
4.835370833E2,2.998611959E1,3.143813686E1,3.055987335E2,3.226237620E2,1.694794754E0,1.542903826E2,1.022802017E0,4.796275438E0,3.289419243E0,-1.000000000E0
4.845370799E2,2.998609854E1,3.143815510E1,3.052660334E2,3.222911105E2,1.930679194E0,1.482660265E2,1.026150368E0,4.792239131E0,3.295296822E0,-1.000000000E0
4.855370767E2,2.998608881E1,3.143818801E1,3.052138501E2,3.222389622E2,2.238970133E0,1.331942408E2,1.028968085E0,4.790529265E0,3.297782041E0,-1.000000000E0
4.865370730E2,2.998608647E1,3.143821714E1,3.045860263E2,3.216111577E2,2.139032739E0,1.219201027E2,1.030591178E0,4.790349662E0,3.298042927E0,-1.000000000E0
4.875370696E2,2.998609267E1,3.143823240E1,3.044636206E2,3.214887482E2,1.368860529E0,1.020280391E2,1.032597782E0,4.799096116E0,3.285302649E0,-1.000000000E0
4.885370660E2,2.998609152E1,3.143825319E1,3.041309837E2,3.211561241E2,1.323848922E0,1.010270573E2,1.037370003E0,4.818155648E0,3.257286169E0,-1.000000000E0
4.895370626E2,2.998608073E1,3.143830115E1,3.038875449E2,3.209127300E2,2.546860392E0,1.075184132E2,1.041479251E0,4.819399649E0,3.255445294E0,-1.000000000E0
4.905370588E2,2.998607717E1,3.143834362E1,3.043820110E2,3.214072245E2,3.383437065E0,1.008878306E2,1.045396672E0,4.817398445E0,3.258405938E0,-1.000000000E0
4.915370548E2,2.998607300E1,3.143838401E1,3.045101582E2,3.215354000E2,3.923060955E0,9.801654811E1,1.049117112E0,4.815504277E0,3.261204623E0,-1.000000000E0
4.925370520E2,2.998607492E1,3.143842257E1,3.047203098E2,3.217455678E2,4.216211367E0,9.399201338E1,1.053231967E0,4.813510620E0,3.264146526E0,-1.000000000E0
4.935370479E2,2.998607584E1,3.143846528E1,3.050670795E2,3.220923576E2,4.443403249E0,9.243451277E1,1.056974918E0,4.809954538E0,3.269384403E0,-1.000000000E0
4.945370449E2,2.998607436E1,3.143850411E1,3.053216512E2,3.223469519E2,4.480435394E0,9.151900250E1,1.060789874E0,4.806433641E0,3.274558396E0,-1.000000000E0
4.955370408E2,2.998607435E1,3.143854372E1,3.053732615E2,3.223985825E2,4.411651736E0,9.061931488E1,1.064787966E0,4.808589028E0,3.271392455E0,-1.000000000E0
4.965370374E2,2.998607563E1,3.143858521E1,3.054622873E2,3.224876271E2,4.368977176E0,9.008245618E1,1.068980771E0,4.816159835E0,3.260236414E0,-1.000000000E0
4.975370337E2,2.998608003E1,3.143862844E1,3.055918100E2,3.226171636E2,4.221419754E0,8.998991457E1,1.073248223E0,4.817530321E0,3.258210957E0,-1.000000000E0
4.985370301E2,2.998609450E1,3.143866948E1,3.056550278E2,3.226803754E2,3.928375860E0,8.666231120E1,1.076624237E0,4.812018596E0,3.266345674E0,-1.000000000E0
4.995370272E2,2.998609681E1,3.143870443E1,3.057796575E2,3.228050187E2,3.679073696E0,8.597404759E1,1.080540299E0,4.823527040E0,3.249326688E0,-1.000000000E0
5.005370231E2,2.998609557E1,3.143874507E1,3.058034836E2,3.228288678E2,3.626344184E0,8.699618604E1,1.083818700E0,4.832585884E0,3.235838486E0,-1.000000000E0
5.015370206E2,2.998609315E1,3.143877899E1,3.058822036E2,3.229076097E2,3.404530806E0,8.720141731E1,1.087253587E0,4.831039748E0,3.238146382E0,-1.000000000E0
5.025370170E2,2.998609094E1,3.143881456E1,3.059858171E2,3.230112456E2,3.295361869E0,8.774722038E1,1.090955190E0,4.837288266E0,3.228804619E0,-1.000000000E0
5.035370126E2,2.998608987E1,3.143885298E1,3.060319695E2,3.230574195E2,3.254521237E0,8.820440937E1,1.094912381E0,4.839455628E0,3.225555187E0,-1.000000000E0
5.045370095E2,2.998608512E1,3.143889370E1,3.061720988E2,3.231975786E2,3.267202671E0,8.922841686E1,1.098821745E0,4.832941443E0,3.235307411E0,-1.000000000E0
5.055370066E2,2.998607527E1,3.143893266E1,3.062057209E2,3.232312390E2,3.292849270E0,9.132270901E1,1.102807540E0,4.830288426E0,3.239267008E0,-1.000000000E0
5.065370029E2,2.998607240E1,3.143897392E1,3.062405241E2,3.232660686E2,3.391361408E0,9.116256409E1,1.106520510E0,4.824168706E0,3.248373951E0,-1.000000000E0
5.075369987E2,2.998607017E1,3.143901238E1,3.062491690E2,3.232747374E2,3.389040806E0,9.090285900E1,1.110610897E0,4.826085323E0,3.245525765E0,-1.000000000E0
5.085369951E2,2.998606994E1,3.143905485E1,3.063417204E2,3.233673109E2,3.474800844E0,9.086636648E1,1.114622617E0,4.830199133E0,3.239400155E0,-1.000000000E0
5.095369925E2,2.998607060E1,3.143909650E1,3.063276259E2,3.233532364E2,3.535947915E0,9.046128445E1,1.118636293E0,4.831568763E0,3.237356996E0,-1.000000000E0
5.105369883E2,2.998606523E1,3.143913771E1,3.063224666E2,3.233481083E2,3.604709551E0,9.112807422E1,1.122568283E0,4.831448088E0,3.237537090E0,-1.000000000E0
5.115369854E2,2.998606561E1,3.143917853E1,3.063811584E2,3.234068202E2,3.634894319E0,9.086415093E1,1.126482645E0,4.829713918E0,3.240123533E0,-1.000000000E0
5.125369816E2,2.998606322E1,3.143921908E1,3.062976653E2,3.233233523E2,3.663457688E0,9.061176619E1,1.130228254E0,4.824377812E0,3.248063385E0,-1.000000000E0
5.135369778E2,2.998606165E1,3.143925793E1,3.063630370E2,3.233887468E2,3.655774170E0,9.038014509E1,1.133977418E0,4.814264880E0,3.263033971E0,-1.000000000E0
5.145369748E2,2.998605896E1,3.143929673E1,3.062442488E2,3.232699835E2,3.668757787E0,9.030497682E1,1.137664943E0,4.810815074E0,3.268118014E0,-1.000000000E0
5.155369707E2,2.998605790E1,3.143933500E1,3.062451327E2,3.232708889E2,3.669336335E0,9.030936347E1,1.141402078E0,4.810121582E0,3.269138632E0,-1.000000000E0
5.165369675E2,2.998605069E1,3.143937290E1,3.063162440E2,3.233420331E2,3.686549153E0,9.116256998E1,1.145282842E0,4.807144345E0,3.273514973E0,-1.000000000E0
5.175369639E2,2.998604493E1,3.143941264E1,3.061660305E2,3.231918507E2,3.770196837E0,9.158379685E1,1.149247869E0,4.805049713E0,3.276588818E0,-1.000000000E0
5.185362107E2,2.998603793E1,3.143945301E1,3.062061656E2,3.232320195E2,3.851890246E0,9.336779498E1,1.152301903E0,4.806126921E0,3.275008557E0,-1.000000000E0
5.195357670E2,2.998603067E1,3.143948359E1,3.061606632E2,3.231865463E2,3.823157857E0,9.462986571E1,1.156369500E0,4.806594130E0,3.274322816E0,-1.000000000E0
5.205357631E2,2.998601958E1,3.143952384E1,3.061726658E2,3.231985902E2,4.091963436E0,9.746357659E1,1.160506324E0,4.809128520E0,3.270599320E0,-1.000000000E0
5.215360985E2,2.998600441E1,3.143956306E1,3.060422591E2,3.230682318E2,4.263301936E0,1.033467661E2,1.164564949E0,4.808947662E0,3.270865240E0,-1.000000000E0
5.225359623E2,2.998598563E1,3.143959919E1,3.058892991E2,3.229153254E2,4.272871307E0,1.110742069E2,1.168790506E0,4.808449919E0,3.271596921E0,-1.000000000E0
5.235359589E2,2.998596318E1,3.143963459E1,3.058528634E2,3.228789497E2,4.275908583E0,1.182298335E2,1.172925409E0,4.804207259E0,3.277823919E0,-1.000000000E0
5.245365837E2,2.998593370E1,3.143966076E1,3.056550898E2,3.226812446E2,4.183816636E0,1.281879755E2,1.176985732E0,4.801486689E0,3.281807826E0,-1.000000000E0
5.255359758E2,2.998590395E1,3.143968521E1,3.056667853E2,3.226930082E2,4.066680288E0,1.374699764E2,1.180960389E0,4.793646835E0,3.293248708E0,-1.000000000E0
5.265359725E2,2.998587128E1,3.143970196E1,3.054548029E2,3.224810955E2,3.891842060E0,1.475327284E2,1.184920536E0,4.785623200E0,3.304897521E0,-1.000000000E0
5.275368263E2,2.998583760E1,3.143971530E1,3.052258194E2,3.222521817E2,3.792373028E0,1.542935708E2,1.188860012E0,4.785019837E0,3.305771043E0,-1.000000000E0
5.285365556E2,2.998580432E1,3.143972935E1,3.051942408E2,3.222206725E2,3.634559383E0,1.591533614E2,1.192887197E0,4.781189283E0,3.311308815E0,-1.000000000E0
5.295365528E2,2.998577155E1,3.143974716E1,3.049655027E2,3.219920048E2,3.467006420E0,1.592164905E2,1.196594265E0,4.779394509E0,3.313898785E0,-1.000000000E0
5.305362689E2,2.998574269E1,3.143976642E1,3.048373717E2,3.218639375E2,3.275743041E0,1.569573554E2,1.200822189E0,4.778671060E0,3.314941920E0,-1.000000000E0
5.315362767E2,2.998571329E1,3.143979426E1,3.046744803E2,3.217011153E2,3.386718122E0,1.498130996E2,1.204871756E0,4.779896831E0,3.313174206E0,-1.000000000E0
5.325362730E2,2.998569000E1,3.143982658E1,3.044029043E2,3.214295994E2,3.521002315E0,1.409109854E2,1.208624270E0,4.777161212E0,3.317117391E0,-1.000000000E0
5.335362699E2,2.998567102E1,3.143985879E1,3.044386204E2,3.214653674E2,3.534915414E0,1.333334967E2,1.212435327E0,4.777618672E0,3.316458482E0,-1.000000000E0
5.345362655E2,2.998565491E1,3.143989372E1,3.043599218E2,3.213867167E2,3.555542296E0,1.262201264E2,1.216551834E0,4.779019395E0,3.314439720E0,-1.000000000E0
5.355362628E2,2.998564202E1,3.143993379E1,3.042143275E2,3.212411670E2,3.626146945E0,1.196736946E2,1.220686742E0,4.777655499E0,3.316405429E0,-1.000000000E0
5.365362592E2,2.998562745E1,3.143997329E1,3.040579840E2,3.210848709E2,3.783431382E0,1.161640987E2,1.224598866E0,4.774805166E0,3.320507891E0,-1.000000000E0
5.375362557E2,2.998561507E1,3.144001131E1,3.039091867E2,3.209361162E2,3.847705185E0,1.135928559E2,1.228178920E0,4.773017415E0,3.323077156E0,-1.000000000E0
5.385362517E2,2.998560452E1,3.144004643E1,3.037445450E2,3.207715122E2,3.812907277E0,1.113979566E2,1.232197646E0,4.776864205E0,3.317545086E0,-1.000000000E0
5.395362487E2,2.998559827E1,3.144008753E1,3.036043115E2,3.206313113E2,3.893491489E0,1.076649256E2,1.235629265E0,4.782481390E0,3.309442367E0,-1.000000000E0
5.405362445E2,2.998559462E1,3.144012291E1,3.034441825E2,3.204712072E2,3.808317026E0,1.039524421E2,1.239290861E0,4.787499402E0,3.302179054E0,-1.000000000E0
5.415362412E2,2.998559684E1,3.144016084E1,3.032345721E2,3.202616121E2,3.791640231E0,9.754923851E1,1.243030478E0,4.790560303E0,3.297736953E0,-1.000000000E0
5.425362378E2,2.998560498E1,3.144019851E1,3.032533683E2,3.202804123E2,3.793321993E0,9.002993494E1,1.247078307E0,4.796384992E0,3.289259497E0,-1.000000000E0
5.435362345E2,2.998561423E1,3.144023916E1,3.032070131E2,3.202340606E2,3.856153105E0,8.496050988E1,1.251153899E0,4.793444211E0,3.293543628E0,-1.000000000E0
5.445362306E2,2.998562264E1,3.144028035E1,3.031776682E2,3.202047210E2,3.935016898E0,8.220907498E1,1.254936210E0,4.793297661E0,3.293756908E0,-1.000000000E0
5.455362272E2,2.998563219E1,3.144031804E1,3.031569434E2,3.201839976E2,3.922364439E0,7.962138084E1,1.258754677E0,4.794910150E0,3.291409072E0,-1.000000000E0
5.465362244E2,2.998564428E1,3.144035515E1,3.031712585E2,3.201983091E2,3.900125039E0,7.631186423E1,1.262583209E0,4.796107842E0,3.289663600E0,-1.000000000E0
5.475362206E2,2.998566095E1,3.144038993E1,3.031348346E2,3.201618718E2,3.846910210E0,7.023085657E1,1.266426957E0,4.794271735E0,3.292338920E0,-1.000000000E0
5.485362167E2,2.998568137E1,3.144042213E1,3.031651325E2,3.201921480E2,3.802666653E0,6.312389287E1,1.270167833E0,4.796873270E0,3.288547380E0,-1.000000000E0
5.495362132E2,2.998570229E1,3.144045255E1,3.033142541E2,3.203412461E2,3.787371641E0,5.770709643E1,1.273479864E0,4.802792895E0,3.279895950E0,-1.000000000E0
5.505362093E2,2.998571941E1,3.144048069E1,3.033468473E2,3.203738216E2,3.674438774E0,5.562561763E1,1.277123561E0,4.808346301E0,3.271749208E0,-1.000000000E0
5.515362061E2,2.998574080E1,3.144050935E1,3.034715050E2,3.204984541E2,3.649940520E0,5.360090909E1,1.280863086E0,4.813774848E0,3.263756845E0,-1.000000000E0
5.525362029E2,2.998576300E1,3.144053852E1,3.035627093E2,3.205896318E2,3.657731984E0,5.157929556E1,1.284142929E0,4.820446926E0,3.253894355E0,-1.000000000E0
5.535361992E2,2.998578531E1,3.144056080E1,3.036868684E2,3.207137605E2,3.465470841E0,4.698651071E1,1.287528328E0,4.831981235E0,3.236741320E0,-1.000000000E0
5.545361953E2,2.998581131E1,3.144057908E1,3.037155882E2,3.207424411E2,3.272581615E0,3.993758401E1,1.290571669E0,4.835784914E0,3.231055757E0,-1.000000000E0
5.555361925E2,2.998583604E1,3.144059261E1,3.037394571E2,3.207662707E2,2.999947308E0,3.450902842E1,1.293058139E0,4.832620258E0,3.235787149E0,-1.000000000E0
5.565361892E2,2.998585646E1,3.144060315E1,3.037533280E2,3.207801088E2,2.568416672E0,3.167709013E1,1.295373692E0,4.831363317E0,3.237663591E0,-1.000000000E0
5.575361851E2,2.998587496E1,3.144061418E1,3.038099952E2,3.208367471E2,2.454360179E0,2.967472619E1,1.298196296E0,4.823953239E0,3.248693919E0,-1.000000000E0
5.585361816E2,2.998589803E1,3.144062642E1,3.039579103E2,3.209846254E2,2.948518788E0,2.811027105E1,1.301606018E0,4.822260224E0,3.251206448E0,-1.000000000E0
5.595361782E2,2.998592736E1,3.144063673E1,3.041043486E2,3.211310141E2,3.240487720E0,2.643341702E1,1.304859003E0,4.821105456E0,3.252918569E0,-1.000000000E0
5.605361743E2,2.998595303E1,3.144065294E1,3.040808280E2,3.211074539E2,3.231861196E0,2.736149971E1,1.307733218E0,4.819849806E0,3.254778776E0,-1.000000000E0
5.615361711E2,2.998597354E1,3.144067109E1,3.041762008E2,3.212027976E2,3.072546432E0,3.227771209E1,1.310781747E0,4.809937507E0,3.269409459E0,-1.000000000E0
5.625361682E2,2.998599294E1,3.144069346E1,3.043087661E2,3.213353381E2,2.998520610E0,3.690953437E1,1.313771402E0,4.808313602E0,3.271797264E0,-1.000000000E0
5.635361642E2,2.998601258E1,3.144071466E1,3.044994076E2,3.215259537E2,2.876812112E0,4.022745837E1,1.317009896E0,4.808452920E0,3.271592509E0,-1.000000000E0
5.645361607E2,2.998603402E1,3.144073742E1,3.047123126E2,3.217388303E2,2.784855816E0,4.422044258E1,1.320292352E0,4.812600038E0,3.265488923E0,-1.000000000E0
5.655361575E2,2.998604671E1,3.144076819E1,3.048350111E2,3.218615208E2,2.815923102E0,5.498170204E1,1.324091979E0,4.814085181E0,3.263299083E0,-1.000000000E0
5.665361538E2,2.998604793E1,3.144080762E1,3.048388664E2,3.218653939E2,3.033834582E0,7.172282797E1,1.328001362E0,4.812907380E0,3.265035924E0,-1.000000000E0
5.675361497E2,2.998604377E1,3.144084793E1,3.047418455E2,3.217684014E2,3.313355080E0,8.766629215E1,1.332088961E0,4.817843260E0,3.257748203E0,-1.000000000E0
5.685361460E2,2.998603037E1,3.144088745E1,3.045616114E2,3.215882126E2,3.544372558E0,1.010567545E2,1.335402954E0,4.818659069E0,3.256541387E0,-1.000000000E0
5.695361428E2,2.998602276E1,3.144092071E1,3.045634285E2,3.215900609E2,3.456329314E0,1.039352976E2,1.338682512E0,4.819995553E0,3.254562936E0,-1.000000000E0
5.705361396E2,2.998602006E1,3.144095462E1,3.043766885E2,3.214033433E2,3.374926571E0,1.023419206E2,1.342336307E0,4.825517588E0,3.246369824E0,-1.000000000E0
5.715361362E2,2.998601962E1,3.144099256E1,3.043968508E2,3.214235258E2,3.390724017E0,1.006562218E2,1.345635741E0,4.830368863E0,3.239147060E0,-1.000000000E0
5.725361326E2,2.998602270E1,3.144102663E1,3.043291716E2,3.213558582E2,3.335385990E0,9.691994226E1,1.349106650E0,4.832907725E0,3.235357778E0,-1.000000000E0
5.735361289E2,2.998602569E1,3.144106250E1,3.042186696E2,3.212453690E2,3.163901855E0,9.466093569E1,1.353009550E0,4.832179012E0,3.236446050E0,-1.000000000E0
5.745361258E2,2.998602758E1,3.144110297E1,3.042229953E2,3.212497118E2,3.197027685E0,9.349890730E1,1.356440587E0,4.831888055E0,3.236880420E0,-1.000000000E0
5.755361222E2,2.998603046E1,3.144113844E1,3.042367033E2,3.212634326E2,3.181043192E0,9.263234343E1,1.359907193E0,4.833659574E0,3.234234401E0,-1.000000000E0
5.765361183E2,2.998603399E1,3.144117420E1,3.040975059E2,3.211242468E2,3.185419221E0,9.194968247E1,1.363375008E0,4.841411752E0,3.222618389E0,-1.000000000E0
5.775361145E2,2.998603851E1,3.144120982E1,3.041638123E2,3.211905631E2,3.235269258E0,9.163088539E1,1.366688986E0,4.847590620E0,3.213316389E0,-1.000000000E0
5.785361111E2,2.998604664E1,3.144124293E1,3.042072791E2,3.212340316E2,3.240739397E0,9.008431216E1,1.370202438E0,4.859516511E0,3.195252151E0,-1.000000000E0
5.795361075E2,2.998605323E1,3.144127861E1,3.040301373E2,3.210568957E2,3.280752361E0,8.915555644E1,1.373639994E0,4.868362106E0,3.181758544E0,-1.000000000E0
5.805361041E2,2.998605832E1,3.144131381E1,3.039836519E2,3.210104188E2,3.278497960E0,8.857612039E1,1.377325093E0,4.875711165E0,3.170485399E0,-1.000000000E0
5.815361005E2,2.998606500E1,3.144135129E1,3.039304584E2,3.209572320E2,3.381291233E0,8.944515944E1,1.381476321E0,4.882633851E0,3.159813873E0,-1.000000000E0
5.825360975E2,2.998607172E1,3.144139369E1,3.038480712E2,3.208748539E2,3.650713344E0,9.016242396E1,1.386176802E0,4.891479369E0,3.146103402E0,-1.000000000E0
5.835360934E2,2.998608466E1,3.144144015E1,3.037979550E2,3.208247372E2,3.843382004E0,8.902285342E1,1.390776508E0,4.889244303E0,3.149575715E0,-1.000000000E0
5.845360905E2,2.998609449E1,3.144148654E1,3.035949313E2,3.206217189E2,3.953459154E0,8.806358600E1,1.395490659E0,4.890507788E0,3.147613478E0,-1.000000000E0
5.855360872E2,2.998610878E1,3.144153262E1,3.035804591E2,3.206072436E2,3.915259552E0,8.660060101E1,1.399268144E0,4.891389682E0,3.146242841E0,-1.000000000E0
5.865360829E2,2.998611734E1,3.144157058E1,3.034604247E2,3.204872126E2,3.673355376E0,8.539717684E1,1.403018386E0,4.893487435E0,3.142979121E0,-1.000000000E0
5.875360801E2,2.998612561E1,3.144160833E1,3.034352526E2,3.204620443E2,3.438591309E0,8.466153695E1,1.407072399E0,4.895629604E0,3.139641351E0,-1.000000000E0
5.885360763E2,2.998613098E1,3.144164996E1,3.033701342E2,3.203969371E2,3.435391394E0,8.544438186E1,1.412046632E0,4.897601786E0,3.136564008E0,-1.000000000E0
5.895360727E2,2.998612933E1,3.144170158E1,3.032571166E2,3.202839491E2,3.715180074E0,8.726494496E1,1.415681714E0,4.887947619E0,3.151587712E0,-1.000000000E0
5.905360690E2,2.998613001E1,3.144173931E1,3.031530157E2,3.201798661E2,3.797256771E0,8.780144517E1,1.419566657E0,4.894048751E0,3.142105004E0,-1.000000000E0
5.915360653E2,2.998612501E1,3.144177923E1,3.032500897E2,3.202769699E2,3.790540892E0,8.857150524E1,1.423241940E0,4.892677334E0,3.144240058E0,-1.000000000E0
5.925360616E2,2.998612815E1,3.144181722E1,3.032189060E2,3.202457997E2,3.724907654E0,8.739563413E1,1.426801795E0,4.896921539E0,3.137625929E0,-1.000000000E0
5.935360591E2,2.998612814E1,3.144185418E1,3.032471647E2,3.202740773E2,3.564885698E0,8.649368851E1,1.430405867E0,4.900936702E0,3.131350584E0,-1.000000000E0
5.945360551E2,2.998613017E1,3.144189153E1,3.031470736E2,3.201740016E2,3.448454199E0,8.534107625E1,1.433800658E0,4.903640657E0,3.127114540E0,-1.000000000E0
5.955360519E2,2.998612913E1,3.144192676E1,3.031981212E2,3.202250691E2,3.256515245E0,8.526492057E1,1.436843753E0,4.896054275E0,3.138979065E0,-1.000000000E0
5.965360479E2,2.998612947E1,3.144195835E1,3.031357079E2,3.201626713E2,2.902256165E0,8.502014758E1,1.439681463E0,4.886594145E0,3.153685891E0,-1.000000000E0
5.975360445E2,2.998612438E1,3.144198722E1,3.030761591E2,3.201031468E2,2.534484461E0,8.564302867E1,1.442377903E0,4.876887611E0,3.168675474E0,-1.000000000E0
5.985360408E2,2.998611858E1,3.144201441E1,3.030861717E2,3.201131841E2,2.300026800E0,8.468723632E1,1.444280038E0,4.868944483E0,3.180867280E0,-1.000000000E0
5.995360377E2,2.998611220E1,3.144203273E1,3.030521930E2,3.200792267E2,2.132135378E0,8.115169694E1,1.446091585E0,4.858856738E0,3.196255346E0,-1.000000000E0
6.005360343E2,2.998611100E1,3.144205149E1,3.031377951E2,3.201648406E2,2.076639756E0,7.530570924E1,1.448349083E0,4.846511075E0,3.214944390E0,-1.000000000E0
6.015360307E2,2.998611597E1,3.144207422E1,3.031819367E2,3.202089845E2,2.558565362E0,6.908269802E1,1.450778191E0,4.841169232E0,3.222982702E0,-1.000000000E0
6.025360272E2,2.998613049E1,3.144209306E1,3.032197336E2,3.202467639E2,2.931984520E0,5.973025116E1,1.453826181E0,4.832434209E0,3.236064994E0,-1.000000000E0
6.035360230E2,2.998615652E1,3.144210298E1,3.031824612E2,3.202094480E2,3.121788916E0,4.228479188E1,1.456903018E0,4.821471249E0,3.252376366E0,-1.000000000E0
6.045360194E2,2.998618356E1,3.144210975E1,3.032153168E2,3.202422566E2,3.159760599E0,2.873402316E1,1.459884540E0,4.806484214E0,3.274484163E0,-1.000000000E0
6.055360167E2,2.998620972E1,3.144211655E1,3.031886081E2,3.202155024E2,3.140104811E0,2.174663461E1,1.462790017E0,4.801629684E0,3.281598606E0,-1.000000000E0
6.065360128E2,2.998623575E1,3.144211918E1,3.032683431E2,3.202951902E2,3.115457356E0,1.692197261E1,1.465805334E0,4.801249691E0,3.282154541E0,-1.000000000E0
6.075360092E2,2.998626231E1,3.144212553E1,3.032704454E2,3.202972461E2,3.197813972E0,1.494403554E1,1.468920935E0,4.806261347E0,3.274811276E0,-1.000000000E0
6.085360056E2,2.998628958E1,3.144213292E1,3.034008252E2,3.204275787E2,3.217342713E0,1.419841951E1,1.472437278E0,4.811098760E0,3.267700377E0,-1.000000000E0
6.095360029E2,2.998632064E1,3.144213978E1,3.033526401E2,3.203793391E2,3.293831419E0,1.376798920E1,1.475904476E0,4.816877208E0,3.259176429E0,-1.000000000E0
6.105359991E2,2.998635102E1,3.144214792E1,3.034860620E2,3.205127084E2,3.336461162E0,1.397899679E1,1.479525975E0,4.823965138E0,3.248676251E0,-1.000000000E0
6.115359955E2,2.998638292E1,3.144215547E1,3.035055901E2,3.205321808E2,3.365427884E0,1.420585495E1,1.482913620E0,4.831354427E0,3.237676857E0,-1.000000000E0
6.125359915E2,2.998641243E1,3.144216422E1,3.035689759E2,3.205955159E2,3.336124984E0,1.497658862E1,1.486737134E0,4.839347526E0,3.225717370E0,-1.000000000E0
6.135359879E2,2.998644552E1,3.144217503E1,3.036191435E2,3.206456273E2,3.432911873E0,1.610913675E1,1.490060472E0,4.831829064E0,3.236968478E0,-1.000000000E0
6.145359850E2,2.998647360E1,3.144218685E1,3.035864200E2,3.206128573E2,3.418996979E0,1.795093210E1,1.540370317E0,4.820445190E0,3.253896926E0,-1.000000000E0
6.151059109E2,2.998683675E1,3.144249842E1,3.056407385E2,3.226666568E2,NaN,NaN,1.639874058E0,1.516458090E2,3.300078630E0,-1.000000000E0
6.155701099E2,2.998771190E1,3.144228277E1,3.057641668E2,3.227883400E2,NaN,NaN,1.731956856E0,7.830877899E1,6.232724667E0,-1.000000000E0
6.171659546E2,2.998693372E1,3.144260976E1,3.039418954E2,3.209676894E2,9.262705445E-1,1.986642817E1,1.738299550E0,2.367382969E1,1.547845411E1,-1.000000000E0
6.181159515E2,2.998688116E1,3.144263534E1,3.045337830E2,3.215596883E2,9.262705445E-1,4.674093848E1,1.740768633E0,1.468570592E1,6.553143708E0,-1.000000000E0
6.190659483E2,2.998685999E1,3.144264308E1,3.045018002E2,3.215277491E2,9.208403230E-1,3.998710284E1,1.742235989E0,1.059076633E1,6.173301856E0,-1.000000000E0
6.200159445E2,2.998685772E1,3.144265809E1,3.044165771E2,3.214425379E2,9.208403230E-1,5.367602722E1,1.742833151E0,8.207128893E0,5.924388802E0,-1.000000000E0
6.209659417E2,2.998686009E1,3.144266366E1,3.043516229E2,3.213775821E2,9.261818528E-1,2.268867876E1,1.744446145E0,6.251654701E0,5.867003660E0,-1.000000000E0
6.219159385E2,2.998687404E1,3.144266826E1,3.043469137E2,3.213728492E2,1.633579016E0,2.138222280E0,1.745796274E0,5.070529279E0,5.764819647E0,-1.000000000E0
6.228669787E2,2.998688539E1,3.144266328E1,3.042868337E2,3.213127455E2,1.746866226E0,3.526042752E2,1.747011343E0,4.542979253E0,5.740056038E0,-1.000000000E0
6.238162216E2,2.998689478E1,3.144265684E1,3.041128866E2,3.211387775E2,1.633579016E0,3.492125373E2,1.748788448E0,6.325889646E0,8.605176652E0,-1.000000000E0
6.247662174E2,2.998690611E1,3.144264383E1,3.041304347E2,3.211562978E2,1.692227483E0,3.222816692E2,1.750245476E0,8.710975600E0,1.177294532E1,-1.000000000E0
6.257163879E2,2.998691596E1,3.144263385E1,3.041452054E2,3.211710450E2,1.420817733E0,3.227115497E2,1.751453215E0,5.210006217E0,7.377865070E0,-1.000000000E0
6.266659186E2,2.998692304E1,3.144262434E1,3.044364787E2,3.214623002E2,8.650539517E-1,3.268620627E2,1.752220417E0,7.214160302E0,1.055311538E1,-1.000000000E0
6.276159155E2,2.998692738E1,3.144261814E1,3.044507228E2,3.214765330E2,8.650539517E-1,3.316514250E2,1.752538439E0,4.923262595E0,7.326122304E0,-1.000000000E0
6.285838819E2,2.998692620E1,3.144261513E1,3.044856525E2,3.215114634E2,2.395340800E-2,1.700304654E2,1.752538439E0,6.944923998E0,1.066346602E1,-1.000000000E0
6.295839516E2,2.998692620E1,3.144261513E1,3.044856525E2,3.215114634E2,2.395340800E-2,NaN,1.752768156E0,6.944923998E0,1.066346602E1,-1.000000000E0
6.305839479E2,2.998692534E1,3.144261296E1,3.045073544E2,3.215331657E2,9.474053979E-3,NaN,1.753044046E0,5.727831612E0,8.964825707E0,-1.000000000E0
6.315832772E2,2.998692652E1,3.144261044E1,3.045294060E2,3.215552139E2,6.969044451E-3,NaN,1.753286566E0,6.251486098E0,9.989616024E0,-1.000000000E0
6.325834040E2,2.998692738E1,3.144260813E1,3.045823564E2,3.216081615E2,3.425203729E-3,NaN,1.753617027E0,1.000188465E1,1.604260234E1,-1.000000000E0
6.335833999E2,2.998692948E1,3.144260570E1,3.046167507E2,3.216425506E2,5.481552798E-3,NaN,1.753857505E0,8.434052685E0,1.381777124E1,-1.000000000E0
6.345837040E2,2.998693155E1,3.144260497E1,3.046645100E2,3.216903056E2,1.139668655E-2,NaN,1.754044448E0,1.071945368E1,1.757244703E1,-1.000000000E0
6.355832993E2,2.998693313E1,3.144260563E1,3.046793249E2,3.217051180E2,5.073424429E-3,NaN,1.754044448E0,6.981326540E0,1.149421666E1,-1.000000000E0
6.365832955E2,2.998693313E1,3.144260563E1,3.046793249E2,3.217051180E2,0.000000000E0,NaN,1.754057615E0,8.896041680E0,1.492790980E1,-1.000000000E0
6.375832915E2,2.998693324E1,3.144260567E1,3.046651377E2,3.216909305E2,4.840241279E-3,NaN,1.754057615E0,8.996311191E0,1.522491378E1,-1.000000000E0
6.385832885E2,2.998693324E1,3.144260567E1,3.046651377E2,3.216909305E2,0.000000000E0,NaN,1.754057615E0,5.911828501E0,1.001289237E1,-1.000000000E0
6.395832842E2,2.998693324E1,3.144260567E1,3.046651377E2,3.216909305E2,0.000000000E0,NaN,1.754057615E0,1.287404974E1,2.188399548E1,-1.000000000E0
6.405832812E2,2.998693324E1,3.144260567E1,3.046651377E2,3.216909305E2,0.000000000E0,NaN,1.754057615E0,1.131441609E1,1.936125949E1,-1.000000000E0
6.415832774E2,2.998693324E1,3.144260567E1,3.046651377E2,3.216909305E2,0.000000000E0,NaN,1.754057615E0,9.861127980E0,1.698299556E1,-1.000000000E0
6.425832743E2,2.998693324E1,3.144260567E1,3.046651377E2,3.216909305E2,0.000000000E0,NaN,1.754057615E0,1.072837600E1,1.858345481E1,-1.000000000E0
6.435832711E2,2.998693324E1,3.144260567E1,3.046651377E2,3.216909305E2,0.000000000E0,NaN,1.754057615E0,1.077913033E1,1.881031578E1,-1.000000000E0
6.445832671E2,2.998693324E1,3.144260567E1,3.046651377E2,3.216909305E2,0.000000000E0,NaN,1.754057615E0,8.125257830E0,1.413666313E1,-1.000000000E0
6.455832640E2,2.998693324E1,3.144260567E1,3.046651377E2,3.216909305E2,0.000000000E0,NaN,1.754057615E0,8.625524668E0,1.500256111E1,-1.000000000E0
6.465832602E2,2.998693324E1,3.144260567E1,3.046651377E2,3.216909305E2,0.000000000E0,NaN,1.754057615E0,3.325775858E0,5.656686411E0,-1.000000000E0
6.475832562E2,2.998693324E1,3.144260567E1,3.046651377E2,3.216909305E2,0.000000000E0,NaN,1.754057615E0,3.424579322E0,5.957967287E0,-1.000000000E0
6.485832533E2,2.998693324E1,3.144260567E1,3.046651377E2,3.216909305E2,0.000000000E0,NaN,1.754057615E0,3.401010109E0,5.910763165E0,-1.000000000E0
6.495832500E2,2.998693324E1,3.144260567E1,3.046651377E2,3.216909305E2,0.000000000E0,NaN,1.754057615E0,4.787788910E0,3.301759287E0,-1.000000000E0
6.505832465E2,2.998693324E1,3.144260567E1,3.046651377E2,3.216909305E2,0.000000000E0,NaN,1.754057615E0,4.786093369E0,3.304216593E0,-1.000000000E0
6.515832422E2,2.998693324E1,3.144260567E1,3.046651377E2,3.216909305E2,0.000000000E0,NaN,1.754057615E0,4.784546390E0,3.306456241E0,-1.000000000E0
6.525832388E2,2.998693324E1,3.144260567E1,3.046651377E2,3.216909305E2,0.000000000E0,NaN,1.754057615E0,4.782603730E0,3.309265567E0,-1.000000000E0
6.535832352E2,2.998693324E1,3.144260567E1,3.046651377E2,3.216909305E2,0.000000000E0,NaN,1.754057615E0,4.780745980E0,3.311948808E0,-1.000000000E0
6.545832326E2,2.998693324E1,3.144260567E1,3.046651377E2,3.216909305E2,0.000000000E0,NaN,1.754057615E0,4.779163866E0,3.314231400E0,-1.000000000E0
6.555832282E2,2.998693324E1,3.144260567E1,3.046651377E2,3.216909305E2,0.000000000E0,NaN,1.754057615E0,4.777672536E0,3.316380884E0,-1.000000000E0
6.565832246E2,2.998693324E1,3.144260567E1,3.046651377E2,3.216909305E2,0.000000000E0,NaN,1.754057615E0,4.776355182E0,3.318277898E0,-1.000000000E0
6.575832220E2,2.998693324E1,3.144260567E1,3.046651377E2,3.216909305E2,0.000000000E0,NaN,1.754057615E0,4.775043177E0,3.320165612E0,-1.000000000E0
6.585832179E2,2.998693324E1,3.144260567E1,3.046651377E2,3.216909305E2,0.000000000E0,NaN,1.754057615E0,4.773891066E0,3.321821958E0,-1.000000000E0
6.595832140E2,2.998693324E1,3.144260567E1,3.046651377E2,3.216909305E2,0.000000000E0,NaN,1.754057615E0,4.772852778E0,3.323313617E0,-1.000000000E0
6.605832106E2,2.998693324E1,3.144260567E1,3.046651377E2,3.216909305E2,0.000000000E0,NaN,1.754057615E0,4.771921071E0,3.324651309E0,-1.000000000E0
6.615832078E2,2.998693324E1,3.144260567E1,3.046651377E2,3.216909305E2,0.000000000E0,NaN,1.754057615E0,4.770843043E0,3.326198083E0,-1.000000000E0
6.625832042E2,2.998693324E1,3.144260567E1,3.046651377E2,3.216909305E2,0.000000000E0,NaN,1.754057615E0,4.769884656E0,3.327572298E0,-1.000000000E0
6.635832007E2,2.998693324E1,3.144260567E1,3.046651377E2,3.216909305E2,0.000000000E0,NaN,1.756166689E0,4.768987404E0,3.328858088E0,-1.000000000E0
6.645831967E2,2.998694982E1,3.144261632E1,3.051372825E2,3.221630499E2,4.772477183E-3,NaN,1.756166689E0,4.781641255E0,3.310656119E0,-1.000000000E0
6.655831936E2,2.998694982E1,3.144261632E1,3.051372825E2,3.221630499E2,0.000000000E0,NaN,1.756166689E0,4.770533351E0,3.326642238E0,-1.000000000E0
6.665831895E2,2.998694982E1,3.144261632E1,3.051372825E2,3.221630499E2,0.000000000E0,NaN,1.756166689E0,4.769591272E0,3.327992808E0,-1.000000000E0
6.675831866E2,2.998694982E1,3.144261632E1,3.051372825E2,3.221630499E2,0.000000000E0,NaN,1.756166689E0,4.768730010E0,3.329226806E0,-1.000000000E0
6.685831825E2,2.998694982E1,3.144261632E1,3.051372825E2,3.221630499E2,0.000000000E0,NaN,1.756166689E0,4.767900865E0,3.330414145E0,-1.000000000E0
6.695831789E2,2.998694982E1,3.144261632E1,3.051372825E2,3.221630499E2,0.000000000E0,NaN,1.756166689E0,4.767196906E0,3.331421723E0,-1.000000000E0
6.705831758E2,2.998694982E1,3.144261632E1,3.051372825E2,3.221630499E2,0.000000000E0,NaN,"",4.766497261E0,3.332422676E0,-1.000000000E0