Time (s),Latitude (°),Longitude (°),Altitude (m),Altitude WGS84 (m),Speed (m/s),Direction (°),Distance (km),Horizontal Accuracy (m),Vertical Accuracy (m),Satellites
0.931631051000000000000000000000000000000,29.986947100000000000000000000000000000000,31.441158600000000000000000000000000000000,322.574979200000000000000000000000000000000,339.600006100000000000000000000000000000000,NaN,NaN,0.139658703000000000000000000000000000000,87.599998470000000000000000000000000000000,14.976900100000000000000000000000000000000,0.000000000000000000000000000000000000000
2.487481665000000000000000000000000000000,29.986971830000000000000000000000000000000,31.442608410000000000000000000000000000000,305.451572700000000000000000000000000000000,322.477294900000000000000000000000000000000,1.000000000000000000000000000000000000000,141.600006100000000000000000000000000000000,0.141346948300000000000000000000000000000,6.318393230000000000000000000000000000000,8.593822479000000000000000000000000000000,0.000000000000000000000000000000000000000
3.487359425000000000000000000000000000000,29.986956700000000000000000000000000000000,31.442609870000000000000000000000000000000,306.143926500000000000000000000000000000000,323.169677700000000000000000000000000000000,2.640000105000000000000000000000000000000,157.500000000000000000000000000000000000000,0.143368778700000000000000000000000000000,3.790092468000000000000000000000000000000,4.669336319000000000000000000000000000000,26.000000000000000000000000000000000000000
4.487724478000000000000000000000000000000,29.986938540000000000000000000000000000000,31.442608820000000000000000000000000000000,305.219698800000000000000000000000000000000,322.245483400000000000000000000000000000000,2.420000076000000000000000000000000000000,165.699996900000000000000000000000000000000,0.145828412200000000000000000000000000000,3.790092468000000000000000000000000000000,3.576687813000000000000000000000000000000,33.000000000000000000000000000000000000000
5.487547446000000000000000000000000000000,29.986916480000000000000000000000000000000,31.442606940000000000000000000000000000000,306.132500400000000000000000000000000000000,323.158325200000000000000000000000000000000,2.339999914000000000000000000000000000000,177.100006100000000000000000000000000000000,0.147704624800000000000000000000000000000,3.790092468000000000000000000000000000000,3.608407497000000000000000000000000000000,37.000000000000000000000000000000000000000
6.486931821000000000000000000000000000000,29.986900200000000000000000000000000000000,31.442601820000000000000000000000000000000,305.620753800000000000000000000000000000000,322.646606400000000000000000000000000000000,1.440000057000000000000000000000000000000,187.199996900000000000000000000000000000000,0.149228085500000000000000000000000000000,3.790092468000000000000000000000000000000,3.172015190000000000000000000000000000000,39.000000000000000000000000000000000000000
7.487687706000000000000000000000000000000,29.986887450000000000000000000000000000000,31.442596030000000000000000000000000000000,305.583745700000000000000000000000000000000,322.609619100000000000000000000000000000000,1.289999962000000000000000000000000000000,193.800003100000000000000000000000000000000,0.150621943100000000000000000000000000000,3.790092468000000000000000000000000000000,3.122987747000000000000000000000000000000,40.000000000000000000000000000000000000000
8.487006247000000000000000000000000000000,29.986876190000000000000000000000000000000,31.442589670000000000000000000000000000000,304.852160500000000000000000000000000000000,321.878051800000000000000000000000000000000,1.259999990000000000000000000000000000000,202.100006100000000000000000000000000000000,0.152241478400000000000000000000000000000,3.790092468000000000000000000000000000000,2.571495533000000000000000000000000000000,42.000000000000000000000000000000000000000
9.487339997000000000000000000000000000000,29.986862900000000000000000000000000000000,31.442582790000000000000000000000000000000,305.365444800000000000000000000000000000000,322.391357400000000000000000000000000000000,1.679999948000000000000000000000000000000,207.199996900000000000000000000000000000000,0.153842518700000000000000000000000000000,3.790092468000000000000000000000000000000,2.500000000000000000000000000000000000000,45.000000000000000000000000000000000000000
10.487831450000000000000000000000000000000,29.986850380000000000000000000000000000000,31.442574580000000000000000000000000000000,304.504952000000000000000000000000000000000,321.530883800000000000000000000000000000000,1.600000024000000000000000000000000000000,218.100006100000000000000000000000000000000,0.156147356500000000000000000000000000000,3.790092468000000000000000000000000000000,2.500000000000000000000000000000000000000,47.000000000000000000000000000000000000000
11.487311820000000000000000000000000000000,29.986834370000000000000000000000000000000,31.442559380000000000000000000000000000000,304.893540700000000000000000000000000000000,321.919494600000000000000000000000000000000,2.670000076000000000000000000000000000000,225.899993900000000000000000000000000000000,0.159409175000000000000000000000000000000,3.790092468000000000000000000000000000000,2.500000000000000000000000000000000000000,49.000000000000000000000000000000000000000
12.487765050000000000000000000000000000000,29.986813180000000000000000000000000000000,31.442535960000000000000000000000000000000,304.684711900000000000000000000000000000000,321.710693400000000000000000000000000000000,3.650000095000000000000000000000000000000,228.800003100000000000000000000000000000000,0.162963827500000000000000000000000000000,3.790092468000000000000000000000000000000,2.500000000000000000000000000000000000000,48.000000000000000000000000000000000000000
13.487780260000000000000000000000000000000,29.986790920000000000000000000000000000000,31.442509470000000000000000000000000000000,304.471793200000000000000000000000000000000,321.497802700000000000000000000000000000000,3.650000095000000000000000000000000000000,229.600006100000000000000000000000000000000,0.166769388200000000000000000000000000000,3.790092468000000000000000000000000000000,2.500000000000000000000000000000000000000,47.000000000000000000000000000000000000000
14.487250990000000000000000000000000000000,29.986767080000000000000000000000000000000,31.442481120000000000000000000000000000000,303.582725100000000000000000000000000000000,320.608764600000000000000000000000000000000,3.950000048000000000000000000000000000000,226.399993900000000000000000000000000000000,0.170730048400000000000000000000000000000,3.790092468000000000000000000000000000000,2.500000000000000000000000000000000000000,47.000000000000000000000000000000000000000
15.487289420000000000000000000000000000000,29.986741220000000000000000000000000000000,31.442452840000000000000000000000000000000,303.229908000000000000000000000000000000000,320.255981400000000000000000000000000000000,4.079999924000000000000000000000000000000,225.199996900000000000000000000000000000000,0.174688486200000000000000000000000000000,3.790092468000000000000000000000000000000,2.500000000000000000000000000000000000000,50.000000000000000000000000000000000000000
16.487327600000000000000000000000000000000,29.986715670000000000000000000000000000000,31.442424220000000000000000000000000000000,303.554948200000000000000000000000000000000,320.581054700000000000000000000000000000000,4.070000172000000000000000000000000000000,226.399993900000000000000000000000000000000,0.178843651200000000000000000000000000000,3.790092468000000000000000000000000000000,2.500000000000000000000000000000000000000,49.000000000000000000000000000000000000000
17.487795100000000000000000000000000000000,29.986689310000000000000000000000000000000,31.442393640000000000000000000000000000000,303.132612300000000000000000000000000000000,320.158752400000000000000000000000000000000,4.260000229000000000000000000000000000000,227.699996900000000000000000000000000000000,0.183057535900000000000000000000000000000,3.790092468000000000000000000000000000000,2.500000000000000000000000000000000000000,47.000000000000000000000000000000000000000
18.487676610000000000000000000000000000000,29.986663090000000000000000000000000000000,31.442362050000000000000000000000000000000,302.974925700000000000000000000000000000000,320.001098600000000000000000000000000000000,4.239999771000000000000000000000000000000,227.500000000000000000000000000000000000000,0.187189060400000000000000000000000000000,3.790092468000000000000000000000000000000,2.500000000000000000000000000000000000000,47.000000000000000000000000000000000000000
19.487359000000000000000000000000000000000,29.986636840000000000000000000000000000000,31.442331690000000000000000000000000000000,302.838234500000000000000000000000000000000,319.864440900000000000000000000000000000000,4.130000114000000000000000000000000000000,226.199996900000000000000000000000000000000,0.191313749700000000000000000000000000000,3.790092468000000000000000000000000000000,2.500000000000000000000000000000000000000,49.000000000000000000000000000000000000000
20.487498690000000000000000000000000000000,29.986609810000000000000000000000000000000,31.442302360000000000000000000000000000000,302.405398700000000000000000000000000000000,319.431640600000000000000000000000000000000,4.079999924000000000000000000000000000000,223.699996900000000000000000000000000000000,0.195426365400000000000000000000000000000,3.790092468000000000000000000000000000000,2.500000000000000000000000000000000000000,48.000000000000000000000000000000000000000
21.487755930000000000000000000000000000000,29.986581220000000000000000000000000000000,31.442275270000000000000000000000000000000,302.792016800000000000000000000000000000000,319.818298300000000000000000000000000000000,4.090000153000000000000000000000000000000,219.800003100000000000000000000000000000000,0.199817523100000000000000000000000000000,3.790092468000000000000000000000000000000,2.500000000000000000000000000000000000000,49.000000000000000000000000000000000000000
22.487264940000000000000000000000000000000,29.986548980000000000000000000000000000000,31.442248940000000000000000000000000000000,302.685829900000000000000000000000000000000,319.712158200000000000000000000000000000000,4.440000057000000000000000000000000000000,215.899993900000000000000000000000000000000,0.204016211700000000000000000000000000000,3.790092468000000000000000000000000000000,2.500000000000000000000000000000000000000,48.000000000000000000000000000000000000000
23.487728120000000000000000000000000000000,29.986516860000000000000000000000000000000,31.442226020000000000000000000000000000000,302.706716700000000000000000000000000000000,319.733093300000000000000000000000000000000,4.099999905000000000000000000000000000000,212.800003100000000000000000000000000000000,0.208214469600000000000000000000000000000,3.790092468000000000000000000000000000000,2.500000000000000000000000000000000000000,49.000000000000000000000000000000000000000
24.487139260000000000000000000000000000000,29.986484220000000000000000000000000000000,31.442204110000000000000000000000000000000,302.829347600000000000000000000000000000000,319.855773900000000000000000000000000000000,4.199999809000000000000000000000000000000,210.300003100000000000000000000000000000000,0.212428505700000000000000000000000000000,3.790092468000000000000000000000000000000,2.500000000000000000000000000000000000000,47.000000000000000000000000000000000000000
25.487700930000000000000000000000000000000,29.986451020000000000000000000000000000000,31.442183010000000000000000000000000000000,302.534008300000000000000000000000000000000,319.560485800000000000000000000000000000000,4.179999828000000000000000000000000000000,207.399993900000000000000000000000000000000,0.216604880400000000000000000000000000000,3.790092468000000000000000000000000000000,2.500000000000000000000000000000000000000,44.000000000000000000000000000000000000000
26.487699630000000000000000000000000000000,29.986416740000000000000000000000000000000,31.442165290000000000000000000000000000000,302.171587600000000000000000000000000000000,319.198120100000000000000000000000000000000,4.090000153000000000000000000000000000000,203.699996900000000000000000000000000000000,0.220821448900000000000000000000000000000,3.790092468000000000000000000000000000000,2.500000000000000000000000000000000000000,45.000000000000000000000000000000000000000
27.487220670000000000000000000000000000000,29.986381080000000000000000000000000000000,31.442150400000000000000000000000000000000,302.086994900000000000000000000000000000000,319.113586400000000000000000000000000000000,4.139999866000000000000000000000000000000,200.600006100000000000000000000000000000000,0.224956051900000000000000000000000000000,3.790092468000000000000000000000000000000,2.500000000000000000000000000000000000000,44.000000000000000000000000000000000000000
28.486999940000000000000000000000000000000,29.986345440000000000000000000000000000000,31.442138160000000000000000000000000000000,301.790608900000000000000000000000000000000,318.817260700000000000000000000000000000000,4.130000114000000000000000000000000000000,198.000000000000000000000000000000000000000,0.229320752800000000000000000000000000000,3.790092468000000000000000000000000000000,2.500000000000000000000000000000000000000,46.000000000000000000000000000000000000000
29.487385880000000000000000000000000000000,29.986307560000000000000000000000000000000,31.442126280000000000000000000000000000000,301.942765900000000000000000000000000000000,318.969482400000000000000000000000000000000,4.349999905000000000000000000000000000000,196.699996900000000000000000000000000000000,0.233543104000000000000000000000000000000,3.790092468000000000000000000000000000000,2.500000000000000000000000000000000000000,46.000000000000000000000000000000000000000
30.487375350000000000000000000000000000000,29.986271050000000000000000000000000000000,31.442114230000000000000000000000000000000,301.933060300000000000000000000000000000000,318.959838900000000000000000000000000000000,4.070000172000000000000000000000000000000,196.500000000000000000000000000000000000000,0.237622197000000000000000000000000000000,3.790092468000000000000000000000000000000,2.500000000000000000000000000000000000000,42.000000000000000000000000000000000000000
31.487356970000000000000000000000000000000,29.986235590000000000000000000000000000000,31.442103380000000000000000000000000000000,302.094010300000000000000000000000000000000,319.120849600000000000000000000000000000000,3.839999914000000000000000000000000000000,196.000000000000000000000000000000000000000,0.241497081000000000000000000000000000000,3.790092468000000000000000000000000000000,2.500000000000000000000000000000000000000,41.000000000000000000000000000000000000000
32.487132700000000000000000000000000000000,29.986201950000000000000000000000000000000,31.442092880000000000000000000000000000000,301.636616400000000000000000000000000000000,318.663513200000000000000000000000000000000,3.569999933000000000000000000000000000000,197.199996900000000000000000000000000000000,0.244933799100000000000000000000000000000,3.790092468000000000000000000000000000000,2.500000000000000000000000000000000000000,42.000000000000000000000000000000000000000
33.487063060000000000000000000000000000000,29.986173150000000000000000000000000000000,31.442079930000000000000000000000000000000,301.456210300000000000000000000000000000000,318.483154300000000000000000000000000000000,3.279999971000000000000000000000000000000,201.899993900000000000000000000000000000000,0.248168944900000000000000000000000000000,3.790092468000000000000000000000000000000,2.500000000000000000000000000000000000000,40.000000000000000000000000000000000000000
34.486916500000000000000000000000000000000,29.986146570000000000000000000000000000000,31.442066270000000000000000000000000000000,301.279409900000000000000000000000000000000,318.306396500000000000000000000000000000000,3.119999886000000000000000000000000000000,205.199996900000000000000000000000000000000,0.251344844900000000000000000000000000000,3.790092468000000000000000000000000000000,2.500000000000000000000000000000000000000,40.000000000000000000000000000000000000000
35.487830660000000000000000000000000000000,29.986121170000000000000000000000000000000,31.442051190000000000000000000000000000000,301.190014600000000000000000000000000000000,318.217041000000000000000000000000000000000,3.099999905000000000000000000000000000000,207.699996900000000000000000000000000000000,0.254547841800000000000000000000000000000,3.790092468000000000000000000000000000000,2.500000000000000000000000000000000000000,41.000000000000000000000000000000000000000
36.487734200000000000000000000000000000000,29.986096860000000000000000000000000000000,31.442033350000000000000000000000000000000,300.409582800000000000000000000000000000000,317.436645500000000000000000000000000000000,3.180000067000000000000000000000000000000,213.000000000000000000000000000000000000000,0.257517497400000000000000000000000000000,3.790092468000000000000000000000000000000,2.500000000000000000000000000000000000000,41.000000000000000000000000000000000000000
37.487171500000000000000000000000000000000,29.986076460000000000000000000000000000000,31.442013450000000000000000000000000000000,300.508004600000000000000000000000000000000,317.535095200000000000000000000000000000000,2.920000076000000000000000000000000000000,219.899993900000000000000000000000000000000,0.259768487200000000000000000000000000000,3.790092468000000000000000000000000000000,2.500000000000000000000000000000000000000,44.000000000000000000000000000000000000000
38.487315660000000000000000000000000000000,29.986063260000000000000000000000000000000,31.441995730000000000000000000000000000000,300.875237500000000000000000000000000000000,317.902343800000000000000000000000000000000,2.019999981000000000000000000000000000000,226.399993900000000000000000000000000000000,0.261209113900000000000000000000000000000,3.790092468000000000000000000000000000000,2.500000000000000000000000000000000000000,44.000000000000000000000000000000000000000
39.487137800000000000000000000000000000000,29.986055850000000000000000000000000000000,31.441983460000000000000000000000000000000,300.517686000000000000000000000000000000000,317.544799800000000000000000000000000000000,1.240000010000000000000000000000000000000,227.100006100000000000000000000000000000000,0.262328015900000000000000000000000000000,3.790092468000000000000000000000000000000,2.500000000000000000000000000000000000000,48.000000000000000000000000000000000000000
40.487149100000000000000000000000000000000,29.986050260000000000000000000000000000000,31.441973800000000000000000000000000000000,300.512614600000000000000000000000000000000,317.539733900000000000000000000000000000000,1.029999971000000000000000000000000000000,230.199996900000000000000000000000000000000,0.263198555000000000000000000000000000000,3.790092468000000000000000000000000000000,2.500000000000000000000000000000000000000,49.000000000000000000000000000000000000000
41.487000510000000000000000000000000000000,29.986046260000000000000000000000000000000,31.441966030000000000000000000000000000000,300.636817600000000000000000000000000000000,317.663940400000000000000000000000000000000,0.980000019100000000000000000000000000000,227.100006100000000000000000000000000000000,0.264165225100000000000000000000000000000,3.790092468000000000000000000000000000000,2.500000000000000000000000000000000000000,46.000000000000000000000000000000000000000
42.487808580000000000000000000000000000000,29.986041940000000000000000000000000000000,31.441957320000000000000000000000000000000,299.924289600000000000000000000000000000000,316.951416000000000000000000000000000000000,1.080000043000000000000000000000000000000,233.600006100000000000000000000000000000000,0.266068916700000000000000000000000000000,3.790092468000000000000000000000000000000,2.500000000000000000000000000000000000000,48.000000000000000000000000000000000000000
43.487628680000000000000000000000000000000,29.986034660000000000000000000000000000000,31.441939430000000000000000000000000000000,299.654692900000000000000000000000000000000,316.681823700000000000000000000000000000000,2.349999905000000000000000000000000000000,245.000000000000000000000000000000000000000,0.268934392800000000000000000000000000000,3.790092468000000000000000000000000000000,2.500000000000000000000000000000000000000,47.000000000000000000000000000000000000000
44.487008730000000000000000000000000000000,29.986024930000000000000000000000000000000,31.441911880000000000000000000000000000000,299.311610200000000000000000000000000000000,316.338745100000000000000000000000000000000,3.119999886000000000000000000000000000000,248.100006100000000000000000000000000000000,0.272212487400000000000000000000000000000,3.790092468000000000000000000000000000000,2.500000000000000000000000000000000000000,44.000000000000000000000000000000000000000
45.487281600000000000000000000000000000000,29.986016780000000000000000000000000000000,31.441879170000000000000000000000000000000,298.821743500000000000000000000000000000000,315.848877000000000000000000000000000000000,3.420000076000000000000000000000000000000,257.000000000000000000000000000000000000000,0.275323730300000000000000000000000000000,3.790092468000000000000000000000000000000,2.500000000000000000000000000000000000000,43.000000000000000000000000000000000000000
46.487117010000000000000000000000000000000,29.986013640000000000000000000000000000000,31.441847070000000000000000000000000000000,298.781592900000000000000000000000000000000,315.808715800000000000000000000000000000000,3.039999962000000000000000000000000000000,265.299987800000000000000000000000000000000,0.278642108700000000000000000000000000000,3.790092468000000000000000000000000000000,2.500000000000000000000000000000000000000,45.000000000000000000000000000000000000000
47.487854830000000000000000000000000000000,29.986014980000000000000000000000000000000,31.441812650000000000000000000000000000000,299.241879100000000000000000000000000000000,316.268981900000000000000000000000000000000,3.500000000000000000000000000000000000000,271.899993900000000000000000000000000000000,0.282054268900000000000000000000000000000,3.790092468000000000000000000000000000000,2.500000000000000000000000000000000000000,45.000000000000000000000000000000000000000
48.487613260000000000000000000000000000000,29.986018820000000000000000000000000000000,31.441777500000000000000000000000000000000,299.041281700000000000000000000000000000000,316.068359400000000000000000000000000000000,3.420000076000000000000000000000000000000,275.100006100000000000000000000000000000000,0.285406799900000000000000000000000000000,3.790092468000000000000000000000000000000,2.500000000000000000000000000000000000000,49.000000000000000000000000000000000000000
49.487651130000000000000000000000000000000,29.986021610000000000000000000000000000000,31.441742840000000000000000000000000000000,298.793379800000000000000000000000000000000,315.820434600000000000000000000000000000000,3.380000114000000000000000000000000000000,272.899993900000000000000000000000000000000,0.288767620200000000000000000000000000000,3.790092468000000000000000000000000000000,2.500000000000000000000000000000000000000,48.000000000000000000000000000000000000000
50.487472480000000000000000000000000000000,29.986023460000000000000000000000000000000,31.441708010000000000000000000000000000000,299.006535800000000000000000000000000000000,316.033569300000000000000000000000000000000,3.390000105000000000000000000000000000000,271.399993900000000000000000000000000000000,0.292083329400000000000000000000000000000,3.790092468000000000000000000000000000000,2.500000000000000000000000000000000000000,50.000000000000000000000000000000000000000
51.487587530000000000000000000000000000000,29.986025320000000000000000000000000000000,31.441673650000000000000000000000000000000,299.638026600000000000000000000000000000000,316.665039100000000000000000000000000000000,3.390000105000000000000000000000000000000,270.700012200000000000000000000000000000000,0.295424959800000000000000000000000000000,3.790092468000000000000000000000000000000,2.500000000000000000000000000000000000000,47.000000000000000000000000000000000000000
52.487530450000000000000000000000000000000,29.986026870000000000000000000000000000000,31.441639000000000000000000000000000000000,299.454453500000000000000000000000000000000,316.481445300000000000000000000000000000000,3.369999886000000000000000000000000000000,270.200012200000000000000000000000000000000,0.298999888000000000000000000000000000000,3.790092468000000000000000000000000000000,2.500000000000000000000000000000000000000,46.000000000000000000000000000000000000000
53.487405030000000000000000000000000000000,29.986028960000000000000000000000000000000,31.441601960000000000000000000000000000000,299.498909900000000000000000000000000000000,316.525878900000000000000000000000000000000,3.539999962000000000000000000000000000000,271.899993900000000000000000000000000000000,0.302338886200000000000000000000000000000,3.790092468000000000000000000000000000000,2.500000000000000000000000000000000000000,47.000000000000000000000000000000000000000
54.487372580000000000000000000000000000000,29.986032090000000000000000000000000000000,31.441567480000000000000000000000000000000,299.761079400000000000000000000000000000000,316.788024900000000000000000000000000000000,3.299999952000000000000000000000000000000,274.600006100000000000000000000000000000000,0.305846972500000000000000000000000000000,3.790092468000000000000000000000000000000,2.500000000000000000000000000000000000000,43.000000000000000000000000000000000000000
55.487778890000000000000000000000000000000,29.986032980000000000000000000000000000000,31.441531070000000000000000000000000000000,299.149100100000000000000000000000000000000,316.176025400000000000000000000000000000000,3.500000000000000000000000000000000000000,270.799987800000000000000000000000000000000,0.309414474500000000000000000000000000000,3.790092468000000000000000000000000000000,2.500000000000000000000000000000000000000,39.000000000000000000000000000000000000000
56.487663730000000000000000000000000000000,29.986032700000000000000000000000000000000,31.441494030000000000000000000000000000000,299.378854900000000000000000000000000000000,316.405761700000000000000000000000000000000,3.460000038000000000000000000000000000000,269.299987800000000000000000000000000000000,0.313366484000000000000000000000000000000,3.790092468000000000000000000000000000000,2.500000000000000000000000000000000000000,37.000000000000000000000000000000000000000
57.487294460000000000000000000000000000000,29.986030570000000000000000000000000000000,31.441453070000000000000000000000000000000,298.528896200000000000000000000000000000000,315.555786100000000000000000000000000000000,3.750000000000000000000000000000000000000,265.799987800000000000000000000000000000000,0.317283460000000000000000000000000000000,3.790092468000000000000000000000000000000,2.500000000000000000000000000000000000000,35.000000000000000000000000000000000000000
58.487062370000000000000000000000000000000,29.986030560000000000000000000000000000000,31.441412400000000000000000000000000000000,296.820237800000000000000000000000000000000,313.847106900000000000000000000000000000000,3.390000105000000000000000000000000000000,271.700012200000000000000000000000000000000,0.321069025400000000000000000000000000000,3.790092468000000000000000000000000000000,2.500000000000000000000000000000000000000,35.000000000000000000000000000000000000000
59.486944870000000000000000000000000000000,29.986032670000000000000000000000000000000,31.441373170000000000000000000000000000000,296.407481000000000000000000000000000000000,313.434326200000000000000000000000000000000,3.569999933000000000000000000000000000000,275.000000000000000000000000000000000000000,0.324647554600000000000000000000000000000,3.790092468000000000000000000000000000000,2.608179808000000000000000000000000000000,37.000000000000000000000000000000000000000
60.487080390000000000000000000000000000000,29.986035210000000000000000000000000000000,31.441336130000000000000000000000000000000,296.483249300000000000000000000000000000000,313.510070800000000000000000000000000000000,3.380000114000000000000000000000000000000,274.299987800000000000000000000000000000000,0.328049795300000000000000000000000000000,3.790092468000000000000000000000000000000,2.715213776000000000000000000000000000000,37.000000000000000000000000000000000000000
61.487302890000000000000000000000000000000,29.986035750000000000000000000000000000000,31.441300810000000000000000000000000000000,297.336112600000000000000000000000000000000,314.362915000000000000000000000000000000000,3.490000010000000000000000000000000000000,272.399993900000000000000000000000000000000,0.331384008100000000000000000000000000000,3.790092468000000000000000000000000000000,2.742848635000000000000000000000000000000,38.000000000000000000000000000000000000000
62.487030910000000000000000000000000000000,29.986035060000000000000000000000000000000,31.441266200000000000000000000000000000000,297.422554800000000000000000000000000000000,314.449340800000000000000000000000000000000,3.390000105000000000000000000000000000000,269.799987800000000000000000000000000000000,0.334682414800000000000000000000000000000,9.935046196000000000000000000000000000000,2.625812769000000000000000000000000000000,44.000000000000000000000000000000000000000
63.486975080000000000000000000000000000000,29.986033500000000000000000000000000000000,31.441232000000000000000000000000000000000,298.423729100000000000000000000000000000000,315.450500500000000000000000000000000000000,3.390000105000000000000000000000000000000,268.299987800000000000000000000000000000000,0.338107591500000000000000000000000000000,9.935046196000000000000000000000000000000,2.601519108000000000000000000000000000000,46.000000000000000000000000000000000000000
64.487773050000000000000000000000000000000,29.986031150000000000000000000000000000000,31.441196540000000000000000000000000000000,299.099951300000000000000000000000000000000,316.126709000000000000000000000000000000000,3.569999933000000000000000000000000000000,267.700012200000000000000000000000000000000,0.341440507900000000000000000000000000000,9.935046196000000000000000000000000000000,2.500000000000000000000000000000000000000,46.000000000000000000000000000000000000000
65.487354770000000000000000000000000000000,29.986029610000000000000000000000000000000,31.441161980000000000000000000000000000000,299.469839100000000000000000000000000000000,316.496582000000000000000000000000000000000,3.480000019000000000000000000000000000000,269.000000000000000000000000000000000000000,0.344800939300000000000000000000000000000,9.935046196000000000000000000000000000000,2.543530464000000000000000000000000000000,44.000000000000000000000000000000000000000
66.486960130000000000000000000000000000000,29.986029880000000000000000000000000000000,31.441127090000000000000000000000000000000,299.656869200000000000000000000000000000000,316.683593800000000000000000000000000000000,3.470000029000000000000000000000000000000,271.299987800000000000000000000000000000000,0.348308663100000000000000000000000000000,9.935046196000000000000000000000000000000,2.500000000000000000000000000000000000000,43.000000000000000000000000000000000000000
67.487516230000000000000000000000000000000,29.986029680000000000000000000000000000000,31.441090670000000000000000000000000000000,299.844509500000000000000000000000000000000,316.871215800000000000000000000000000000000,3.500000000000000000000000000000000000000,269.899993900000000000000000000000000000000,0.351848198800000000000000000000000000000,9.935046196000000000000000000000000000000,2.521674156000000000000000000000000000000,41.000000000000000000000000000000000000000
68.487042740000000000000000000000000000000,29.986028900000000000000000000000000000000,31.441053930000000000000000000000000000000,300.363997000000000000000000000000000000000,317.390686000000000000000000000000000000000,3.559999943000000000000000000000000000000,269.200012200000000000000000000000000000000,0.355313836500000000000000000000000000000,9.935046196000000000000000000000000000000,2.500000000000000000000000000000000000000,37.000000000000000000000000000000000000000
69.487565910000000000000000000000000000000,29.986029350000000000000000000000000000000,31.441017950000000000000000000000000000000,300.646059700000000000000000000000000000000,317.672729500000000000000000000000000000000,3.380000114000000000000000000000000000000,270.600006100000000000000000000000000000000,0.358854539700000000000000000000000000000,9.935046196000000000000000000000000000000,2.500000000000000000000000000000000000000,37.000000000000000000000000000000000000000
70.487010550000000000000000000000000000000,29.986030480000000000000000000000000000000,31.440981210000000000000000000000000000000,300.559837900000000000000000000000000000000,317.586486800000000000000000000000000000000,3.460000038000000000000000000000000000000,270.200012200000000000000000000000000000000,0.362434092200000000000000000000000000000,9.935046196000000000000000000000000000000,2.500000000000000000000000000000000000000,37.000000000000000000000000000000000000000
71.487374300000000000000000000000000000000,29.986031440000000000000000000000000000000,31.440944060000000000000000000000000000000,300.231123400000000000000000000000000000000,317.257751500000000000000000000000000000000,3.440000057000000000000000000000000000000,270.399993900000000000000000000000000000000,0.365995353700000000000000000000000000000,9.935046196000000000000000000000000000000,2.500000000000000000000000000000000000000,37.000000000000000000000000000000000000000
72.486903310000000000000000000000000000000,29.986032400000000000000000000000000000000,31.440907100000000000000000000000000000000,300.564335000000000000000000000000000000000,317.590942400000000000000000000000000000000,3.369999886000000000000000000000000000000,269.799987800000000000000000000000000000000,0.369595832500000000000000000000000000000,9.935046196000000000000000000000000000000,2.500000000000000000000000000000000000000,38.000000000000000000000000000000000000000
73.487307420000000000000000000000000000000,29.986033280000000000000000000000000000000,31.440869730000000000000000000000000000000,300.758996800000000000000000000000000000000,317.785583500000000000000000000000000000000,3.410000086000000000000000000000000000000,268.200012200000000000000000000000000000000,0.372980471200000000000000000000000000000,9.935046196000000000000000000000000000000,2.500000000000000000000000000000000000000,38.000000000000000000000000000000000000000
74.487219760000000000000000000000000000000,29.986032900000000000000000000000000000000,31.440834590000000000000000000000000000000,301.090618100000000000000000000000000000000,318.117187500000000000000000000000000000000,3.289999962000000000000000000000000000000,267.200012200000000000000000000000000000000,0.376254570800000000000000000000000000000,9.935046196000000000000000000000000000000,2.500000000000000000000000000000000000000,42.000000000000000000000000000000000000000
75.487094970000000000000000000000000000000,29.986030480000000000000000000000000000000,31.440800710000000000000000000000000000000,301.330865200000000000000000000000000000000,318.357421900000000000000000000000000000000,3.259999990000000000000000000000000000000,262.200012200000000000000000000000000000000,0.379659378900000000000000000000000000000,9.935046196000000000000000000000000000000,2.500000000000000000000000000000000000000,43.000000000000000000000000000000000000000
76.487420440000000000000000000000000000000,29.986022860000000000000000000000000000000,31.440766470000000000000000000000000000000,302.034481800000000000000000000000000000000,319.061035200000000000000000000000000000000,3.519999981000000000000000000000000000000,252.699996900000000000000000000000000000000,0.383232586300000000000000000000000000000,9.935046196000000000000000000000000000000,2.500000000000000000000000000000000000000,45.000000000000000000000000000000000000000
77.487725700000000000000000000000000000000,29.986009960000000000000000000000000000000,31.440732490000000000000000000000000000000,301.690969200000000000000000000000000000000,318.717529300000000000000000000000000000000,3.690000057000000000000000000000000000000,245.500000000000000000000000000000000000000,0.386799575600000000000000000000000000000,9.935046196000000000000000000000000000000,2.500000000000000000000000000000000000000,45.000000000000000000000000000000000000000
78.487735910000000000000000000000000000000,29.985991800000000000000000000000000000000,31.440701960000000000000000000000000000000,301.629305400000000000000000000000000000000,318.655883800000000000000000000000000000000,3.589999914000000000000000000000000000000,234.300003100000000000000000000000000000000,0.390911114000000000000000000000000000000,9.935046196000000000000000000000000000000,2.500000000000000000000000000000000000000,46.000000000000000000000000000000000000000
79.487569350000000000000000000000000000000,29.985967150000000000000000000000000000000,31.440670140000000000000000000000000000000,300.838870300000000000000000000000000000000,317.865478500000000000000000000000000000000,4.230000019000000000000000000000000000000,229.199996900000000000000000000000000000000,0.394926459100000000000000000000000000000,9.935046196000000000000000000000000000000,2.500000000000000000000000000000000000000,48.000000000000000000000000000000000000000
80.487363670000000000000000000000000000000,29.985942540000000000000000000000000000000,31.440639630000000000000000000000000000000,300.603122100000000000000000000000000000000,317.629760700000000000000000000000000000000,3.910000086000000000000000000000000000000,228.300003100000000000000000000000000000000,0.398687383500000000000000000000000000000,9.935046196000000000000000000000000000000,2.500000000000000000000000000000000000000,49.000000000000000000000000000000000000000
81.487868770000000000000000000000000000000,29.985917460000000000000000000000000000000,31.440613430000000000000000000000000000000,300.688171600000000000000000000000000000000,317.714843800000000000000000000000000000000,3.750000000000000000000000000000000000000,223.300003100000000000000000000000000000000,0.402523171800000000000000000000000000000,9.935046196000000000000000000000000000000,2.500000000000000000000000000000000000000,50.000000000000000000000000000000000000000
82.487638720000000000000000000000000000000,29.985890270000000000000000000000000000000,31.440588920000000000000000000000000000000,300.567161700000000000000000000000000000000,317.593872100000000000000000000000000000000,3.839999914000000000000000000000000000000,219.100006100000000000000000000000000000000,0.406275700600000000000000000000000000000,9.935046196000000000000000000000000000000,2.500000000000000000000000000000000000000,51.000000000000000000000000000000000000000
83.487537940000000000000000000000000000000,29.985863030000000000000000000000000000000,31.440565920000000000000000000000000000000,300.560347600000000000000000000000000000000,317.587097200000000000000000000000000000000,3.630000114000000000000000000000000000000,218.300003100000000000000000000000000000000,0.409967739200000000000000000000000000000,9.935046196000000000000000000000000000000,2.500000000000000000000000000000000000000,47.000000000000000000000000000000000000000
84.487393250000000000000000000000000000000,29.985836110000000000000000000000000000000,31.440543480000000000000000000000000000000,300.921575900000000000000000000000000000000,317.948364300000000000000000000000000000000,3.769999981000000000000000000000000000000,218.600006100000000000000000000000000000000,0.413580816700000000000000000000000000000,9.935046196000000000000000000000000000000,2.500000000000000000000000000000000000000,46.000000000000000000000000000000000000000
85.487379970000000000000000000000000000000,29.985809660000000000000000000000000000000,31.440521690000000000000000000000000000000,301.211210500000000000000000000000000000000,318.238037100000000000000000000000000000000,3.730000019000000000000000000000000000000,217.100006100000000000000000000000000000000,0.417230789000000000000000000000000000000,9.935046196000000000000000000000000000000,2.500000000000000000000000000000000000000,46.000000000000000000000000000000000000000
86.487365440000000000000000000000000000000,29.985783440000000000000000000000000000000,31.440498890000000000000000000000000000000,301.608756100000000000000000000000000000000,318.635620100000000000000000000000000000000,3.769999981000000000000000000000000000000,216.899993900000000000000000000000000000000,0.420805133600000000000000000000000000000,9.935046196000000000000000000000000000000,2.500000000000000000000000000000000000000,46.000000000000000000000000000000000000000
87.486994710000000000000000000000000000000,29.985758870000000000000000000000000000000,31.440474960000000000000000000000000000000,301.297015900000000000000000000000000000000,318.323913600000000000000000000000000000000,3.630000114000000000000000000000000000000,220.300003100000000000000000000000000000000,0.424511556800000000000000000000000000000,9.935046196000000000000000000000000000000,2.500000000000000000000000000000000000000,46.000000000000000000000000000000000000000
88.487579650000000000000000000000000000000,29.985735650000000000000000000000000000000,31.440447350000000000000000000000000000000,301.361256600000000000000000000000000000000,318.388183600000000000000000000000000000000,3.869999886000000000000000000000000000000,226.300003100000000000000000000000000000000,0.428473371700000000000000000000000000000,9.935046196000000000000000000000000000000,2.500000000000000000000000000000000000000,47.000000000000000000000000000000000000000
89.487212310000000000000000000000000000000,29.985712430000000000000000000000000000000,31.440416150000000000000000000000000000000,301.159691100000000000000000000000000000000,318.186645500000000000000000000000000000000,4.079999924000000000000000000000000000000,229.600006100000000000000000000000000000000,0.432256580500000000000000000000000000000,9.935046196000000000000000000000000000000,2.500000000000000000000000000000000000000,50.000000000000000000000000000000000000000
90.487696680000000000000000000000000000000,29.985691930000000000000000000000000000000,31.440384800000000000000000000000000000000,301.057862200000000000000000000000000000000,318.084838900000000000000000000000000000000,3.759999990000000000000000000000000000000,232.800003100000000000000000000000000000000,0.435943286300000000000000000000000000000,9.935046196000000000000000000000000000000,2.500000000000000000000000000000000000000,49.000000000000000000000000000000000000000
91.487187100000000000000000000000000000000,29.985673180000000000000000000000000000000,31.440353230000000000000000000000000000000,301.015118600000000000000000000000000000000,318.042114300000000000000000000000000000000,3.640000105000000000000000000000000000000,235.100006100000000000000000000000000000000,0.439852550500000000000000000000000000000,9.935046196000000000000000000000000000000,2.500000000000000000000000000000000000000,48.000000000000000000000000000000000000000
92.487694340000000000000000000000000000000,29.985655200000000000000000000000000000000,31.440318350000000000000000000000000000000,300.821987600000000000000000000000000000000,317.848999000000000000000000000000000000000,3.839999914000000000000000000000000000000,238.899993900000000000000000000000000000000,0.443553223200000000000000000000000000000,9.935046196000000000000000000000000000000,2.500000000000000000000000000000000000000,45.000000000000000000000000000000000000000
93.487866840000000000000000000000000000000,29.985641640000000000000000000000000000000,31.440283260000000000000000000000000000000,300.622334200000000000000000000000000000000,317.649353000000000000000000000000000000000,3.630000114000000000000000000000000000000,245.199996900000000000000000000000000000000,0.447107074900000000000000000000000000000,9.935046196000000000000000000000000000000,2.500000000000000000000000000000000000000,45.000000000000000000000000000000000000000
94.487205330000000000000000000000000000000,29.985632800000000000000000000000000000000,31.440247800000000000000000000000000000000,300.603842200000000000000000000000000000000,317.630859400000000000000000000000000000000,3.519999981000000000000000000000000000000,253.100006100000000000000000000000000000000,0.450557196400000000000000000000000000000,9.935046196000000000000000000000000000000,2.500000000000000000000000000000000000000,46.000000000000000000000000000000000000000
95.487022360000000000000000000000000000000,29.985627470000000000000000000000000000000,31.440212510000000000000000000000000000000,300.454558300000000000000000000000000000000,317.481567400000000000000000000000000000000,3.210000038000000000000000000000000000000,259.200012200000000000000000000000000000000,0.454115606100000000000000000000000000000,9.935046196000000000000000000000000000000,2.500000000000000000000000000000000000000,43.000000000000000000000000000000000000000
96.487501990000000000000000000000000000000,29.985623490000000000000000000000000000000,31.440175850000000000000000000000000000000,300.393473400000000000000000000000000000000,317.420471200000000000000000000000000000000,3.289999962000000000000000000000000000000,261.200012200000000000000000000000000000000,0.457905719700000000000000000000000000000,9.935046196000000000000000000000000000000,2.500000000000000000000000000000000000000,44.000000000000000000000000000000000000000
97.487905740000000000000000000000000000000,29.985620210000000000000000000000000000000,31.440136680000000000000000000000000000000,300.069939900000000000000000000000000000000,317.096923800000000000000000000000000000000,3.750000000000000000000000000000000000000,264.299987800000000000000000000000000000000,0.461833748100000000000000000000000000000,9.935046196000000000000000000000000000000,2.500000000000000000000000000000000000000,43.000000000000000000000000000000000000000
98.487355220000000000000000000000000000000,29.985619680000000000000000000000000000000,31.440095900000000000000000000000000000000,299.886671200000000000000000000000000000000,316.913635300000000000000000000000000000000,3.690000057000000000000000000000000000000,267.799987800000000000000000000000000000000,0.465665321200000000000000000000000000000,9.935046196000000000000000000000000000000,2.500000000000000000000000000000000000000,45.000000000000000000000000000000000000000
99.486948140000000000000000000000000000000,29.985620110000000000000000000000000000000,31.440056120000000000000000000000000000000,299.899387600000000000000000000000000000000,316.926330600000000000000000000000000000000,3.609999895000000000000000000000000000000,271.899993900000000000000000000000000000000,0.469273157700000000000000000000000000000,9.935046196000000000000000000000000000000,2.500000000000000000000000000000000000000,42.000000000000000000000000000000000000000
100.487363500000000000000000000000000000000,29.985622230000000000000000000000000000000,31.440018740000000000000000000000000000000,300.028988300000000000000000000000000000000,317.055908200000000000000000000000000000000,3.529999971000000000000000000000000000000,273.700012200000000000000000000000000000000,0.472972695600000000000000000000000000000,9.935046196000000000000000000000000000000,2.500000000000000000000000000000000000000,44.000000000000000000000000000000000000000
101.487769100000000000000000000000000000000,29.985627320000000000000000000000000000000,31.439980780000000000000000000000000000000,299.994715500000000000000000000000000000000,317.021606400000000000000000000000000000000,3.700000048000000000000000000000000000000,279.100006100000000000000000000000000000000,0.476529279900000000000000000000000000000,9.935046196000000000000000000000000000000,2.500000000000000000000000000000000000000,44.000000000000000000000000000000000000000
102.487051500000000000000000000000000000000,29.985638190000000000000000000000000000000,31.439946050000000000000000000000000000000,300.696535700000000000000000000000000000000,317.723388700000000000000000000000000000000,3.430000067000000000000000000000000000000,290.500000000000000000000000000000000000000,0.480139128400000000000000000000000000000,9.935046196000000000000000000000000000000,2.500000000000000000000000000000000000000,43.000000000000000000000000000000000000000
103.487569600000000000000000000000000000000,29.985651890000000000000000000000000000000,31.439912070000000000000000000000000000000,300.641036700000000000000000000000000000000,317.667846700000000000000000000000000000000,3.559999943000000000000000000000000000000,293.200012200000000000000000000000000000000,0.483737612400000000000000000000000000000,9.935046196000000000000000000000000000000,2.500000000000000000000000000000000000000,44.000000000000000000000000000000000000000
104.487071000000000000000000000000000000000,29.985666360000000000000000000000000000000,31.439878650000000000000000000000000000000,300.755399700000000000000000000000000000000,317.782165500000000000000000000000000000000,3.569999933000000000000000000000000000000,296.000000000000000000000000000000000000000,0.487450691100000000000000000000000000000,9.935046196000000000000000000000000000000,2.500000000000000000000000000000000000000,43.000000000000000000000000000000000000000
105.487622900000000000000000000000000000000,29.985684710000000000000000000000000000000,31.439846440000000000000000000000000000000,300.941973900000000000000000000000000000000,317.968689000000000000000000000000000000000,3.660000086000000000000000000000000000000,303.299987800000000000000000000000000000000,0.491131237600000000000000000000000000000,9.935046196000000000000000000000000000000,2.500000000000000000000000000000000000000,46.000000000000000000000000000000000000000
106.487023700000000000000000000000000000000,29.985705410000000000000000000000000000000,31.439816620000000000000000000000000000000,301.237438000000000000000000000000000000000,318.264099100000000000000000000000000000000,3.650000095000000000000000000000000000000,308.700012200000000000000000000000000000000,0.494891222400000000000000000000000000000,9.935046196000000000000000000000000000000,2.500000000000000000000000000000000000000,47.000000000000000000000000000000000000000
107.487590300000000000000000000000000000000,29.985728630000000000000000000000000000000,31.439788240000000000000000000000000000000,301.754280500000000000000000000000000000000,318.780883800000000000000000000000000000000,3.650000095000000000000000000000000000000,314.299987800000000000000000000000000000000,0.498517850000000000000000000000000000000,9.935046196000000000000000000000000000000,2.500000000000000000000000000000000000000,45.000000000000000000000000000000000000000
108.487080700000000000000000000000000000000,29.985752280000000000000000000000000000000,31.439762310000000000000000000000000000000,302.085209600000000000000000000000000000000,319.111755400000000000000000000000000000000,3.559999943000000000000000000000000000000,318.000000000000000000000000000000000000000,0.502148407600000000000000000000000000000,9.935046196000000000000000000000000000000,2.500000000000000000000000000000000000000,47.000000000000000000000000000000000000000
109.487005800000000000000000000000000000000,29.985777960000000000000000000000000000000,31.439739030000000000000000000000000000000,302.435184000000000000000000000000000000000,319.461669900000000000000000000000000000000,3.569999933000000000000000000000000000000,321.500000000000000000000000000000000000000,0.505429886400000000000000000000000000000,9.935046196000000000000000000000000000000,2.500000000000000000000000000000000000000,43.000000000000000000000000000000000000000
110.486933300000000000000000000000000000000,29.985802680000000000000000000000000000000,31.439720420000000000000000000000000000000,302.644834400000000000000000000000000000000,319.671264600000000000000000000000000000000,3.150000095000000000000000000000000000000,326.399993900000000000000000000000000000000,0.508883212700000000000000000000000000000,9.935046196000000000000000000000000000000,2.500000000000000000000000000000000000000,43.000000000000000000000000000000000000000
111.487308600000000000000000000000000000000,29.985830010000000000000000000000000000000,31.439703390000000000000000000000000000000,302.372738500000000000000000000000000000000,319.399108900000000000000000000000000000000,3.410000086000000000000000000000000000000,329.299987800000000000000000000000000000000,0.512426657200000000000000000000000000000,9.935046196000000000000000000000000000000,2.500000000000000000000000000000000000000,41.000000000000000000000000000000000000000
112.487837600000000000000000000000000000000,29.985857690000000000000000000000000000000,31.439685160000000000000000000000000000000,301.735409400000000000000000000000000000000,318.761718800000000000000000000000000000000,3.420000076000000000000000000000000000000,331.299987800000000000000000000000000000000,0.515759695200000000000000000000000000000,9.935046196000000000000000000000000000000,2.500000000000000000000000000000000000000,40.000000000000000000000000000000000000000
113.487375500000000000000000000000000000000,29.985885420000000000000000000000000000000,31.439672020000000000000000000000000000000,302.425897600000000000000000000000000000000,319.452148400000000000000000000000000000000,3.349999905000000000000000000000000000000,336.299987800000000000000000000000000000000,0.519161759800000000000000000000000000000,9.935046196000000000000000000000000000000,2.500000000000000000000000000000000000000,41.000000000000000000000000000000000000000
114.486898100000000000000000000000000000000,29.985914600000000000000000000000000000000,31.439661400000000000000000000000000000000,302.481011300000000000000000000000000000000,319.507202100000000000000000000000000000000,3.519999981000000000000000000000000000000,340.399993900000000000000000000000000000000,0.522566057900000000000000000000000000000,9.935046196000000000000000000000000000000,2.500000000000000000000000000000000000000,43.000000000000000000000000000000000000000
115.487377600000000000000000000000000000000,29.985944370000000000000000000000000000000,31.439653150000000000000000000000000000000,303.190543800000000000000000000000000000000,320.216674800000000000000000000000000000000,3.549999952000000000000000000000000000000,345.100006100000000000000000000000000000000,0.525856874000000000000000000000000000000,9.935046196000000000000000000000000000000,2.500000000000000000000000000000000000000,44.000000000000000000000000000000000000000
116.487884700000000000000000000000000000000,29.985973640000000000000000000000000000000,31.439648100000000000000000000000000000000,303.740894100000000000000000000000000000000,320.766967800000000000000000000000000000000,3.349999905000000000000000000000000000000,349.100006100000000000000000000000000000000,0.529193697200000000000000000000000000000,9.935046196000000000000000000000000000000,2.500000000000000000000000000000000000000,45.000000000000000000000000000000000000000
117.487538900000000000000000000000000000000,29.986003460000000000000000000000000000000,31.439644220000000000000000000000000000000,304.436142200000000000000000000000000000000,321.462158200000000000000000000000000000000,3.440000057000000000000000000000000000000,349.500000000000000000000000000000000000000,0.532428919600000000000000000000000000000,9.935046196000000000000000000000000000000,2.500000000000000000000000000000000000000,45.000000000000000000000000000000000000000
118.487574900000000000000000000000000000000,29.986031920000000000000000000000000000000,31.439637240000000000000000000000000000000,304.680400600000000000000000000000000000000,321.706359900000000000000000000000000000000,3.339999914000000000000000000000000000000,342.899993900000000000000000000000000000000,0.535326816200000000000000000000000000000,9.935046196000000000000000000000000000000,2.500000000000000000000000000000000000000,45.000000000000000000000000000000000000000
119.487071400000000000000000000000000000000,29.986055530000000000000000000000000000000,31.439624500000000000000000000000000000000,305.018158800000000000000000000000000000000,322.044067400000000000000000000000000000000,2.839999914000000000000000000000000000000,330.399993900000000000000000000000000000000,0.538204697300000000000000000000000000000,9.935046196000000000000000000000000000000,2.500000000000000000000000000000000000000,44.000000000000000000000000000000000000000
120.487586800000000000000000000000000000000,29.986073240000000000000000000000000000000,31.439602710000000000000000000000000000000,304.969374900000000000000000000000000000000,321.995239300000000000000000000000000000000,2.890000105000000000000000000000000000000,309.600006100000000000000000000000000000000,0.541503837000000000000000000000000000000,9.935046196000000000000000000000000000000,2.500000000000000000000000000000000000000,47.000000000000000000000000000000000000000
121.487054500000000000000000000000000000000,29.986083690000000000000000000000000000000,31.439570650000000000000000000000000000000,304.636891300000000000000000000000000000000,321.662719700000000000000000000000000000000,3.250000000000000000000000000000000000000,285.600006100000000000000000000000000000000,0.545157210700000000000000000000000000000,9.935046196000000000000000000000000000000,2.500000000000000000000000000000000000000,48.000000000000000000000000000000000000000
122.487541900000000000000000000000000000000,29.986081270000000000000000000000000000000,31.439532820000000000000000000000000000000,304.483524700000000000000000000000000000000,321.509338400000000000000000000000000000000,3.700000048000000000000000000000000000000,261.399993900000000000000000000000000000000,0.548962938800000000000000000000000000000,9.935046196000000000000000000000000000000,2.500000000000000000000000000000000000000,50.000000000000000000000000000000000000000
123.487075100000000000000000000000000000000,29.986069140000000000000000000000000000000,31.439495870000000000000000000000000000000,303.804504800000000000000000000000000000000,320.830322300000000000000000000000000000000,3.559999943000000000000000000000000000000,249.699996900000000000000000000000000000000,0.552570941900000000000000000000000000000,9.935046196000000000000000000000000000000,2.500000000000000000000000000000000000000,51.000000000000000000000000000000000000000
124.487305500000000000000000000000000000000,29.986058350000000000000000000000000000000,31.439460540000000000000000000000000000000,303.800718600000000000000000000000000000000,320.826538100000000000000000000000000000000,3.549999952000000000000000000000000000000,253.699996900000000000000000000000000000000,0.556324765200000000000000000000000000000,9.935046196000000000000000000000000000000,2.500000000000000000000000000000000000000,53.000000000000000000000000000000000000000
125.487255700000000000000000000000000000000,29.986051690000000000000000000000000000000,31.439422330000000000000000000000000000000,303.580938000000000000000000000000000000000,320.606750500000000000000000000000000000000,3.660000086000000000000000000000000000000,258.899993900000000000000000000000000000000,0.560144807800000000000000000000000000000,9.935046196000000000000000000000000000000,2.500000000000000000000000000000000000000,56.000000000000000000000000000000000000000
126.487619400000000000000000000000000000000,29.986048670000000000000000000000000000000,31.439382820000000000000000000000000000000,303.518879800000000000000000000000000000000,320.544677700000000000000000000000000000000,3.660000086000000000000000000000000000000,263.100006100000000000000000000000000000000,0.564008882800000000000000000000000000000,9.935046196000000000000000000000000000000,2.500000000000000000000000000000000000000,52.000000000000000000000000000000000000000
127.487047900000000000000000000000000000000,29.986047310000000000000000000000000000000,31.439342730000000000000000000000000000000,303.559303100000000000000000000000000000000,320.585083000000000000000000000000000000000,3.759999990000000000000000000000000000000,266.000000000000000000000000000000000000000,0.567760493500000000000000000000000000000,9.935046196000000000000000000000000000000,2.500000000000000000000000000000000000000,51.000000000000000000000000000000000000000
128.487496000000000000000000000000000000000,29.986047730000000000000000000000000000000,31.439303780000000000000000000000000000000,303.079404300000000000000000000000000000000,320.105163600000000000000000000000000000000,3.789999962000000000000000000000000000000,268.399993900000000000000000000000000000000,0.571522382800000000000000000000000000000,9.935046196000000000000000000000000000000,2.500000000000000000000000000000000000000,47.000000000000000000000000000000000000000
129.487901000000000000000000000000000000000,29.986049050000000000000000000000000000000,31.439264750000000000000000000000000000000,302.987813000000000000000000000000000000000,320.013549800000000000000000000000000000000,3.680000067000000000000000000000000000000,269.700012200000000000000000000000000000000,0.575151189300000000000000000000000000000,9.935046196000000000000000000000000000000,2.500000000000000000000000000000000000000,45.000000000000000000000000000000000000000
130.487311200000000000000000000000000000000,29.986049720000000000000000000000000000000,31.439227080000000000000000000000000000000,303.063028800000000000000000000000000000000,320.088745100000000000000000000000000000000,3.589999914000000000000000000000000000000,269.000000000000000000000000000000000000000,0.578977959000000000000000000000000000000,9.935046196000000000000000000000000000000,2.500000000000000000000000000000000000000,45.000000000000000000000000000000000000000
131.486897700000000000000000000000000000000,29.986050170000000000000000000000000000000,31.439187350000000000000000000000000000000,302.319519700000000000000000000000000000000,319.345214800000000000000000000000000000000,3.680000067000000000000000000000000000000,269.899993900000000000000000000000000000000,0.582788409300000000000000000000000000000,9.935046196000000000000000000000000000000,2.500000000000000000000000000000000000000,43.000000000000000000000000000000000000000
132.487405300000000000000000000000000000000,29.986051080000000000000000000000000000000,31.439147800000000000000000000000000000000,302.389976200000000000000000000000000000000,319.415649400000000000000000000000000000000,3.640000105000000000000000000000000000000,269.600006100000000000000000000000000000000,0.586667842300000000000000000000000000000,9.935046196000000000000000000000000000000,2.500000000000000000000000000000000000000,45.000000000000000000000000000000000000000
133.487514800000000000000000000000000000000,29.986050970000000000000000000000000000000,31.439107520000000000000000000000000000000,302.764630300000000000000000000000000000000,319.790283200000000000000000000000000000000,3.769999981000000000000000000000000000000,267.899993900000000000000000000000000000000,0.590288199600000000000000000000000000000,9.935046196000000000000000000000000000000,2.500000000000000000000000000000000000000,46.000000000000000000000000000000000000000
134.487270800000000000000000000000000000000,29.986051080000000000000000000000000000000,31.439069930000000000000000000000000000000,302.864991500000000000000000000000000000000,319.890625000000000000000000000000000000000,3.500000000000000000000000000000000000000,268.500000000000000000000000000000000000000,0.593883859200000000000000000000000000000,9.935046196000000000000000000000000000000,2.500000000000000000000000000000000000000,47.000000000000000000000000000000000000000
135.487118100000000000000000000000000000000,29.986051540000000000000000000000000000000,31.439032600000000000000000000000000000000,303.035787900000000000000000000000000000000,320.061401400000000000000000000000000000000,3.599999905000000000000000000000000000000,269.600006100000000000000000000000000000000,0.597523513600000000000000000000000000000,9.935046196000000000000000000000000000000,2.500000000000000000000000000000000000000,46.000000000000000000000000000000000000000
136.487514800000000000000000000000000000000,29.986052620000000000000000000000000000000,31.438994830000000000000000000000000000000,303.128216400000000000000000000000000000000,320.153808600000000000000000000000000000000,3.670000076000000000000000000000000000000,270.899993900000000000000000000000000000000,0.601179499000000000000000000000000000000,9.935046196000000000000000000000000000000,2.500000000000000000000000000000000000000,47.000000000000000000000000000000000000000
137.486901600000000000000000000000000000000,29.986053380000000000000000000000000000000,31.438956880000000000000000000000000000000,302.863771900000000000000000000000000000000,319.889343300000000000000000000000000000000,3.769999981000000000000000000000000000000,269.799987800000000000000000000000000000000,0.605088314200000000000000000000000000000,9.935046196000000000000000000000000000000,2.500000000000000000000000000000000000000,48.000000000000000000000000000000000000000
138.487340100000000000000000000000000000000,29.986051720000000000000000000000000000000,31.438916340000000000000000000000000000000,302.828267000000000000000000000000000000000,319.853820800000000000000000000000000000000,3.910000086000000000000000000000000000000,266.299987800000000000000000000000000000000,0.609085929000000000000000000000000000000,9.935046196000000000000000000000000000000,2.500000000000000000000000000000000000000,47.000000000000000000000000000000000000000
139.487278200000000000000000000000000000000,29.986049260000000000000000000000000000000,31.438874930000000000000000000000000000000,302.707861300000000000000000000000000000000,319.733398400000000000000000000000000000000,3.970000029000000000000000000000000000000,268.200012200000000000000000000000000000000,0.612845692000000000000000000000000000000,9.935046196000000000000000000000000000000,2.500000000000000000000000000000000000000,46.000000000000000000000000000000000000000
140.487748000000000000000000000000000000000,29.986049930000000000000000000000000000000,31.438835900000000000000000000000000000000,302.404537700000000000000000000000000000000,319.430053700000000000000000000000000000000,3.809999943000000000000000000000000000000,271.799987800000000000000000000000000000000,0.616661692900000000000000000000000000000,9.935046196000000000000000000000000000000,2.500000000000000000000000000000000000000,45.000000000000000000000000000000000000000
141.487786200000000000000000000000000000000,29.986051300000000000000000000000000000000,31.438796310000000000000000000000000000000,302.400166000000000000000000000000000000000,319.425659200000000000000000000000000000000,3.750000000000000000000000000000000000000,271.700012200000000000000000000000000000000,0.620478670200000000000000000000000000000,9.935046196000000000000000000000000000000,2.500000000000000000000000000000000000000,46.000000000000000000000000000000000000000
142.487393200000000000000000000000000000000,29.986051620000000000000000000000000000000,31.438756680000000000000000000000000000000,302.267374300000000000000000000000000000000,319.292846700000000000000000000000000000000,3.769999981000000000000000000000000000000,270.700012200000000000000000000000000000000,0.624216285900000000000000000000000000000,9.935046196000000000000000000000000000000,2.500000000000000000000000000000000000000,43.000000000000000000000000000000000000000
143.487778600000000000000000000000000000000,29.986052290000000000000000000000000000000,31.438717880000000000000000000000000000000,302.302063400000000000000000000000000000000,319.327514600000000000000000000000000000000,3.759999990000000000000000000000000000000,270.600006100000000000000000000000000000000,0.628170872900000000000000000000000000000,9.935046196000000000000000000000000000000,2.500000000000000000000000000000000000000,42.000000000000000000000000000000000000000
144.487376200000000000000000000000000000000,29.986052470000000000000000000000000000000,31.438676820000000000000000000000000000000,301.960165800000000000000000000000000000000,318.985595700000000000000000000000000000000,3.759999990000000000000000000000000000000,271.100006100000000000000000000000000000000,0.632220645100000000000000000000000000000,9.935046196000000000000000000000000000000,2.500000000000000000000000000000000000000,39.000000000000000000000000000000000000000
145.487336100000000000000000000000000000000,29.986051380000000000000000000000000000000,31.438634790000000000000000000000000000000,302.328227200000000000000000000000000000000,319.353637700000000000000000000000000000000,3.809999943000000000000000000000000000000,267.799987800000000000000000000000000000000,0.636276308800000000000000000000000000000,9.935046196000000000000000000000000000000,2.500000000000000000000000000000000000000,34.000000000000000000000000000000000000000
146.486996700000000000000000000000000000000,29.986051360000000000000000000000000000000,31.438592680000000000000000000000000000000,302.244996800000000000000000000000000000000,319.270385700000000000000000000000000000000,3.839999914000000000000000000000000000000,269.799987800000000000000000000000000000000,0.640105916700000000000000000000000000000,9.935046196000000000000000000000000000000,2.500000000000000000000000000000000000000,38.000000000000000000000000000000000000000
147.487339000000000000000000000000000000000,29.986052760000000000000000000000000000000,31.438552950000000000000000000000000000000,301.854760900000000000000000000000000000000,318.880127000000000000000000000000000000000,3.740000010000000000000000000000000000000,270.399993900000000000000000000000000000000,0.643869111900000000000000000000000000000,9.935046196000000000000000000000000000000,2.500000000000000000000000000000000000000,40.000000000000000000000000000000000000000
148.487369000000000000000000000000000000000,29.986052320000000000000000000000000000000,31.438513880000000000000000000000000000000,301.614545700000000000000000000000000000000,318.639892600000000000000000000000000000000,3.740000010000000000000000000000000000000,270.299987800000000000000000000000000000000,0.647800539200000000000000000000000000000,9.935046196000000000000000000000000000000,2.500000000000000000000000000000000000000,43.000000000000000000000000000000000000000
149.487572700000000000000000000000000000000,29.986052260000000000000000000000000000000,31.438473060000000000000000000000000000000,301.119266100000000000000000000000000000000,318.144592300000000000000000000000000000000,3.769999981000000000000000000000000000000,271.299987800000000000000000000000000000000,0.651676198800000000000000000000000000000,9.935046196000000000000000000000000000000,2.500000000000000000000000000000000000000,41.000000000000000000000000000000000000000
150.487539000000000000000000000000000000000,29.986055470000000000000000000000000000000,31.438432990000000000000000000000000000000,301.349822400000000000000000000000000000000,318.375122100000000000000000000000000000000,3.829999924000000000000000000000000000000,274.399993900000000000000000000000000000000,0.655276224000000000000000000000000000000,9.935046196000000000000000000000000000000,2.500000000000000000000000000000000000000,42.000000000000000000000000000000000000000
151.487341100000000000000000000000000000000,29.986053650000000000000000000000000000000,31.438395670000000000000000000000000000000,301.406600800000000000000000000000000000000,318.431884800000000000000000000000000000000,3.720000029000000000000000000000000000000,266.899993900000000000000000000000000000000,0.659088401700000000000000000000000000000,9.935046196000000000000000000000000000000,2.500000000000000000000000000000000000000,45.000000000000000000000000000000000000000
152.487684600000000000000000000000000000000,29.986052510000000000000000000000000000000,31.438356110000000000000000000000000000000,301.334963600000000000000000000000000000000,318.360229500000000000000000000000000000000,3.809999943000000000000000000000000000000,267.100006100000000000000000000000000000000,0.662787237700000000000000000000000000000,9.935046196000000000000000000000000000000,2.500000000000000000000000000000000000000,44.000000000000000000000000000000000000000
153.487685000000000000000000000000000000000,29.986053050000000000000000000000000000000,31.438317710000000000000000000000000000000,301.586204900000000000000000000000000000000,318.611450200000000000000000000000000000000,3.779999971000000000000000000000000000000,269.399993900000000000000000000000000000000,0.666209779200000000000000000000000000000,9.935046196000000000000000000000000000000,2.500000000000000000000000000000000000000,40.000000000000000000000000000000000000000
154.487357900000000000000000000000000000000,29.986055840000000000000000000000000000000,31.438282320000000000000000000000000000000,301.743698900000000000000000000000000000000,318.768920900000000000000000000000000000000,3.730000019000000000000000000000000000000,271.100006100000000000000000000000000000000,0.669764562700000000000000000000000000000,9.935046196000000000000000000000000000000,2.500000000000000000000000000000000000000,41.000000000000000000000000000000000000000
155.487222500000000000000000000000000000000,29.986056560000000000000000000000000000000,31.438245420000000000000000000000000000000,301.543768000000000000000000000000000000000,318.568969700000000000000000000000000000000,3.700000048000000000000000000000000000000,270.299987800000000000000000000000000000000,0.673131615600000000000000000000000000000,9.935046196000000000000000000000000000000,2.500000000000000000000000000000000000000,42.000000000000000000000000000000000000000
156.487389600000000000000000000000000000000,29.986056650000000000000000000000000000000,31.438210460000000000000000000000000000000,301.386803600000000000000000000000000000000,318.411987300000000000000000000000000000000,3.609999895000000000000000000000000000000,270.799987800000000000000000000000000000000,0.676564154100000000000000000000000000000,9.935046196000000000000000000000000000000,2.500000000000000000000000000000000000000,42.000000000000000000000000000000000000000
157.487352400000000000000000000000000000000,29.986056720000000000000000000000000000000,31.438174820000000000000000000000000000000,301.493145200000000000000000000000000000000,318.518310500000000000000000000000000000000,3.599999905000000000000000000000000000000,270.899993900000000000000000000000000000000,0.680103304400000000000000000000000000000,9.935046196000000000000000000000000000000,2.500000000000000000000000000000000000000,39.000000000000000000000000000000000000000
158.487849500000000000000000000000000000000,29.986055110000000000000000000000000000000,31.438138120000000000000000000000000000000,301.657467600000000000000000000000000000000,318.682617200000000000000000000000000000000,3.609999895000000000000000000000000000000,268.200012200000000000000000000000000000000,0.683505543700000000000000000000000000000,9.935046196000000000000000000000000000000,2.500000000000000000000000000000000000000,41.000000000000000000000000000000000000000
159.487701000000000000000000000000000000000,29.986050720000000000000000000000000000000,31.438103160000000000000000000000000000000,301.837958200000000000000000000000000000000,318.863098100000000000000000000000000000000,3.589999914000000000000000000000000000000,262.000000000000000000000000000000000000000,0.686642106500000000000000000000000000000,9.935046196000000000000000000000000000000,2.500000000000000000000000000000000000000,42.000000000000000000000000000000000000000
160.487461000000000000000000000000000000000,29.986045910000000000000000000000000000000,31.438071070000000000000000000000000000000,302.360121300000000000000000000000000000000,319.385253900000000000000000000000000000000,3.250000000000000000000000000000000000000,262.000000000000000000000000000000000000000,0.689488392400000000000000000000000000000,9.935046196000000000000000000000000000000,2.500000000000000000000000000000000000000,42.000000000000000000000000000000000000000
161.487327900000000000000000000000000000000,29.986040360000000000000000000000000000000,31.438042220000000000000000000000000000000,302.500018300000000000000000000000000000000,319.525146500000000000000000000000000000000,2.900000095000000000000000000000000000000,257.600006100000000000000000000000000000000,0.692220565900000000000000000000000000000,9.935046196000000000000000000000000000000,2.500000000000000000000000000000000000000,40.000000000000000000000000000000000000000
162.487142200000000000000000000000000000000,29.986033180000000000000000000000000000000,31.438015090000000000000000000000000000000,302.552264800000000000000000000000000000000,319.577392600000000000000000000000000000000,2.839999914000000000000000000000000000000,253.300003100000000000000000000000000000000,0.695129398700000000000000000000000000000,9.935046196000000000000000000000000000000,2.500000000000000000000000000000000000000,40.000000000000000000000000000000000000000
163.487270200000000000000000000000000000000,29.986020380000000000000000000000000000000,31.437988750000000000000000000000000000000,301.595101000000000000000000000000000000000,318.620239300000000000000000000000000000000,3.079999924000000000000000000000000000000,243.500000000000000000000000000000000000000,0.698035078000000000000000000000000000000,9.935046196000000000000000000000000000000,2.500000000000000000000000000000000000000,41.000000000000000000000000000000000000000
164.487643600000000000000000000000000000000,29.986002770000000000000000000000000000000,31.437966460000000000000000000000000000000,300.696275800000000000000000000000000000000,317.721435500000000000000000000000000000000,2.970000029000000000000000000000000000000,231.899993900000000000000000000000000000000,0.698574736500000000000000000000000000000,9.935046196000000000000000000000000000000,2.500000000000000000000000000000000000000,42.000000000000000000000000000000000000000
165.487230900000000000000000000000000000000,29.985998980000000000000000000000000000000,31.437969960000000000000000000000000000000,300.878273800000000000000000000000000000000,317.903442400000000000000000000000000000000,0.000000000000000000000000000000000000000,NaN,0.701091610900000000000000000000000000000,9.935046196000000000000000000000000000000,2.500000000000000000000000000000000000000,39.000000000000000000000000000000000000000
166.487289400000000000000000000000000000000,29.985976760000000000000000000000000000000,31.437964980000000000000000000000000000000,301.214782600000000000000000000000000000000,318.239990200000000000000000000000000000000,2.799999952000000000000000000000000000000,187.800003100000000000000000000000000000000,0.705215507700000000000000000000000000000,9.935046196000000000000000000000000000000,2.500000000000000000000000000000000000000,42.000000000000000000000000000000000000000
167.487678500000000000000000000000000000000,29.985939840000000000000000000000000000000,31.437960920000000000000000000000000000000,300.325189300000000000000000000000000000000,317.350463900000000000000000000000000000000,3.809999943000000000000000000000000000000,186.800003100000000000000000000000000000000,0.712624693700000000000000000000000000000,9.935046196000000000000000000000000000000,2.500000000000000000000000000000000000000,41.000000000000000000000000000000000000000
168.487582900000000000000000000000000000000,29.985873640000000000000000000000000000000,31.437952170000000000000000000000000000000,299.131466500000000000000000000000000000000,316.156860400000000000000000000000000000000,4.179999828000000000000000000000000000000,182.199996900000000000000000000000000000000,0.717044074400000000000000000000000000000,10.070342060000000000000000000000000000000,2.500000000000000000000000000000000000000,40.000000000000000000000000000000000000000
169.487763500000000000000000000000000000000,29.985833930000000000000000000000000000000,31.437954080000000000000000000000000000000,298.618085600000000000000000000000000000000,315.643554700000000000000000000000000000000,4.309999943000000000000000000000000000000,180.899993900000000000000000000000000000000,0.721015458400000000000000000000000000000,10.085114480000000000000000000000000000000,2.500000000000000000000000000000000000000,41.000000000000000000000000000000000000000
170.487720200000000000000000000000000000000,29.985798290000000000000000000000000000000,31.437956760000000000000000000000000000000,299.119360400000000000000000000000000000000,316.144897500000000000000000000000000000000,4.349999905000000000000000000000000000000,181.100006100000000000000000000000000000000,0.725906302900000000000000000000000000000,9.935046196000000000000000000000000000000,2.500000000000000000000000000000000000000,41.000000000000000000000000000000000000000
171.487359200000000000000000000000000000000,29.985754310000000000000000000000000000000,31.437957480000000000000000000000000000000,299.142471100000000000000000000000000000000,316.168090800000000000000000000000000000000,4.409999847000000000000000000000000000000,181.000000000000000000000000000000000000000,0.730579192700000000000000000000000000000,9.935046196000000000000000000000000000000,2.500000000000000000000000000000000000000,33.000000000000000000000000000000000000000
172.487865600000000000000000000000000000000,29.985712310000000000000000000000000000000,31.437959130000000000000000000000000000000,299.093441600000000000000000000000000000000,316.119140600000000000000000000000000000000,4.440000057000000000000000000000000000000,180.800003100000000000000000000000000000000,0.735157269700000000000000000000000000000,9.935046196000000000000000000000000000000,2.500000000000000000000000000000000000000,34.000000000000000000000000000000000000000
173.487299500000000000000000000000000000000,29.985671150000000000000000000000000000000,31.437958000000000000000000000000000000000,298.852825700000000000000000000000000000000,315.878601100000000000000000000000000000000,4.280000210000000000000000000000000000000,180.000000000000000000000000000000000000000,0.739606306400000000000000000000000000000,9.935046196000000000000000000000000000000,2.500000000000000000000000000000000000000,39.000000000000000000000000000000000000000
174.487188900000000000000000000000000000000,29.985631140000000000000000000000000000000,31.437957650000000000000000000000000000000,298.616789100000000000000000000000000000000,315.642639200000000000000000000000000000000,4.500000000000000000000000000000000000000,180.699996900000000000000000000000000000000,0.744004809800000000000000000000000000000,9.935046196000000000000000000000000000000,2.500000000000000000000000000000000000000,41.000000000000000000000000000000000000000
175.487758500000000000000000000000000000000,29.985591590000000000000000000000000000000,31.437958490000000000000000000000000000000,298.144424700000000000000000000000000000000,315.170349100000000000000000000000000000000,4.360000134000000000000000000000000000000,180.399993900000000000000000000000000000000,0.748378143600000000000000000000000000000,9.935046196000000000000000000000000000000,2.500000000000000000000000000000000000000,42.000000000000000000000000000000000000000
176.487552900000000000000000000000000000000,29.985552280000000000000000000000000000000,31.437959950000000000000000000000000000000,297.672609800000000000000000000000000000000,314.698608400000000000000000000000000000000,4.380000114000000000000000000000000000000,179.500000000000000000000000000000000000000,0.752879368700000000000000000000000000000,9.935046196000000000000000000000000000000,2.500000000000000000000000000000000000000,42.000000000000000000000000000000000000000
177.487312300000000000000000000000000000000,29.985511800000000000000000000000000000000,31.437960180000000000000000000000000000000,297.909838600000000000000000000000000000000,314.935913100000000000000000000000000000000,4.559999943000000000000000000000000000000,180.300003100000000000000000000000000000000,0.757386647500000000000000000000000000000,9.935046196000000000000000000000000000000,2.500000000000000000000000000000000000000,43.000000000000000000000000000000000000000
178.487174000000000000000000000000000000000,29.985471270000000000000000000000000000000,31.437959450000000000000000000000000000000,297.704563000000000000000000000000000000000,314.730712900000000000000000000000000000000,4.369999886000000000000000000000000000000,181.699996900000000000000000000000000000000,0.762132453200000000000000000000000000000,9.935046196000000000000000000000000000000,2.500000000000000000000000000000000000000,44.000000000000000000000000000000000000000
179.487752000000000000000000000000000000000,29.985428590000000000000000000000000000000,31.437959370000000000000000000000000000000,297.443741100000000000000000000000000000000,314.469970700000000000000000000000000000000,4.920000076000000000000000000000000000000,181.500000000000000000000000000000000000000,0.766495967000000000000000000000000000000,9.935046196000000000000000000000000000000,2.500000000000000000000000000000000000000,42.000000000000000000000000000000000000000
180.487312000000000000000000000000000000000,29.985389350000000000000000000000000000000,31.437958910000000000000000000000000000000,297.026675800000000000000000000000000000000,314.052978500000000000000000000000000000000,4.250000000000000000000000000000000000000,181.100006100000000000000000000000000000000,0.770851506800000000000000000000000000000,9.935046196000000000000000000000000000000,2.500000000000000000000000000000000000000,43.000000000000000000000000000000000000000
181.487142700000000000000000000000000000000,29.985350180000000000000000000000000000000,31.437959090000000000000000000000000000000,296.712515600000000000000000000000000000000,313.738891600000000000000000000000000000000,4.409999847000000000000000000000000000000,180.199996900000000000000000000000000000000,0.775237763200000000000000000000000000000,9.935046196000000000000000000000000000000,2.500000000000000000000000000000000000000,41.000000000000000000000000000000000000000
182.487260000000000000000000000000000000000,29.985310740000000000000000000000000000000,31.437959920000000000000000000000000000000,296.758828100000000000000000000000000000000,313.785278300000000000000000000000000000000,4.400000095000000000000000000000000000000,178.800003100000000000000000000000000000000,0.779681083700000000000000000000000000000,9.935046196000000000000000000000000000000,2.500000000000000000000000000000000000000,42.000000000000000000000000000000000000000
183.487072100000000000000000000000000000000,29.985270800000000000000000000000000000000,31.437961370000000000000000000000000000000,296.418664800000000000000000000000000000000,313.445190400000000000000000000000000000000,4.480000019000000000000000000000000000000,178.500000000000000000000000000000000000000,0.784094811800000000000000000000000000000,9.935046196000000000000000000000000000000,2.500000000000000000000000000000000000000,42.000000000000000000000000000000000000000
184.487014900000000000000000000000000000000,29.985231120000000000000000000000000000000,31.437962570000000000000000000000000000000,296.365245300000000000000000000000000000000,313.391845700000000000000000000000000000000,4.380000114000000000000000000000000000000,179.300003100000000000000000000000000000000,0.788677161200000000000000000000000000000,9.935046196000000000000000000000000000000,2.500000000000000000000000000000000000000,41.000000000000000000000000000000000000000
185.487751800000000000000000000000000000000,29.985189910000000000000000000000000000000,31.437962490000000000000000000000000000000,295.978754700000000000000000000000000000000,313.005432100000000000000000000000000000000,4.500000000000000000000000000000000000000,180.399993900000000000000000000000000000000,0.793265417200000000000000000000000000000,9.935046196000000000000000000000000000000,2.500000000000000000000000000000000000000,44.000000000000000000000000000000000000000
186.487663300000000000000000000000000000000,29.985148680000000000000000000000000000000,31.437960580000000000000000000000000000000,295.442057500000000000000000000000000000000,312.468811000000000000000000000000000000000,4.429999828000000000000000000000000000000,181.800003100000000000000000000000000000000,0.797653306000000000000000000000000000000,9.935046196000000000000000000000000000000,2.500000000000000000000000000000000000000,44.000000000000000000000000000000000000000
187.487255800000000000000000000000000000000,29.985109220000000000000000000000000000000,31.437960220000000000000000000000000000000,294.698758800000000000000000000000000000000,311.725585900000000000000000000000000000000,4.380000114000000000000000000000000000000,180.899993900000000000000000000000000000000,0.802092635400000000000000000000000000000,9.935046196000000000000000000000000000000,2.500000000000000000000000000000000000000,44.000000000000000000000000000000000000000
188.487250800000000000000000000000000000000,29.985069300000000000000000000000000000000,31.437960860000000000000000000000000000000,294.603163800000000000000000000000000000000,311.630065900000000000000000000000000000000,4.389999866000000000000000000000000000000,179.899993900000000000000000000000000000000,0.806480216200000000000000000000000000000,9.935046196000000000000000000000000000000,2.500000000000000000000000000000000000000,45.000000000000000000000000000000000000000
189.487181800000000000000000000000000000000,29.985029870000000000000000000000000000000,31.437962590000000000000000000000000000000,294.533204000000000000000000000000000000000,311.560180700000000000000000000000000000000,4.329999924000000000000000000000000000000,179.100006100000000000000000000000000000000,0.810811717400000000000000000000000000000,9.935046196000000000000000000000000000000,2.500000000000000000000000000000000000000,44.000000000000000000000000000000000000000
190.487370000000000000000000000000000000000,29.984990970000000000000000000000000000000,31.437964960000000000000000000000000000000,294.261950800000000000000000000000000000000,311.289001500000000000000000000000000000000,4.230000019000000000000000000000000000000,177.899993900000000000000000000000000000000,0.815047256600000000000000000000000000000,9.935046196000000000000000000000000000000,2.500000000000000000000000000000000000000,46.000000000000000000000000000000000000000
191.487262600000000000000000000000000000000,29.984952970000000000000000000000000000000,31.437968000000000000000000000000000000000,294.260352400000000000000000000000000000000,311.287475600000000000000000000000000000000,3.839999914000000000000000000000000000000,175.000000000000000000000000000000000000000,0.819052645500000000000000000000000000000,9.935046196000000000000000000000000000000,2.500000000000000000000000000000000000000,43.000000000000000000000000000000000000000
192.487148900000000000000000000000000000000,29.984917390000000000000000000000000000000,31.437974490000000000000000000000000000000,294.031400700000000000000000000000000000000,311.058593800000000000000000000000000000000,3.710000038000000000000000000000000000000,170.300003100000000000000000000000000000000,0.822905565600000000000000000000000000000,9.935046196000000000000000000000000000000,2.500000000000000000000000000000000000000,43.000000000000000000000000000000000000000
193.486958500000000000000000000000000000000,29.984883550000000000000000000000000000000,31.437983090000000000000000000000000000000,294.078024900000000000000000000000000000000,311.105285600000000000000000000000000000000,3.539999962000000000000000000000000000000,166.000000000000000000000000000000000000000,0.826839539500000000000000000000000000000,9.935046196000000000000000000000000000000,2.500000000000000000000000000000000000000,44.000000000000000000000000000000000000000
194.487887400000000000000000000000000000000,29.984849390000000000000000000000000000000,31.437993720000000000000000000000000000000,293.934339900000000000000000000000000000000,310.961669900000000000000000000000000000000,3.900000095000000000000000000000000000000,163.399993900000000000000000000000000000000,0.830453974200000000000000000000000000000,9.935046196000000000000000000000000000000,2.500000000000000000000000000000000000000,43.000000000000000000000000000000000000000
195.487205500000000000000000000000000000000,29.984818910000000000000000000000000000000,31.438006760000000000000000000000000000000,294.124217700000000000000000000000000000000,311.151611300000000000000000000000000000000,3.519999981000000000000000000000000000000,159.500000000000000000000000000000000000000,0.833960917700000000000000000000000000000,9.935046196000000000000000000000000000000,2.500000000000000000000000000000000000000,44.000000000000000000000000000000000000000
196.487041900000000000000000000000000000000,29.984790160000000000000000000000000000000,31.438021730000000000000000000000000000000,293.939036600000000000000000000000000000000,310.966491700000000000000000000000000000000,3.549999952000000000000000000000000000000,156.000000000000000000000000000000000000000,0.837565293100000000000000000000000000000,9.935046196000000000000000000000000000000,2.500000000000000000000000000000000000000,42.000000000000000000000000000000000000000
197.487149300000000000000000000000000000000,29.984761480000000000000000000000000000000,31.438039170000000000000000000000000000000,293.066842800000000000000000000000000000000,310.094360400000000000000000000000000000000,3.700000048000000000000000000000000000000,150.199996900000000000000000000000000000000,0.840899299400000000000000000000000000000,9.935046196000000000000000000000000000000,2.500000000000000000000000000000000000000,45.000000000000000000000000000000000000000
198.487277400000000000000000000000000000000,29.984736630000000000000000000000000000000,31.438058540000000000000000000000000000000,292.860182400000000000000000000000000000000,309.887756300000000000000000000000000000000,3.359999895000000000000000000000000000000,145.399993900000000000000000000000000000000,0.844327046000000000000000000000000000000,9.935046196000000000000000000000000000000,2.500000000000000000000000000000000000000,44.000000000000000000000000000000000000000
199.487213300000000000000000000000000000000,29.984712150000000000000000000000000000000,31.438080170000000000000000000000000000000,292.888018700000000000000000000000000000000,309.915649400000000000000000000000000000000,3.500000000000000000000000000000000000000,142.699996900000000000000000000000000000000,0.847816280100000000000000000000000000000,9.935046196000000000000000000000000000000,2.500000000000000000000000000000000000000,46.000000000000000000000000000000000000000
200.487896400000000000000000000000000000000,29.984688560000000000000000000000000000000,31.438104060000000000000000000000000000000,292.961753900000000000000000000000000000000,309.989440900000000000000000000000000000000,3.420000076000000000000000000000000000000,140.500000000000000000000000000000000000000,0.851220289700000000000000000000000000000,9.935046196000000000000000000000000000000,2.500000000000000000000000000000000000000,46.000000000000000000000000000000000000000
201.487322400000000000000000000000000000000,29.984667390000000000000000000000000000000,31.438129590000000000000000000000000000000,293.103241800000000000000000000000000000000,310.130981400000000000000000000000000000000,3.420000076000000000000000000000000000000,136.199996900000000000000000000000000000000,0.854623912900000000000000000000000000000,9.935046196000000000000000000000000000000,2.500000000000000000000000000000000000000,47.000000000000000000000000000000000000000
202.487010500000000000000000000000000000000,29.984648080000000000000000000000000000000,31.438157010000000000000000000000000000000,293.224285400000000000000000000000000000000,310.252075200000000000000000000000000000000,3.390000105000000000000000000000000000000,131.000000000000000000000000000000000000000,0.858071125600000000000000000000000000000,9.935046196000000000000000000000000000000,2.500000000000000000000000000000000000000,49.000000000000000000000000000000000000000
203.487328600000000000000000000000000000000,29.984629970000000000000000000000000000000,31.438186060000000000000000000000000000000,293.163201600000000000000000000000000000000,310.191040000000000000000000000000000000000,3.369999886000000000000000000000000000000,126.800003100000000000000000000000000000000,0.861481181900000000000000000000000000000,9.935046196000000000000000000000000000000,2.500000000000000000000000000000000000000,49.000000000000000000000000000000000000000
204.487567600000000000000000000000000000000,29.984613600000000000000000000000000000000,31.438216000000000000000000000000000000000,293.117989700000000000000000000000000000000,310.145874000000000000000000000000000000000,3.339999914000000000000000000000000000000,123.800003100000000000000000000000000000000,0.864941406900000000000000000000000000000,9.935046196000000000000000000000000000000,2.500000000000000000000000000000000000000,45.000000000000000000000000000000000000000
205.487636500000000000000000000000000000000,29.984599590000000000000000000000000000000,31.438248080000000000000000000000000000000,293.607998400000000000000000000000000000000,310.635925300000000000000000000000000000000,3.369999886000000000000000000000000000000,118.599998500000000000000000000000000000000,0.868263569900000000000000000000000000000,9.935046196000000000000000000000000000000,2.500000000000000000000000000000000000000,43.000000000000000000000000000000000000000
206.487279300000000000000000000000000000000,29.984588810000000000000000000000000000000,31.438280250000000000000000000000000000000,293.699148300000000000000000000000000000000,310.727111800000000000000000000000000000000,3.269999981000000000000000000000000000000,114.500000000000000000000000000000000000000,0.871598786900000000000000000000000000000,9.935046196000000000000000000000000000000,2.500000000000000000000000000000000000000,42.000000000000000000000000000000000000000
207.487533200000000000000000000000000000000,29.984579530000000000000000000000000000000,31.438313180000000000000000000000000000000,293.972368600000000000000000000000000000000,311.000366200000000000000000000000000000000,3.339999914000000000000000000000000000000,110.099998500000000000000000000000000000000,0.874898391200000000000000000000000000000,9.935046196000000000000000000000000000000,2.500000000000000000000000000000000000000,43.000000000000000000000000000000000000000
208.487004100000000000000000000000000000000,29.984573650000000000000000000000000000000,31.438346760000000000000000000000000000000,294.447560100000000000000000000000000000000,311.475585900000000000000000000000000000000,3.319999933000000000000000000000000000000,105.300003100000000000000000000000000000000,0.878296482500000000000000000000000000000,9.935046196000000000000000000000000000000,2.500000000000000000000000000000000000000,41.000000000000000000000000000000000000000
209.487693400000000000000000000000000000000,29.984571010000000000000000000000000000000,31.438381910000000000000000000000000000000,294.355740400000000000000000000000000000000,311.383789100000000000000000000000000000000,3.329999924000000000000000000000000000000,99.500000000000000000000000000000000000000,0.881915280600000000000000000000000000000,9.935046196000000000000000000000000000000,2.500000000000000000000000000000000000000,43.000000000000000000000000000000000000000
210.487329300000000000000000000000000000000,29.984569860000000000000000000000000000000,31.438419460000000000000000000000000000000,294.429571600000000000000000000000000000000,311.457641600000000000000000000000000000000,3.430000067000000000000000000000000000000,95.500000000000000000000000000000000000000,0.885173736100000000000000000000000000000,9.935046196000000000000000000000000000000,2.500000000000000000000000000000000000000,43.000000000000000000000000000000000000000
211.487065200000000000000000000000000000000,29.984567820000000000000000000000000000000,31.438453210000000000000000000000000000000,295.035385500000000000000000000000000000000,312.063476600000000000000000000000000000000,3.319999933000000000000000000000000000000,94.500000000000000000000000000000000000000,0.888536012000000000000000000000000000000,9.935046196000000000000000000000000000000,2.500000000000000000000000000000000000000,40.000000000000000000000000000000000000000
212.487812700000000000000000000000000000000,29.984567780000000000000000000000000000000,31.438488120000000000000000000000000000000,295.282682100000000000000000000000000000000,312.310791000000000000000000000000000000000,3.519999981000000000000000000000000000000,91.199996950000000000000000000000000000000,0.891858091700000000000000000000000000000,9.935046196000000000000000000000000000000,2.500000000000000000000000000000000000000,39.000000000000000000000000000000000000000
213.487730900000000000000000000000000000000,29.984568590000000000000000000000000000000,31.438522600000000000000000000000000000000,295.466503900000000000000000000000000000000,312.494628900000000000000000000000000000000,3.240000010000000000000000000000000000000,89.099998470000000000000000000000000000000,0.895349501600000000000000000000000000000,9.935046196000000000000000000000000000000,2.500000000000000000000000000000000000000,38.000000000000000000000000000000000000000
214.487258600000000000000000000000000000000,29.984568800000000000000000000000000000000,31.438558850000000000000000000000000000000,295.940973000000000000000000000000000000000,312.969116200000000000000000000000000000000,3.359999895000000000000000000000000000000,90.400001530000000000000000000000000000000,0.898703021100000000000000000000000000000,9.935046196000000000000000000000000000000,2.500000000000000000000000000000000000000,43.000000000000000000000000000000000000000
215.486952900000000000000000000000000000000,29.984569490000000000000000000000000000000,31.438593660000000000000000000000000000000,296.440895500000000000000000000000000000000,313.469055200000000000000000000000000000000,3.299999952000000000000000000000000000000,90.400001530000000000000000000000000000000,0.902188924500000000000000000000000000000,9.935046196000000000000000000000000000000,2.500000000000000000000000000000000000000,42.000000000000000000000000000000000000000
216.487593000000000000000000000000000000000,29.984567360000000000000000000000000000000,31.438629770000000000000000000000000000000,296.394181200000000000000000000000000000000,313.422363300000000000000000000000000000000,3.069999933000000000000000000000000000000,92.000000000000000000000000000000000000000,0.905399690500000000000000000000000000000,10.097188950000000000000000000000000000000,2.500000000000000000000000000000000000000,41.000000000000000000000000000000000000000
217.487388100000000000000000000000000000000,29.984568280000000000000000000000000000000,31.438663090000000000000000000000000000000,297.045960300000000000000000000000000000000,314.074157700000000000000000000000000000000,3.099999905000000000000000000000000000000,92.400001530000000000000000000000000000000,0.908540297200000000000000000000000000000,10.116711620000000000000000000000000000000,2.500000000000000000000000000000000000000,41.000000000000000000000000000000000000000
218.487309000000000000000000000000000000000,29.984567100000000000000000000000000000000,31.438695670000000000000000000000000000000,297.363080200000000000000000000000000000000,314.391296400000000000000000000000000000000,3.289999962000000000000000000000000000000,93.300003050000000000000000000000000000000,0.911769851400000000000000000000000000000,9.935046196000000000000000000000000000000,2.500000000000000000000000000000000000000,41.000000000000000000000000000000000000000
219.487152100000000000000000000000000000000,29.984564950000000000000000000000000000000,31.438729110000000000000000000000000000000,297.704184600000000000000000000000000000000,314.732421900000000000000000000000000000000,3.380000114000000000000000000000000000000,93.800003050000000000000000000000000000000,0.915128738500000000000000000000000000000,9.935046196000000000000000000000000000000,2.500000000000000000000000000000000000000,26.000000000000000000000000000000000000000
220.487372300000000000000000000000000000000,29.984563810000000000000000000000000000000,31.438763960000000000000000000000000000000,297.817079700000000000000000000000000000000,314.845336900000000000000000000000000000000,3.460000038000000000000000000000000000000,94.099998470000000000000000000000000000000,0.918401256100000000000000000000000000000,9.935046196000000000000000000000000000000,2.500000000000000000000000000000000000000,34.000000000000000000000000000000000000000
221.487213000000000000000000000000000000000,29.984562850000000000000000000000000000000,31.438797920000000000000000000000000000000,298.139326200000000000000000000000000000000,315.167602500000000000000000000000000000000,3.299999952000000000000000000000000000000,93.500000000000000000000000000000000000000,0.922046075700000000000000000000000000000,9.935046196000000000000000000000000000000,2.500000000000000000000000000000000000000,38.000000000000000000000000000000000000000
222.487054400000000000000000000000000000000,29.984561970000000000000000000000000000000,31.438835750000000000000000000000000000000,298.655052300000000000000000000000000000000,315.683349600000000000000000000000000000000,3.460000038000000000000000000000000000000,91.099998470000000000000000000000000000000,0.925256076500000000000000000000000000000,9.935046196000000000000000000000000000000,2.500000000000000000000000000000000000000,39.000000000000000000000000000000000000000
223.487876600000000000000000000000000000000,29.984561300000000000000000000000000000000,31.438869070000000000000000000000000000000,298.619328400000000000000000000000000000000,315.647644000000000000000000000000000000000,3.160000086000000000000000000000000000000,91.500000000000000000000000000000000000000,0.928626325200000000000000000000000000000,9.935046196000000000000000000000000000000,2.500000000000000000000000000000000000000,39.000000000000000000000000000000000000000
224.487730500000000000000000000000000000000,29.984560480000000000000000000000000000000,31.438904050000000000000000000000000000000,298.989975600000000000000000000000000000000,316.018310500000000000000000000000000000000,3.569999933000000000000000000000000000000,90.699996950000000000000000000000000000000,0.932124654400000000000000000000000000000,9.935046196000000000000000000000000000000,2.500000000000000000000000000000000000000,40.000000000000000000000000000000000000000
225.487355600000000000000000000000000000000,29.984560860000000000000000000000000000000,31.438940370000000000000000000000000000000,298.793912800000000000000000000000000000000,315.822265600000000000000000000000000000000,3.450000048000000000000000000000000000000,88.699996950000000000000000000000000000000,0.935541364300000000000000000000000000000,9.935046196000000000000000000000000000000,2.500000000000000000000000000000000000000,38.000000000000000000000000000000000000000
226.487130700000000000000000000000000000000,29.984564680000000000000000000000000000000,31.438975570000000000000000000000000000000,299.108355100000000000000000000000000000000,316.136718800000000000000000000000000000000,3.269999981000000000000000000000000000000,82.800003050000000000000000000000000000000,0.938642929300000000000000000000000000000,9.935046196000000000000000000000000000000,2.500000000000000000000000000000000000000,37.000000000000000000000000000000000000000
227.487490200000000000000000000000000000000,29.984572140000000000000000000000000000000,31.439006600000000000000000000000000000000,299.383499700000000000000000000000000000000,316.411865200000000000000000000000000000000,2.970000029000000000000000000000000000000,74.400001530000000000000000000000000000000,0.941676610500000000000000000000000000000,9.935046196000000000000000000000000000000,2.500000000000000000000000000000000000000,37.000000000000000000000000000000000000000
228.486956900000000000000000000000000000000,29.984585080000000000000000000000000000000,31.439034330000000000000000000000000000000,299.772364700000000000000000000000000000000,316.800720200000000000000000000000000000000,3.019999981000000000000000000000000000000,62.200000760000000000000000000000000000000,0.944544361100000000000000000000000000000,9.935046196000000000000000000000000000000,2.500000000000000000000000000000000000000,39.000000000000000000000000000000000000000
229.487056900000000000000000000000000000000,29.984605240000000000000000000000000000000,31.439052900000000000000000000000000000000,299.732659000000000000000000000000000000000,316.760986300000000000000000000000000000000,2.829999924000000000000000000000000000000,43.400001530000000000000000000000000000000,0.947569795400000000000000000000000000000,9.935046196000000000000000000000000000000,2.500000000000000000000000000000000000000,40.000000000000000000000000000000000000000
230.487048600000000000000000000000000000000,29.984631250000000000000000000000000000000,31.439062120000000000000000000000000000000,299.736487100000000000000000000000000000000,316.764770500000000000000000000000000000000,2.869999886000000000000000000000000000000,21.000000000000000000000000000000000000000,0.950666838300000000000000000000000000000,9.935046196000000000000000000000000000000,2.500000000000000000000000000000000000000,45.000000000000000000000000000000000000000
231.487606800000000000000000000000000000000,29.984659100000000000000000000000000000000,31.439062540000000000000000000000000000000,299.932400700000000000000000000000000000000,316.960632300000000000000000000000000000000,2.839999914000000000000000000000000000000,5.400000095000000000000000000000000000000,0.953684729400000000000000000000000000000,9.935046196000000000000000000000000000000,2.500000000000000000000000000000000000000,45.000000000000000000000000000000000000000
232.487071500000000000000000000000000000000,29.984686120000000000000000000000000000000,31.439059590000000000000000000000000000000,300.089130000000000000000000000000000000000,317.117309600000000000000000000000000000000,2.700000048000000000000000000000000000000,358.200012200000000000000000000000000000000,0.956492479000000000000000000000000000000,9.935046196000000000000000000000000000000,2.500000000000000000000000000000000000000,46.000000000000000000000000000000000000000
233.486963300000000000000000000000000000000,29.984711300000000000000000000000000000000,31.439057410000000000000000000000000000000,300.435735800000000000000000000000000000000,317.463867200000000000000000000000000000000,2.609999895000000000000000000000000000000,359.200012200000000000000000000000000000000,0.958718075700000000000000000000000000000,9.935046196000000000000000000000000000000,2.500000000000000000000000000000000000000,48.000000000000000000000000000000000000000
234.487246500000000000000000000000000000000,29.984731120000000000000000000000000000000,31.439060630000000000000000000000000000000,300.501567100000000000000000000000000000000,317.529663100000000000000000000000000000000,2.240000010000000000000000000000000000000,10.899999620000000000000000000000000000000,0.961084463400000000000000000000000000000,9.935046196000000000000000000000000000000,2.500000000000000000000000000000000000000,47.000000000000000000000000000000000000000
235.487671600000000000000000000000000000000,29.984749390000000000000000000000000000000,31.439073230000000000000000000000000000000,300.486702200000000000000000000000000000000,317.514770500000000000000000000000000000000,2.440000057000000000000000000000000000000,34.099998470000000000000000000000000000000,0.963383802800000000000000000000000000000,9.935046196000000000000000000000000000000,2.500000000000000000000000000000000000000,45.000000000000000000000000000000000000000
236.487586100000000000000000000000000000000,29.984760480000000000000000000000000000000,31.439093380000000000000000000000000000000,300.435687300000000000000000000000000000000,317.463745100000000000000000000000000000000,2.269999981000000000000000000000000000000,55.299999240000000000000000000000000000000,0.963986450100000000000000000000000000000,9.935046196000000000000000000000000000000,2.500000000000000000000000000000000000000,43.000000000000000000000000000000000000000
237.487285600000000000000000000000000000000,29.984755970000000000000000000000000000000,31.439096850000000000000000000000000000000,300.589485700000000000000000000000000000000,317.617553700000000000000000000000000000000,0.000000000000000000000000000000000000000,NaN,0.965163854900000000000000000000000000000,9.935046196000000000000000000000000000000,2.500000000000000000000000000000000000000,42.000000000000000000000000000000000000000
238.486914000000000000000000000000000000000,29.984757650000000000000000000000000000000,31.439108920000000000000000000000000000000,301.390141800000000000000000000000000000000,318.418212900000000000000000000000000000000,1.340000033000000000000000000000000000000,77.199996950000000000000000000000000000000,0.971585165700000000000000000000000000000,9.935046196000000000000000000000000000000,2.500000000000000000000000000000000000000,40.000000000000000000000000000000000000000
239.487251200000000000000000000000000000000,29.984758060000000000000000000000000000000,31.439175590000000000000000000000000000000,300.480257500000000000000000000000000000000,317.508361800000000000000000000000000000000,2.440000057000000000000000000000000000000,92.500000000000000000000000000000000000000,0.973681119200000000000000000000000000000,10.206104280000000000000000000000000000000,2.500000000000000000000000000000000000000,40.000000000000000000000000000000000000000
240.486187800000000000000000000000000000000,29.984760210000000000000000000000000000000,31.439197210000000000000000000000000000000,300.666346700000000000000000000000000000000,317.694458000000000000000000000000000000000,2.299999952000000000000000000000000000000,88.300003050000000000000000000000000000000,0.975445147800000000000000000000000000000,10.238543510000000000000000000000000000000,2.500000000000000000000000000000000000000,41.000000000000000000000000000000000000000
241.486091200000000000000000000000000000000,29.984761050000000000000000000000000000000,31.439215500000000000000000000000000000000,301.198748500000000000000000000000000000000,318.226867700000000000000000000000000000000,1.850000024000000000000000000000000000000,84.900001530000000000000000000000000000000,0.977080875100000000000000000000000000000,9.935046196000000000000000000000000000000,2.500000000000000000000000000000000000000,39.000000000000000000000000000000000000000
242.486611600000000000000000000000000000000,29.984765860000000000000000000000000000000,31.439231550000000000000000000000000000000,301.374347500000000000000000000000000000000,318.402465800000000000000000000000000000000,1.639999986000000000000000000000000000000,75.900001530000000000000000000000000000000,0.978592469000000000000000000000000000000,9.935046196000000000000000000000000000000,2.500000000000000000000000000000000000000,27.000000000000000000000000000000000000000
243.486347300000000000000000000000000000000,29.984773930000000000000000000000000000000,31.439244180000000000000000000000000000000,301.689236500000000000000000000000000000000,318.717346200000000000000000000000000000000,1.340000033000000000000000000000000000000,75.599998470000000000000000000000000000000,0.979438341300000000000000000000000000000,9.935046196000000000000000000000000000000,2.500000000000000000000000000000000000000,33.000000000000000000000000000000000000000
244.486095900000000000000000000000000000000,29.984780680000000000000000000000000000000,31.439248230000000000000000000000000000000,302.247413500000000000000000000000000000000,319.275512700000000000000000000000000000000,0.910000026200000000000000000000000000000,39.000000000000000000000000000000000000000,0.980367788400000000000000000000000000000,9.935046196000000000000000000000000000000,2.500000000000000000000000000000000000000,37.000000000000000000000000000000000000000
245.486862100000000000000000000000000000000,29.984785730000000000000000000000000000000,31.439255920000000000000000000000000000000,302.658735000000000000000000000000000000000,319.686828600000000000000000000000000000000,0.990000009500000000000000000000000000000,75.599998470000000000000000000000000000000,0.980997592000000000000000000000000000000,9.935046196000000000000000000000000000000,2.500000000000000000000000000000000000000,37.000000000000000000000000000000000000000
246.486867000000000000000000000000000000000,29.984789370000000000000000000000000000000,31.439260930000000000000000000000000000000,302.811754400000000000000000000000000000000,319.839843800000000000000000000000000000000,0.629999995200000000000000000000000000000,75.500000000000000000000000000000000000000,0.981608001900000000000000000000000000000,9.935046196000000000000000000000000000000,2.500000000000000000000000000000000000000,38.000000000000000000000000000000000000000
247.486634700000000000000000000000000000000,29.984791060000000000000000000000000000000,31.439266960000000000000000000000000000000,303.003221700000000000000000000000000000000,320.031311000000000000000000000000000000000,0.720000028600000000000000000000000000000,77.500000000000000000000000000000000000000,0.982442067100000000000000000000000000000,9.935046196000000000000000000000000000000,2.500000000000000000000000000000000000000,42.000000000000000000000000000000000000000
248.486359700000000000000000000000000000000,29.984791060000000000000000000000000000000,31.439275620000000000000000000000000000000,302.679059600000000000000000000000000000000,319.707153300000000000000000000000000000000,0.879999995200000000000000000000000000000,78.000000000000000000000000000000000000000,0.983232522200000000000000000000000000000,9.935046196000000000000000000000000000000,2.500000000000000000000000000000000000000,42.000000000000000000000000000000000000000
249.486152500000000000000000000000000000000,29.984790600000000000000000000000000000000,31.439283810000000000000000000000000000000,303.044899300000000000000000000000000000000,320.072998000000000000000000000000000000000,0.769999980900000000000000000000000000000,77.800003050000000000000000000000000000000,0.984338972400000000000000000000000000000,9.935046196000000000000000000000000000000,2.500000000000000000000000000000000000000,40.000000000000000000000000000000000000000
250.485896700000000000000000000000000000000,29.984786410000000000000000000000000000000,31.439294230000000000000000000000000000000,303.180628300000000000000000000000000000000,320.208740200000000000000000000000000000000,1.230000019000000000000000000000000000000,117.000000000000000000000000000000000000000,0.985602951900000000000000000000000000000,9.935046196000000000000000000000000000000,2.500000000000000000000000000000000000000,41.000000000000000000000000000000000000000
251.486295000000000000000000000000000000000,29.984780600000000000000000000000000000000,31.439305510000000000000000000000000000000,302.882393900000000000000000000000000000000,319.910522500000000000000000000000000000000,1.139999986000000000000000000000000000000,77.900001530000000000000000000000000000000,0.987863574000000000000000000000000000000,9.935046196000000000000000000000000000000,2.500000000000000000000000000000000000000,40.000000000000000000000000000000000000000
252.486517700000000000000000000000000000000,29.984770320000000000000000000000000000000,31.439325760000000000000000000000000000000,302.593362900000000000000000000000000000000,319.621521000000000000000000000000000000000,2.640000105000000000000000000000000000000,120.800003100000000000000000000000000000000,0.990764293600000000000000000000000000000,9.935046196000000000000000000000000000000,2.500000000000000000000000000000000000000,41.000000000000000000000000000000000000000
253.486847000000000000000000000000000000000,29.984754480000000000000000000000000000000,31.439349690000000000000000000000000000000,303.028257600000000000000000000000000000000,320.056457500000000000000000000000000000000,3.329999924000000000000000000000000000000,124.400001500000000000000000000000000000000,0.993696194600000000000000000000000000000,9.935046196000000000000000000000000000000,2.500000000000000000000000000000000000000,39.000000000000000000000000000000000000000
254.486684700000000000000000000000000000000,29.984739960000000000000000000000000000000,31.439375100000000000000000000000000000000,303.393085600000000000000000000000000000000,320.421325700000000000000000000000000000000,3.180000067000000000000000000000000000000,120.699996900000000000000000000000000000000,0.996594787000000000000000000000000000000,9.935046196000000000000000000000000000000,2.500000000000000000000000000000000000000,39.000000000000000000000000000000000000000
255.486603700000000000000000000000000000000,29.984723450000000000000000000000000000000,31.439398390000000000000000000000000000000,303.661658600000000000000000000000000000000,320.689941400000000000000000000000000000000,3.140000105000000000000000000000000000000,129.800003100000000000000000000000000000000,0.999344055100000000000000000000000000000,9.935046196000000000000000000000000000000,2.500000000000000000000000000000000000000,35.000000000000000000000000000000000000000
256.486430700000000000000000000000000000000,29.984701740000000000000000000000000000000,31.439412050000000000000000000000000000000,304.919850800000000000000000000000000000000,321.948181200000000000000000000000000000000,2.799999952000000000000000000000000000000,154.500000000000000000000000000000000000000,1.001360553000000000000000000000000000000,9.935046196000000000000000000000000000000,2.500000000000000000000000000000000000000,32.000000000000000000000000000000000000000
257.486270200000000000000000000000000000000,29.984683780000000000000000000000000000000,31.439414950000000000000000000000000000000,304.346146300000000000000000000000000000000,321.374511700000000000000000000000000000000,1.659999967000000000000000000000000000000,173.800003100000000000000000000000000000000,1.003524407000000000000000000000000000000,9.935046196000000000000000000000000000000,2.500000000000000000000000000000000000000,40.000000000000000000000000000000000000000
258.486115600000000000000000000000000000000,29.984664320000000000000000000000000000000,31.439414970000000000000000000000000000000,303.220743700000000000000000000000000000000,320.249145500000000000000000000000000000000,2.240000010000000000000000000000000000000,184.600006100000000000000000000000000000000,1.005931426000000000000000000000000000000,9.935046196000000000000000000000000000000,2.500000000000000000000000000000000000000,44.000000000000000000000000000000000000000
259.486083400000000000000000000000000000000,29.984642780000000000000000000000000000000,31.439412490000000000000000000000000000000,302.388063100000000000000000000000000000000,319.416503900000000000000000000000000000000,2.410000086000000000000000000000000000000,190.699996900000000000000000000000000000000,1.008305655000000000000000000000000000000,9.935046196000000000000000000000000000000,2.500000000000000000000000000000000000000,48.000000000000000000000000000000000000000
260.485986400000000000000000000000000000000,29.984621890000000000000000000000000000000,31.439407390000000000000000000000000000000,301.511317700000000000000000000000000000000,318.539794900000000000000000000000000000000,2.390000105000000000000000000000000000000,198.399993900000000000000000000000000000000,1.010911500000000000000000000000000000000,9.935046196000000000000000000000000000000,2.500000000000000000000000000000000000000,48.000000000000000000000000000000000000000
261.486001900000000000000000000000000000000,29.984600710000000000000000000000000000000,31.439395810000000000000000000000000000000,301.190971500000000000000000000000000000000,318.219482400000000000000000000000000000000,2.700000048000000000000000000000000000000,213.600006100000000000000000000000000000000,1.014000702000000000000000000000000000000,9.935046196000000000000000000000000000000,2.500000000000000000000000000000000000000,49.000000000000000000000000000000000000000
262.486738400000000000000000000000000000000,29.984580420000000000000000000000000000000,31.439373900000000000000000000000000000000,301.097744100000000000000000000000000000000,318.126281700000000000000000000000000000000,3.269999981000000000000000000000000000000,227.600006100000000000000000000000000000000,1.017535924000000000000000000000000000000,9.935046196000000000000000000000000000000,2.500000000000000000000000000000000000000,49.000000000000000000000000000000000000000
263.486821900000000000000000000000000000000,29.984567720000000000000000000000000000000,31.439340250000000000000000000000000000000,300.610127700000000000000000000000000000000,317.638671900000000000000000000000000000000,3.769999981000000000000000000000000000000,250.300003100000000000000000000000000000000,1.021348057000000000000000000000000000000,9.935046196000000000000000000000000000000,2.500000000000000000000000000000000000000,52.000000000000000000000000000000000000000
264.486833600000000000000000000000000000000,29.984565820000000000000000000000000000000,31.439300730000000000000000000000000000000,300.597204900000000000000000000000000000000,317.625732400000000000000000000000000000000,3.779999971000000000000000000000000000000,267.399993900000000000000000000000000000000,1.025189128000000000000000000000000000000,9.935046196000000000000000000000000000000,2.500000000000000000000000000000000000000,54.000000000000000000000000000000000000000
265.486157900000000000000000000000000000000,29.984569110000000000000000000000000000000,31.439261030000000000000000000000000000000,300.360598000000000000000000000000000000000,317.389099100000000000000000000000000000000,3.710000038000000000000000000000000000000,276.500000000000000000000000000000000000000,1.028790376000000000000000000000000000000,9.935046196000000000000000000000000000000,2.500000000000000000000000000000000000000,51.000000000000000000000000000000000000000
266.486115000000000000000000000000000000000,29.984574550000000000000000000000000000000,31.439224170000000000000000000000000000000,300.214325700000000000000000000000000000000,317.242797900000000000000000000000000000000,3.410000086000000000000000000000000000000,277.799987800000000000000000000000000000000,1.032494986000000000000000000000000000000,9.935046196000000000000000000000000000000,2.500000000000000000000000000000000000000,50.000000000000000000000000000000000000000
267.486064100000000000000000000000000000000,29.984578300000000000000000000000000000000,31.439185950000000000000000000000000000000,300.686398100000000000000000000000000000000,317.714843800000000000000000000000000000000,3.740000010000000000000000000000000000000,272.799987800000000000000000000000000000000,1.036416529000000000000000000000000000000,9.935046196000000000000000000000000000000,2.500000000000000000000000000000000000000,48.000000000000000000000000000000000000000
268.486018400000000000000000000000000000000,29.984579580000000000000000000000000000000,31.439145260000000000000000000000000000000,301.347187900000000000000000000000000000000,318.375610400000000000000000000000000000000,3.819999933000000000000000000000000000000,270.600006100000000000000000000000000000000,1.040410406000000000000000000000000000000,9.935046196000000000000000000000000000000,2.500000000000000000000000000000000000000,47.000000000000000000000000000000000000000
269.486362800000000000000000000000000000000,29.984577380000000000000000000000000000000,31.439103870000000000000000000000000000000,301.293371900000000000000000000000000000000,318.321777300000000000000000000000000000000,3.670000076000000000000000000000000000000,263.100006100000000000000000000000000000000,1.044534942000000000000000000000000000000,9.935046196000000000000000000000000000000,2.500000000000000000000000000000000000000,46.000000000000000000000000000000000000000
270.485965900000000000000000000000000000000,29.984575690000000000000000000000000000000,31.439061090000000000000000000000000000000,301.595819800000000000000000000000000000000,318.624206500000000000000000000000000000000,3.940000057000000000000000000000000000000,267.399993900000000000000000000000000000000,1.048407714000000000000000000000000000000,9.935046196000000000000000000000000000000,2.500000000000000000000000000000000000000,45.000000000000000000000000000000000000000
271.485969700000000000000000000000000000000,29.984578700000000000000000000000000000000,31.439021030000000000000000000000000000000,302.468343400000000000000000000000000000000,319.496704100000000000000000000000000000000,3.720000029000000000000000000000000000000,272.799987800000000000000000000000000000000,1.052311644000000000000000000000000000000,9.935046196000000000000000000000000000000,2.500000000000000000000000000000000000000,47.000000000000000000000000000000000000000
272.486334800000000000000000000000000000000,29.984579190000000000000000000000000000000,31.438980500000000000000000000000000000000,302.423870400000000000000000000000000000000,319.452209500000000000000000000000000000000,4.019999981000000000000000000000000000000,269.899993900000000000000000000000000000000,1.056253745000000000000000000000000000000,9.935046196000000000000000000000000000000,2.500000000000000000000000000000000000000,46.000000000000000000000000000000000000000
273.486288800000000000000000000000000000000,29.984579320000000000000000000000000000000,31.438939570000000000000000000000000000000,302.491457500000000000000000000000000000000,319.519775400000000000000000000000000000000,3.900000095000000000000000000000000000000,269.700012200000000000000000000000000000000,1.060241379000000000000000000000000000000,9.935046196000000000000000000000000000000,2.500000000000000000000000000000000000000,46.000000000000000000000000000000000000000
274.486213000000000000000000000000000000000,29.984578420000000000000000000000000000000,31.438898180000000000000000000000000000000,302.475424700000000000000000000000000000000,319.503723100000000000000000000000000000000,4.000000000000000000000000000000000000000,269.000000000000000000000000000000000000000,1.064190028000000000000000000000000000000,9.935046196000000000000000000000000000000,2.500000000000000000000000000000000000000,47.000000000000000000000000000000000000000
275.486125700000000000000000000000000000000,29.984577360000000000000000000000000000000,31.438857200000000000000000000000000000000,301.881083300000000000000000000000000000000,318.909362800000000000000000000000000000000,3.730000019000000000000000000000000000000,269.399993900000000000000000000000000000000,1.068178472000000000000000000000000000000,9.935046196000000000000000000000000000000,2.500000000000000000000000000000000000000,46.000000000000000000000000000000000000000
276.486107600000000000000000000000000000000,29.984577660000000000000000000000000000000,31.438815790000000000000000000000000000000,301.865541000000000000000000000000000000000,318.893798800000000000000000000000000000000,3.950000048000000000000000000000000000000,271.299987800000000000000000000000000000000,1.072035183000000000000000000000000000000,9.935046196000000000000000000000000000000,2.500000000000000000000000000000000000000,45.000000000000000000000000000000000000000
277.485996700000000000000000000000000000000,29.984578130000000000000000000000000000000,31.438775750000000000000000000000000000000,301.459800600000000000000000000000000000000,318.488037100000000000000000000000000000000,3.730000019000000000000000000000000000000,271.500000000000000000000000000000000000000,1.075998391000000000000000000000000000000,9.935046196000000000000000000000000000000,2.500000000000000000000000000000000000000,44.000000000000000000000000000000000000000
278.485947000000000000000000000000000000000,29.984579690000000000000000000000000000000,31.438734640000000000000000000000000000000,301.338974900000000000000000000000000000000,318.367187500000000000000000000000000000000,4.030000210000000000000000000000000000000,271.399993900000000000000000000000000000000,1.079918400000000000000000000000000000000,9.935046196000000000000000000000000000000,2.500000000000000000000000000000000000000,44.000000000000000000000000000000000000000
279.486817500000000000000000000000000000000,29.984581270000000000000000000000000000000,31.438693980000000000000000000000000000000,300.583139300000000000000000000000000000000,317.611328100000000000000000000000000000000,3.869999886000000000000000000000000000000,272.000000000000000000000000000000000000000,1.083699863000000000000000000000000000000,9.935046196000000000000000000000000000000,2.500000000000000000000000000000000000000,41.000000000000000000000000000000000000000
280.486793400000000000000000000000000000000,29.984582850000000000000000000000000000000,31.438654760000000000000000000000000000000,300.775545100000000000000000000000000000000,317.803710900000000000000000000000000000000,3.869999886000000000000000000000000000000,272.299987800000000000000000000000000000000,1.087684495000000000000000000000000000000,9.935046196000000000000000000000000000000,2.500000000000000000000000000000000000000,40.000000000000000000000000000000000000000
281.486253700000000000000000000000000000000,29.984583190000000000000000000000000000000,31.438613390000000000000000000000000000000,300.979363200000000000000000000000000000000,318.007507300000000000000000000000000000000,4.000000000000000000000000000000000000000,271.299987800000000000000000000000000000000,1.091683419000000000000000000000000000000,9.935046196000000000000000000000000000000,2.500000000000000000000000000000000000000,42.000000000000000000000000000000000000000
282.486906600000000000000000000000000000000,29.984583320000000000000000000000000000000,31.438571870000000000000000000000000000000,300.522475500000000000000000000000000000000,317.550598100000000000000000000000000000000,3.950000048000000000000000000000000000000,272.000000000000000000000000000000000000000,1.095734069000000000000000000000000000000,9.935046196000000000000000000000000000000,2.500000000000000000000000000000000000000,40.000000000000000000000000000000000000000
283.486756700000000000000000000000000000000,29.984582640000000000000000000000000000000,31.438529820000000000000000000000000000000,299.685825800000000000000000000000000000000,316.713928200000000000000000000000000000000,4.070000172000000000000000000000000000000,269.799987800000000000000000000000000000000,1.099743060000000000000000000000000000000,9.935046196000000000000000000000000000000,2.500000000000000000000000000000000000000,38.000000000000000000000000000000000000000
284.486072400000000000000000000000000000000,29.984580340000000000000000000000000000000,31.438488280000000000000000000000000000000,299.080557000000000000000000000000000000000,316.108642600000000000000000000000000000000,3.960000038000000000000000000000000000000,270.100006100000000000000000000000000000000,1.103746871000000000000000000000000000000,9.935046196000000000000000000000000000000,2.500000000000000000000000000000000000000,37.000000000000000000000000000000000000000
285.486275700000000000000000000000000000000,29.984580090000000000000000000000000000000,31.438446710000000000000000000000000000000,298.767833600000000000000000000000000000000,315.795898400000000000000000000000000000000,3.809999943000000000000000000000000000000,270.500000000000000000000000000000000000000,1.107697222000000000000000000000000000000,9.935046196000000000000000000000000000000,2.500000000000000000000000000000000000000,39.000000000000000000000000000000000000000
286.486699500000000000000000000000000000000,29.984582980000000000000000000000000000000,31.438405830000000000000000000000000000000,298.798011300000000000000000000000000000000,315.826049800000000000000000000000000000000,3.920000076000000000000000000000000000000,273.500000000000000000000000000000000000000,1.111720082000000000000000000000000000000,9.935046196000000000000000000000000000000,2.500000000000000000000000000000000000000,38.000000000000000000000000000000000000000
287.486769300000000000000000000000000000000,29.984589570000000000000000000000000000000,31.438364760000000000000000000000000000000,298.602854100000000000000000000000000000000,315.630859400000000000000000000000000000000,3.990000010000000000000000000000000000000,279.700012200000000000000000000000000000000,1.115819425000000000000000000000000000000,9.935046196000000000000000000000000000000,2.500000000000000000000000000000000000000,40.000000000000000000000000000000000000000
288.486469200000000000000000000000000000000,29.984598990000000000000000000000000000000,31.438323610000000000000000000000000000000,298.501452300000000000000000000000000000000,315.529418900000000000000000000000000000000,3.960000038000000000000000000000000000000,283.100006100000000000000000000000000000000,1.119866004000000000000000000000000000000,9.935046196000000000000000000000000000000,2.500000000000000000000000000000000000000,40.000000000000000000000000000000000000000
289.486503100000000000000000000000000000000,29.984613990000000000000000000000000000000,31.438285330000000000000000000000000000000,298.317051700000000000000000000000000000000,315.344970700000000000000000000000000000000,3.720000029000000000000000000000000000000,291.299987800000000000000000000000000000000,1.123873698000000000000000000000000000000,9.935046196000000000000000000000000000000,2.500000000000000000000000000000000000000,46.000000000000000000000000000000000000000
290.486273200000000000000000000000000000000,29.984633470000000000000000000000000000000,31.438250320000000000000000000000000000000,298.593351100000000000000000000000000000000,315.621215800000000000000000000000000000000,3.829999924000000000000000000000000000000,296.200012200000000000000000000000000000000,1.127792568000000000000000000000000000000,9.935046196000000000000000000000000000000,2.500000000000000000000000000000000000000,47.000000000000000000000000000000000000000
291.486710300000000000000000000000000000000,29.984651560000000000000000000000000000000,31.438215400000000000000000000000000000000,298.318134200000000000000000000000000000000,315.345947300000000000000000000000000000000,3.680000067000000000000000000000000000000,297.299987800000000000000000000000000000000,1.132266944000000000000000000000000000000,9.935046196000000000000000000000000000000,2.500000000000000000000000000000000000000,44.000000000000000000000000000000000000000
292.486492100000000000000000000000000000000,29.984674510000000000000000000000000000000,31.438177240000000000000000000000000000000,298.358601900000000000000000000000000000000,315.386352500000000000000000000000000000000,4.590000153000000000000000000000000000000,301.899993900000000000000000000000000000000,1.136303127000000000000000000000000000000,9.935046196000000000000000000000000000000,2.500000000000000000000000000000000000000,44.000000000000000000000000000000000000000
293.486401600000000000000000000000000000000,29.984699320000000000000000000000000000000,31.438146650000000000000000000000000000000,298.755636500000000000000000000000000000000,315.783325200000000000000000000000000000000,3.900000095000000000000000000000000000000,308.799987800000000000000000000000000000000,1.140340789000000000000000000000000000000,9.935046196000000000000000000000000000000,2.500000000000000000000000000000000000000,42.000000000000000000000000000000000000000
294.486241600000000000000000000000000000000,29.984724550000000000000000000000000000000,31.438116500000000000000000000000000000000,298.674522300000000000000000000000000000000,315.702148400000000000000000000000000000000,3.930000067000000000000000000000000000000,310.700012200000000000000000000000000000000,1.144399491000000000000000000000000000000,9.935046196000000000000000000000000000000,2.500000000000000000000000000000000000000,42.000000000000000000000000000000000000000
295.486709400000000000000000000000000000000,29.984752230000000000000000000000000000000,31.438089030000000000000000000000000000000,298.342617900000000000000000000000000000000,315.370178200000000000000000000000000000000,4.010000229000000000000000000000000000000,316.399993900000000000000000000000000000000,1.148550204000000000000000000000000000000,9.935046196000000000000000000000000000000,2.500000000000000000000000000000000000000,37.000000000000000000000000000000000000000
296.486496900000000000000000000000000000000,29.984782740000000000000000000000000000000,31.438064200000000000000000000000000000000,298.168798500000000000000000000000000000000,315.196289100000000000000000000000000000000,3.990000010000000000000000000000000000000,322.200012200000000000000000000000000000000,1.152827361000000000000000000000000000000,9.935046196000000000000000000000000000000,2.500000000000000000000000000000000000000,37.000000000000000000000000000000000000000
297.486070900000000000000000000000000000000,29.984814730000000000000000000000000000000,31.438039540000000000000000000000000000000,297.800096400000000000000000000000000000000,314.827514600000000000000000000000000000000,4.019999981000000000000000000000000000000,324.899993900000000000000000000000000000000,1.156999755000000000000000000000000000000,9.935046196000000000000000000000000000000,2.500000000000000000000000000000000000000,40.000000000000000000000000000000000000000
298.486063500000000000000000000000000000000,29.984847650000000000000000000000000000000,31.438018750000000000000000000000000000000,297.718686700000000000000000000000000000000,314.746032700000000000000000000000000000000,3.869999886000000000000000000000000000000,330.799987800000000000000000000000000000000,1.161077387000000000000000000000000000000,9.935046196000000000000000000000000000000,2.500000000000000000000000000000000000000,39.000000000000000000000000000000000000000
299.485995800000000000000000000000000000000,29.984881170000000000000000000000000000000,31.438001580000000000000000000000000000000,296.197090600000000000000000000000000000000,313.224365200000000000000000000000000000000,4.329999924000000000000000000000000000000,334.200012200000000000000000000000000000000,1.164521535000000000000000000000000000000,9.935046196000000000000000000000000000000,2.500000000000000000000000000000000000000,40.000000000000000000000000000000000000000
300.486282600000000000000000000000000000000,29.984910400000000000000000000000000000000,31.437989750000000000000000000000000000000,296.100837800000000000000000000000000000000,313.128051800000000000000000000000000000000,3.039999962000000000000000000000000000000,340.700012200000000000000000000000000000000,1.168251873000000000000000000000000000000,9.935046196000000000000000000000000000000,2.500000000000000000000000000000000000000,41.000000000000000000000000000000000000000
301.486115400000000000000000000000000000000,29.984942780000000000000000000000000000000,31.437979620000000000000000000000000000000,295.877881100000000000000000000000000000000,312.905029300000000000000000000000000000000,3.609999895000000000000000000000000000000,344.700012200000000000000000000000000000000,1.171903489000000000000000000000000000000,9.935046196000000000000000000000000000000,2.500000000000000000000000000000000000000,46.000000000000000000000000000000000000000
302.486733300000000000000000000000000000000,29.984974930000000000000000000000000000000,31.437971890000000000000000000000000000000,296.063858200000000000000000000000000000000,313.090942400000000000000000000000000000000,3.390000105000000000000000000000000000000,348.500000000000000000000000000000000000000,1.174682960000000000000000000000000000000,9.935046196000000000000000000000000000000,2.500000000000000000000000000000000000000,45.000000000000000000000000000000000000000
303.486094900000000000000000000000000000000,29.984999270000000000000000000000000000000,31.437965320000000000000000000000000000000,295.866885600000000000000000000000000000000,312.893920900000000000000000000000000000000,1.629999995000000000000000000000000000000,351.500000000000000000000000000000000000000,1.175572737000000000000000000000000000000,9.935046196000000000000000000000000000000,2.500000000000000000000000000000000000000,44.000000000000000000000000000000000000000
304.486136900000000000000000000000000000000,29.985007160000000000000000000000000000000,31.437963780000000000000000000000000000000,296.093951900000000000000000000000000000000,313.120971700000000000000000000000000000000,0.589999973800000000000000000000000000000,350.000000000000000000000000000000000000000,1.175784457000000000000000000000000000000,9.935046196000000000000000000000000000000,2.500000000000000000000000000000000000000,45.000000000000000000000000000000000000000
305.486033700000000000000000000000000000000,29.985009010000000000000000000000000000000,31.437964300000000000000000000000000000000,295.871054700000000000000000000000000000000,312.898071300000000000000000000000000000000,0.159999996400000000000000000000000000000,350.100006100000000000000000000000000000000,1.176594772000000000000000000000000000000,9.935046196000000000000000000000000000000,2.500000000000000000000000000000000000000,45.000000000000000000000000000000000000000
306.485936400000000000000000000000000000000,29.985016280000000000000000000000000000000,31.437964880000000000000000000000000000000,296.000462600000000000000000000000000000000,313.027465800000000000000000000000000000000,1.720000029000000000000000000000000000000,353.299987800000000000000000000000000000000,1.178584691000000000000000000000000000000,9.935046196000000000000000000000000000000,2.500000000000000000000000000000000000000,43.000000000000000000000000000000000000000
307.486766400000000000000000000000000000000,29.985034120000000000000000000000000000000,31.437963250000000000000000000000000000000,295.832100700000000000000000000000000000000,312.859069800000000000000000000000000000000,2.480000019000000000000000000000000000000,353.700012200000000000000000000000000000000,1.181518112000000000000000000000000000000,9.935046196000000000000000000000000000000,2.500000000000000000000000000000000000000,43.000000000000000000000000000000000000000
308.486442200000000000000000000000000000000,29.985060500000000000000000000000000000000,31.437963000000000000000000000000000000000,296.119564700000000000000000000000000000000,313.146484400000000000000000000000000000000,3.480000019000000000000000000000000000000,357.000000000000000000000000000000000000000,1.184719606000000000000000000000000000000,9.935046196000000000000000000000000000000,2.500000000000000000000000000000000000000,43.000000000000000000000000000000000000000
309.486314200000000000000000000000000000000,29.985089260000000000000000000000000000000,31.437964560000000000000000000000000000000,295.911243700000000000000000000000000000000,312.938110400000000000000000000000000000000,3.410000086000000000000000000000000000000,0.899999976200000000000000000000000000000,1.188235679000000000000000000000000000000,9.935046196000000000000000000000000000000,2.500000000000000000000000000000000000000,42.000000000000000000000000000000000000000
310.486259700000000000000000000000000000000,29.985120880000000000000000000000000000000,31.437964820000000000000000000000000000000,296.336595600000000000000000000000000000000,313.363403300000000000000000000000000000000,3.609999895000000000000000000000000000000,0.000000000000000000000000000000000000000,1.191688386000000000000000000000000000000,9.935046196000000000000000000000000000000,2.500000000000000000000000000000000000000,40.000000000000000000000000000000000000000
311.486259000000000000000000000000000000000,29.985151930000000000000000000000000000000,31.437964540000000000000000000000000000000,296.744795900000000000000000000000000000000,313.771545400000000000000000000000000000000,3.430000067000000000000000000000000000000,357.100006100000000000000000000000000000000,1.194937012000000000000000000000000000000,9.935046196000000000000000000000000000000,2.500000000000000000000000000000000000000,40.000000000000000000000000000000000000000
312.486183100000000000000000000000000000000,29.985181140000000000000000000000000000000,31.437965200000000000000000000000000000000,297.558265700000000000000000000000000000000,314.584960900000000000000000000000000000000,3.460000038000000000000000000000000000000,357.600006100000000000000000000000000000000,1.198023752000000000000000000000000000000,9.935046196000000000000000000000000000000,2.500000000000000000000000000000000000000,41.000000000000000000000000000000000000000
313.486226600000000000000000000000000000000,29.985208830000000000000000000000000000000,31.437967470000000000000000000000000000000,297.654141500000000000000000000000000000000,314.680786100000000000000000000000000000000,3.230000019000000000000000000000000000000,359.600006100000000000000000000000000000000,1.201032856000000000000000000000000000000,9.935046196000000000000000000000000000000,2.500000000000000000000000000000000000000,43.000000000000000000000000000000000000000
314.486101700000000000000000000000000000000,29.985235820000000000000000000000000000000,31.437969740000000000000000000000000000000,298.231461300000000000000000000000000000000,315.258056600000000000000000000000000000000,3.069999933000000000000000000000000000000,359.799987800000000000000000000000000000000,1.204256888000000000000000000000000000000,9.935046196000000000000000000000000000000,2.500000000000000000000000000000000000000,40.000000000000000000000000000000000000000
315.486204400000000000000000000000000000000,29.985264760000000000000000000000000000000,31.437971790000000000000000000000000000000,298.697884000000000000000000000000000000000,315.724426300000000000000000000000000000000,3.319999933000000000000000000000000000000,0.800000011900000000000000000000000000000,1.207621656000000000000000000000000000000,9.935046196000000000000000000000000000000,2.500000000000000000000000000000000000000,41.000000000000000000000000000000000000000
316.486477700000000000000000000000000000000,29.985294940000000000000000000000000000000,31.437974330000000000000000000000000000000,298.789125700000000000000000000000000000000,315.815612800000000000000000000000000000000,3.400000095000000000000000000000000000000,0.500000000000000000000000000000000000000,1.210894985000000000000000000000000000000,9.935046196000000000000000000000000000000,2.500000000000000000000000000000000000000,41.000000000000000000000000000000000000000
317.486764600000000000000000000000000000000,29.985324370000000000000000000000000000000,31.437975110000000000000000000000000000000,298.598079200000000000000000000000000000000,315.624511700000000000000000000000000000000,3.349999905000000000000000000000000000000,359.600006100000000000000000000000000000000,1.214265370000000000000000000000000000000,9.935046196000000000000000000000000000000,2.500000000000000000000000000000000000000,42.000000000000000000000000000000000000000
318.486864700000000000000000000000000000000,29.985354680000000000000000000000000000000,31.437975330000000000000000000000000000000,298.157828200000000000000000000000000000000,315.184204100000000000000000000000000000000,3.490000010000000000000000000000000000000,359.299987800000000000000000000000000000000,1.217514183000000000000000000000000000000,9.935046196000000000000000000000000000000,2.500000000000000000000000000000000000000,41.000000000000000000000000000000000000000
319.486700200000000000000000000000000000000,29.985383880000000000000000000000000000000,31.437974170000000000000000000000000000000,298.782639200000000000000000000000000000000,315.808960000000000000000000000000000000000,3.119999886000000000000000000000000000000,357.700012200000000000000000000000000000000,1.221009791000000000000000000000000000000,9.935046196000000000000000000000000000000,2.500000000000000000000000000000000000000,40.000000000000000000000000000000000000000
320.486585900000000000000000000000000000000,29.985415260000000000000000000000000000000,31.437971990000000000000000000000000000000,299.135360100000000000000000000000000000000,316.161621100000000000000000000000000000000,3.359999895000000000000000000000000000000,357.200012200000000000000000000000000000000,1.224386883000000000000000000000000000000,9.935046196000000000000000000000000000000,2.500000000000000000000000000000000000000,39.000000000000000000000000000000000000000
321.486326300000000000000000000000000000000,29.985445620000000000000000000000000000000,31.437971050000000000000000000000000000000,299.661235200000000000000000000000000000000,316.687439000000000000000000000000000000000,3.210000038000000000000000000000000000000,357.700012200000000000000000000000000000000,1.227692118000000000000000000000000000000,9.935046196000000000000000000000000000000,2.500000000000000000000000000000000000000,38.000000000000000000000000000000000000000
322.486810100000000000000000000000000000000,29.985475340000000000000000000000000000000,31.437970440000000000000000000000000000000,300.295751600000000000000000000000000000000,317.321899400000000000000000000000000000000,3.019999981000000000000000000000000000000,359.200012200000000000000000000000000000000,1.231306004000000000000000000000000000000,9.935046196000000000000000000000000000000,2.500000000000000000000000000000000000000,38.000000000000000000000000000000000000000
323.486433500000000000000000000000000000000,29.985507840000000000000000000000000000000,31.437970240000000000000000000000000000000,300.499059500000000000000000000000000000000,317.525146500000000000000000000000000000000,3.309999943000000000000000000000000000000,1.500000000000000000000000000000000000000,1.234750104000000000000000000000000000000,9.935046196000000000000000000000000000000,2.500000000000000000000000000000000000000,39.000000000000000000000000000000000000000
324.486782600000000000000000000000000000000,29.985538810000000000000000000000000000000,31.437969700000000000000000000000000000000,300.967135300000000000000000000000000000000,317.993164100000000000000000000000000000000,3.130000114000000000000000000000000000000,359.299987800000000000000000000000000000000,1.238068139000000000000000000000000000000,9.935046196000000000000000000000000000000,2.500000000000000000000000000000000000000,38.000000000000000000000000000000000000000
325.486826800000000000000000000000000000000,29.985568590000000000000000000000000000000,31.437967520000000000000000000000000000000,301.404081700000000000000000000000000000000,318.430053700000000000000000000000000000000,3.259999990000000000000000000000000000000,358.899993900000000000000000000000000000000,1.241186635000000000000000000000000000000,9.935046196000000000000000000000000000000,2.500000000000000000000000000000000000000,38.000000000000000000000000000000000000000
326.486740800000000000000000000000000000000,29.985596630000000000000000000000000000000,31.437968150000000000000000000000000000000,301.423665000000000000000000000000000000000,318.449585000000000000000000000000000000000,2.980000019000000000000000000000000000000,2.099999905000000000000000000000000000000,1.244490614000000000000000000000000000000,9.935046196000000000000000000000000000000,2.500000000000000000000000000000000000000,39.000000000000000000000000000000000000000
327.486729100000000000000000000000000000000,29.985626330000000000000000000000000000000,31.437969180000000000000000000000000000000,301.899794300000000000000000000000000000000,318.925659200000000000000000000000000000000,3.420000076000000000000000000000000000000,0.400000006000000000000000000000000000000,1.247906561000000000000000000000000000000,9.935046196000000000000000000000000000000,2.500000000000000000000000000000000000000,37.000000000000000000000000000000000000000
328.486137700000000000000000000000000000000,29.985657050000000000000000000000000000000,31.437969350000000000000000000000000000000,302.098826200000000000000000000000000000000,319.124633800000000000000000000000000000000,3.349999905000000000000000000000000000000,359.100006100000000000000000000000000000000,1.251245202000000000000000000000000000000,9.935046196000000000000000000000000000000,2.500000000000000000000000000000000000000,36.000000000000000000000000000000000000000
329.486117900000000000000000000000000000000,29.985687070000000000000000000000000000000,31.437969990000000000000000000000000000000,302.761968000000000000000000000000000000000,319.787719700000000000000000000000000000000,3.150000095000000000000000000000000000000,0.699999988100000000000000000000000000000,1.254605744000000000000000000000000000000,9.935046196000000000000000000000000000000,2.500000000000000000000000000000000000000,37.000000000000000000000000000000000000000
330.485906200000000000000000000000000000000,29.985717290000000000000000000000000000000,31.437970400000000000000000000000000000000,303.129822100000000000000000000000000000000,320.155517600000000000000000000000000000000,3.289999962000000000000000000000000000000,2.299999952000000000000000000000000000000,1.258135109000000000000000000000000000000,9.935046196000000000000000000000000000000,2.500000000000000000000000000000000000000,38.000000000000000000000000000000000000000
331.486676900000000000000000000000000000000,29.985749030000000000000000000000000000000,31.437970570000000000000000000000000000000,303.296629400000000000000000000000000000000,320.322265600000000000000000000000000000000,3.440000057000000000000000000000000000000,0.699999988100000000000000000000000000000,1.261359780000000000000000000000000000000,9.935046196000000000000000000000000000000,2.500000000000000000000000000000000000000,38.000000000000000000000000000000000000000
332.486037000000000000000000000000000000000,29.985778030000000000000000000000000000000,31.437970460000000000000000000000000000000,304.110526400000000000000000000000000000000,321.136108400000000000000000000000000000000,3.019999981000000000000000000000000000000,0.899999976200000000000000000000000000000,1.264802330000000000000000000000000000000,9.935046196000000000000000000000000000000,2.500000000000000000000000000000000000000,37.000000000000000000000000000000000000000
333.486299100000000000000000000000000000000,29.985808980000000000000000000000000000000,31.437971350000000000000000000000000000000,304.776721500000000000000000000000000000000,321.802246100000000000000000000000000000000,3.450000048000000000000000000000000000000,0.500000000000000000000000000000000000000,1.268097086000000000000000000000000000000,9.935046196000000000000000000000000000000,2.500000000000000000000000000000000000000,38.000000000000000000000000000000000000000
334.486731800000000000000000000000000000000,29.985838610000000000000000000000000000000,31.437971540000000000000000000000000000000,304.908063500000000000000000000000000000000,321.933532700000000000000000000000000000000,3.079999924000000000000000000000000000000,0.000000000000000000000000000000000000000,1.271273076000000000000000000000000000000,9.935046196000000000000000000000000000000,2.500000000000000000000000000000000000000,38.000000000000000000000000000000000000000
335.486616900000000000000000000000000000000,29.985867160000000000000000000000000000000,31.437972510000000000000000000000000000000,305.356785800000000000000000000000000000000,322.382202100000000000000000000000000000000,3.069999933000000000000000000000000000000,1.899999976000000000000000000000000000000,1.274375709000000000000000000000000000000,9.935046196000000000000000000000000000000,2.500000000000000000000000000000000000000,40.000000000000000000000000000000000000000
336.486475700000000000000000000000000000000,29.985895050000000000000000000000000000000,31.437973480000000000000000000000000000000,305.620326200000000000000000000000000000000,322.645690900000000000000000000000000000000,3.019999981000000000000000000000000000000,2.099999905000000000000000000000000000000,1.277553574000000000000000000000000000000,9.935046196000000000000000000000000000000,2.500000000000000000000000000000000000000,40.000000000000000000000000000000000000000
337.486304400000000000000000000000000000000,29.985923610000000000000000000000000000000,31.437974690000000000000000000000000000000,305.694719800000000000000000000000000000000,322.720031700000000000000000000000000000000,3.210000038000000000000000000000000000000,3.099999905000000000000000000000000000000,1.280641599000000000000000000000000000000,9.935046196000000000000000000000000000000,2.500000000000000000000000000000000000000,39.000000000000000000000000000000000000000
338.486051900000000000000000000000000000000,29.985951240000000000000000000000000000000,31.437977920000000000000000000000000000000,306.008917700000000000000000000000000000000,323.034179700000000000000000000000000000000,3.039999962000000000000000000000000000000,4.800000191000000000000000000000000000000,1.283627548000000000000000000000000000000,9.935046196000000000000000000000000000000,2.500000000000000000000000000000000000000,39.000000000000000000000000000000000000000
339.486033600000000000000000000000000000000,29.985977650000000000000000000000000000000,31.437983530000000000000000000000000000000,306.203849500000000000000000000000000000000,323.229064900000000000000000000000000000000,2.980000019000000000000000000000000000000,7.099999905000000000000000000000000000000,1.286273212000000000000000000000000000000,9.935046196000000000000000000000000000000,2.500000000000000000000000000000000000000,39.000000000000000000000000000000000000000
340.486739400000000000000000000000000000000,29.986001110000000000000000000000000000000,31.437988110000000000000000000000000000000,306.265292400000000000000000000000000000000,323.290466300000000000000000000000000000000,2.559999943000000000000000000000000000000,8.100000381000000000000000000000000000000,1.288657878000000000000000000000000000000,9.935046196000000000000000000000000000000,2.500000000000000000000000000000000000000,39.000000000000000000000000000000000000000
341.486538800000000000000000000000000000000,29.986021990000000000000000000000000000000,31.437993760000000000000000000000000000000,306.081307500000000000000000000000000000000,323.106445300000000000000000000000000000000,2.509999990000000000000000000000000000000,11.699999810000000000000000000000000000000,1.290809153000000000000000000000000000000,9.935046196000000000000000000000000000000,2.500000000000000000000000000000000000000,38.000000000000000000000000000000000000000
342.486333300000000000000000000000000000000,29.986040900000000000000000000000000000000,31.437998480000000000000000000000000000000,305.924358100000000000000000000000000000000,322.949462900000000000000000000000000000000,2.200000048000000000000000000000000000000,15.699999810000000000000000000000000000000,1.293685924000000000000000000000000000000,9.935046196000000000000000000000000000000,2.500000000000000000000000000000000000000,39.000000000000000000000000000000000000000
343.486107900000000000000000000000000000000,29.986063130000000000000000000000000000000,31.438013760000000000000000000000000000000,304.649001200000000000000000000000000000000,321.674072300000000000000000000000000000000,2.700000048000000000000000000000000000000,32.900001530000000000000000000000000000000,1.296936494000000000000000000000000000000,9.935046196000000000000000000000000000000,2.500000000000000000000000000000000000000,41.000000000000000000000000000000000000000
344.486521700000000000000000000000000000000,29.986082390000000000000000000000000000000,31.438039150000000000000000000000000000000,304.196753700000000000000000000000000000000,321.221801800000000000000000000000000000000,2.819999933000000000000000000000000000000,46.900001530000000000000000000000000000000,1.300220179000000000000000000000000000000,9.935046196000000000000000000000000000000,2.500000000000000000000000000000000000000,45.000000000000000000000000000000000000000
345.486058300000000000000000000000000000000,29.986097270000000000000000000000000000000,31.438068600000000000000000000000000000000,304.734242100000000000000000000000000000000,321.759277300000000000000000000000000000000,2.960000038000000000000000000000000000000,55.099998470000000000000000000000000000000,1.303705063000000000000000000000000000000,9.935046196000000000000000000000000000000,2.500000000000000000000000000000000000000,46.000000000000000000000000000000000000000
346.486614300000000000000000000000000000000,29.986110540000000000000000000000000000000,31.438101380000000000000000000000000000000,305.372067500000000000000000000000000000000,322.397094700000000000000000000000000000000,3.200000048000000000000000000000000000000,61.599998470000000000000000000000000000000,1.307403920000000000000000000000000000000,9.935046196000000000000000000000000000000,2.500000000000000000000000000000000000000,48.000000000000000000000000000000000000000
347.486012800000000000000000000000000000000,29.986122760000000000000000000000000000000,31.438137100000000000000000000000000000000,305.266237100000000000000000000000000000000,322.291259800000000000000000000000000000000,3.390000105000000000000000000000000000000,64.800003050000000000000000000000000000000,1.310969588000000000000000000000000000000,9.935046196000000000000000000000000000000,2.500000000000000000000000000000000000000,49.000000000000000000000000000000000000000
348.486488100000000000000000000000000000000,29.986136720000000000000000000000000000000,31.438170430000000000000000000000000000000,305.231273000000000000000000000000000000000,322.256286600000000000000000000000000000000,3.349999905000000000000000000000000000000,62.000000000000000000000000000000000000000,1.314335676000000000000000000000000000000,9.935046196000000000000000000000000000000,2.500000000000000000000000000000000000000,47.000000000000000000000000000000000000000
349.486382600000000000000000000000000000000,29.986152830000000000000000000000000000000,31.438200020000000000000000000000000000000,304.968165500000000000000000000000000000000,321.993164100000000000000000000000000000000,3.289999962000000000000000000000000000000,53.799999240000000000000000000000000000000,1.317420059000000000000000000000000000000,9.935046196000000000000000000000000000000,2.500000000000000000000000000000000000000,44.000000000000000000000000000000000000000
350.486786000000000000000000000000000000000,29.986173590000000000000000000000000000000,31.438221260000000000000000000000000000000,305.002067900000000000000000000000000000000,322.027038600000000000000000000000000000000,3.140000105000000000000000000000000000000,39.599998470000000000000000000000000000000,1.320612568000000000000000000000000000000,9.935046196000000000000000000000000000000,2.500000000000000000000000000000000000000,42.000000000000000000000000000000000000000
351.486285500000000000000000000000000000000,29.986201060000000000000000000000000000000,31.438230900000000000000000000000000000000,305.454018700000000000000000000000000000000,322.478942900000000000000000000000000000000,3.160000086000000000000000000000000000000,19.200000760000000000000000000000000000000,1.323853594000000000000000000000000000000,9.935046196000000000000000000000000000000,2.500000000000000000000000000000000000000,40.000000000000000000000000000000000000000
352.486814200000000000000000000000000000000,29.986230200000000000000000000000000000000,31.438230150000000000000000000000000000000,305.616366000000000000000000000000000000000,322.641235400000000000000000000000000000000,3.140000105000000000000000000000000000000,0.100000001500000000000000000000000000000,1.326853242000000000000000000000000000000,9.935046196000000000000000000000000000000,2.500000000000000000000000000000000000000,43.000000000000000000000000000000000000000
353.486424400000000000000000000000000000000,29.986256220000000000000000000000000000000,31.438221930000000000000000000000000000000,306.360437400000000000000000000000000000000,323.385253900000000000000000000000000000000,2.859999895000000000000000000000000000000,346.899993900000000000000000000000000000000,1.329031566000000000000000000000000000000,9.935046196000000000000000000000000000000,2.500000000000000000000000000000000000000,43.000000000000000000000000000000000000000
354.486900600000000000000000000000000000000,29.986274360000000000000000000000000000000,31.438213390000000000000000000000000000000,306.613771600000000000000000000000000000000,323.638549800000000000000000000000000000000,1.970000029000000000000000000000000000000,344.700012200000000000000000000000000000000,1.330623841000000000000000000000000000000,9.935046196000000000000000000000000000000,2.500000000000000000000000000000000000000,44.000000000000000000000000000000000000000
355.486329300000000000000000000000000000000,29.986283590000000000000000000000000000000,31.438200750000000000000000000000000000000,308.406275800000000000000000000000000000000,325.431030300000000000000000000000000000000,2.009999990000000000000000000000000000000,346.299987800000000000000000000000000000000,1.334588561000000000000000000000000000000,10.393527980000000000000000000000000000000,2.500000000000000000000000000000000000000,44.000000000000000000000000000000000000000
356.486768400000000000000000000000000000000,29.986315270000000000000000000000000000000,31.438181860000000000000000000000000000000,308.295260700000000000000000000000000000000,325.319946300000000000000000000000000000000,3.259999990000000000000000000000000000000,338.200012200000000000000000000000000000000,1.337494849000000000000000000000000000000,10.087727550000000000000000000000000000000,2.500000000000000000000000000000000000000,46.000000000000000000000000000000000000000
357.486808600000000000000000000000000000000,29.986339930000000000000000000000000000000,31.438171860000000000000000000000000000000,308.736840200000000000000000000000000000000,325.761474600000000000000000000000000000000,3.240000010000000000000000000000000000000,341.799987800000000000000000000000000000000,1.340720874000000000000000000000000000000,9.935046196000000000000000000000000000000,2.500000000000000000000000000000000000000,48.000000000000000000000000000000000000000
358.486536500000000000000000000000000000000,29.986368340000000000000000000000000000000,31.438165070000000000000000000000000000000,309.254474900000000000000000000000000000000,326.279052700000000000000000000000000000000,3.160000086000000000000000000000000000000,348.200012200000000000000000000000000000000,1.343607125000000000000000000000000000000,9.935046196000000000000000000000000000000,2.500000000000000000000000000000000000000,27.000000000000000000000000000000000000000
359.486263700000000000000000000000000000000,29.986394290000000000000000000000000000000,31.438164390000000000000000000000000000000,309.771247400000000000000000000000000000000,326.795776400000000000000000000000000000000,3.170000076000000000000000000000000000000,352.700012200000000000000000000000000000000,1.346776029000000000000000000000000000000,9.935046196000000000000000000000000000000,2.500000000000000000000000000000000000000,34.000000000000000000000000000000000000000
360.486105800000000000000000000000000000000,29.986422780000000000000000000000000000000,31.438163580000000000000000000000000000000,309.758972000000000000000000000000000000000,326.783447300000000000000000000000000000000,3.089999914000000000000000000000000000000,4.699999809000000000000000000000000000000,1.350050220000000000000000000000000000000,9.935046196000000000000000000000000000000,2.500000000000000000000000000000000000000,35.000000000000000000000000000000000000000
361.486899200000000000000000000000000000000,29.986452040000000000000000000000000000000,31.438167390000000000000000000000000000000,310.367728400000000000000000000000000000000,327.392150900000000000000000000000000000000,3.359999895000000000000000000000000000000,5.900000095000000000000000000000000000000,1.353310205000000000000000000000000000000,9.935046196000000000000000000000000000000,2.500000000000000000000000000000000000000,37.000000000000000000000000000000000000000
362.486675500000000000000000000000000000000,29.986481040000000000000000000000000000000,31.438172360000000000000000000000000000000,310.872479700000000000000000000000000000000,327.896850600000000000000000000000000000000,3.250000000000000000000000000000000000000,10.899999620000000000000000000000000000000,1.356724554000000000000000000000000000000,9.935046196000000000000000000000000000000,2.500000000000000000000000000000000000000,39.000000000000000000000000000000000000000
363.486553100000000000000000000000000000000,29.986510880000000000000000000000000000000,31.438180720000000000000000000000000000000,311.182589800000000000000000000000000000000,328.206909200000000000000000000000000000000,3.309999943000000000000000000000000000000,17.500000000000000000000000000000000000000,1.360333566000000000000000000000000000000,9.935046196000000000000000000000000000000,2.500000000000000000000000000000000000000,40.000000000000000000000000000000000000000
364.486874800000000000000000000000000000000,29.986541880000000000000000000000000000000,31.438191820000000000000000000000000000000,311.746240800000000000000000000000000000000,328.770507800000000000000000000000000000000,3.309999943000000000000000000000000000000,19.899999620000000000000000000000000000000,1.363768137000000000000000000000000000000,9.935046196000000000000000000000000000000,2.500000000000000000000000000000000000000,41.000000000000000000000000000000000000000
365.486122200000000000000000000000000000000,29.986571480000000000000000000000000000000,31.438202010000000000000000000000000000000,312.131239600000000000000000000000000000000,329.155456500000000000000000000000000000000,3.170000076000000000000000000000000000000,20.600000380000000000000000000000000000000,1.367233706000000000000000000000000000000,9.935046196000000000000000000000000000000,2.500000000000000000000000000000000000000,41.000000000000000000000000000000000000000
366.485952400000000000000000000000000000000,29.986601590000000000000000000000000000000,31.438211300000000000000000000000000000000,312.481877100000000000000000000000000000000,329.506042500000000000000000000000000000000,3.259999990000000000000000000000000000000,20.399999620000000000000000000000000000000,1.370702251000000000000000000000000000000,9.935046196000000000000000000000000000000,2.500000000000000000000000000000000000000,40.000000000000000000000000000000000000000
367.486693700000000000000000000000000000000,29.986631960000000000000000000000000000000,31.438219520000000000000000000000000000000,313.060970200000000000000000000000000000000,330.085083000000000000000000000000000000000,3.220000029000000000000000000000000000000,18.700000760000000000000000000000000000000,1.373978385000000000000000000000000000000,9.935046196000000000000000000000000000000,2.500000000000000000000000000000000000000,39.000000000000000000000000000000000000000
368.486469200000000000000000000000000000000,29.986660420000000000000000000000000000000,31.438228320000000000000000000000000000000,313.170760100000000000000000000000000000000,330.194824200000000000000000000000000000000,3.099999905000000000000000000000000000000,17.799999240000000000000000000000000000000,1.377232651000000000000000000000000000000,9.935046196000000000000000000000000000000,2.500000000000000000000000000000000000000,37.000000000000000000000000000000000000000
369.486094000000000000000000000000000000000,29.986688970000000000000000000000000000000,31.438235750000000000000000000000000000000,313.616122200000000000000000000000000000000,330.640136700000000000000000000000000000000,3.200000048000000000000000000000000000000,17.700000760000000000000000000000000000000,1.380606773000000000000000000000000000000,9.935046196000000000000000000000000000000,2.500000000000000000000000000000000000000,37.000000000000000000000000000000000000000
370.486752500000000000000000000000000000000,29.986718080000000000000000000000000000000,31.438245640000000000000000000000000000000,313.467673000000000000000000000000000000000,330.491638200000000000000000000000000000000,3.160000086000000000000000000000000000000,18.700000760000000000000000000000000000000,1.384057786000000000000000000000000000000,9.935046196000000000000000000000000000000,2.500000000000000000000000000000000000000,37.000000000000000000000000000000000000000
371.486378800000000000000000000000000000000,29.986747740000000000000000000000000000000,31.438256190000000000000000000000000000000,313.516123900000000000000000000000000000000,330.540039100000000000000000000000000000000,3.180000067000000000000000000000000000000,19.500000000000000000000000000000000000000,1.387572244000000000000000000000000000000,9.935046196000000000000000000000000000000,2.500000000000000000000000000000000000000,39.000000000000000000000000000000000000000
372.486445800000000000000000000000000000000,29.986778240000000000000000000000000000000,31.438265760000000000000000000000000000000,313.520814700000000000000000000000000000000,330.544677700000000000000000000000000000000,3.180000067000000000000000000000000000000,19.600000380000000000000000000000000000000,1.391106272000000000000000000000000000000,9.935046196000000000000000000000000000000,2.500000000000000000000000000000000000000,40.000000000000000000000000000000000000000
373.486217200000000000000000000000000000000,29.986808920000000000000000000000000000000,31.438275340000000000000000000000000000000,313.842156300000000000000000000000000000000,330.865966800000000000000000000000000000000,3.250000000000000000000000000000000000000,17.299999240000000000000000000000000000000,1.394774395000000000000000000000000000000,9.935046196000000000000000000000000000000,2.500000000000000000000000000000000000000,39.000000000000000000000000000000000000000
374.486026400000000000000000000000000000000,29.986840870000000000000000000000000000000,31.438284820000000000000000000000000000000,313.659716000000000000000000000000000000000,330.683471700000000000000000000000000000000,3.230000019000000000000000000000000000000,16.399999620000000000000000000000000000000,1.398267241000000000000000000000000000000,9.935046196000000000000000000000000000000,2.500000000000000000000000000000000000000,41.000000000000000000000000000000000000000
375.486736200000000000000000000000000000000,29.986871590000000000000000000000000000000,31.438292390000000000000000000000000000000,314.006022000000000000000000000000000000000,331.029724100000000000000000000000000000000,3.150000095000000000000000000000000000000,12.399999620000000000000000000000000000000,1.401612078000000000000000000000000000000,9.935046196000000000000000000000000000000,2.500000000000000000000000000000000000000,45.000000000000000000000000000000000000000
376.486510800000000000000000000000000000000,29.986901400000000000000000000000000000000,31.438297040000000000000000000000000000000,314.495516300000000000000000000000000000000,331.519165000000000000000000000000000000000,3.200000048000000000000000000000000000000,12.300000190000000000000000000000000000000,1.404908188000000000000000000000000000000,9.935046196000000000000000000000000000000,2.500000000000000000000000000000000000000,47.000000000000000000000000000000000000000
377.486329100000000000000000000000000000000,29.986930880000000000000000000000000000000,31.438300620000000000000000000000000000000,314.443933800000000000000000000000000000000,331.467529300000000000000000000000000000000,3.180000067000000000000000000000000000000,9.600000381000000000000000000000000000000,1.408161048000000000000000000000000000000,9.935046196000000000000000000000000000000,2.500000000000000000000000000000000000000,45.000000000000000000000000000000000000000
378.486663000000000000000000000000000000000,29.986960100000000000000000000000000000000,31.438302240000000000000000000000000000000,314.762957400000000000000000000000000000000,331.786499000000000000000000000000000000000,3.170000076000000000000000000000000000000,6.800000191000000000000000000000000000000,1.411288020000000000000000000000000000000,9.935046196000000000000000000000000000000,2.500000000000000000000000000000000000000,47.000000000000000000000000000000000000000
379.486336900000000000000000000000000000000,29.986988220000000000000000000000000000000,31.438302580000000000000000000000000000000,315.223031700000000000000000000000000000000,332.246521000000000000000000000000000000000,3.140000105000000000000000000000000000000,2.200000048000000000000000000000000000000,1.414302997000000000000000000000000000000,9.935046196000000000000000000000000000000,2.500000000000000000000000000000000000000,47.000000000000000000000000000000000000000
380.485938600000000000000000000000000000000,29.987015330000000000000000000000000000000,31.438303140000000000000000000000000000000,315.499998600000000000000000000000000000000,332.523437500000000000000000000000000000000,3.119999886000000000000000000000000000000,1.899999976000000000000000000000000000000,1.416840584000000000000000000000000000000,9.935046196000000000000000000000000000000,2.500000000000000000000000000000000000000,47.000000000000000000000000000000000000000
381.486094500000000000000000000000000000000,29.987038110000000000000000000000000000000,31.438304720000000000000000000000000000000,315.447855300000000000000000000000000000000,332.471252400000000000000000000000000000000,2.700000048000000000000000000000000000000,0.600000023800000000000000000000000000000,1.419409020000000000000000000000000000000,9.935046196000000000000000000000000000000,2.500000000000000000000000000000000000000,47.000000000000000000000000000000000000000
382.485915900000000000000000000000000000000,29.987061020000000000000000000000000000000,31.438301320000000000000000000000000000000,315.547204100000000000000000000000000000000,332.570556600000000000000000000000000000000,2.930000067000000000000000000000000000000,349.200012200000000000000000000000000000000,1.420489135000000000000000000000000000000,9.935046196000000000000000000000000000000,2.500000000000000000000000000000000000000,47.000000000000000000000000000000000000000
383.486488500000000000000000000000000000000,29.987070730000000000000000000000000000000,31.438301010000000000000000000000000000000,315.535381600000000000000000000000000000000,332.558715800000000000000000000000000000000,1.179999948000000000000000000000000000000,357.600006100000000000000000000000000000000,1.424112305000000000000000000000000000000,9.935046196000000000000000000000000000000,2.500000000000000000000000000000000000000,45.000000000000000000000000000000000000000
384.486813100000000000000000000000000000000,29.987101190000000000000000000000000000000,31.438287650000000000000000000000000000000,313.827315500000000000000000000000000000000,330.850585900000000000000000000000000000000,2.950000048000000000000000000000000000000,343.100006100000000000000000000000000000000,1.425739488000000000000000000000000000000,9.935046196000000000000000000000000000000,2.500000000000000000000000000000000000000,44.000000000000000000000000000000000000000
385.486871900000000000000000000000000000000,29.987115580000000000000000000000000000000,31.438284580000000000000000000000000000000,314.649853700000000000000000000000000000000,331.673095700000000000000000000000000000000,1.159999967000000000000000000000000000000,2.500000000000000000000000000000000000000,1.428816094000000000000000000000000000000,9.935046196000000000000000000000000000000,2.500000000000000000000000000000000000000,41.000000000000000000000000000000000000000
386.486738500000000000000000000000000000000,29.987141610000000000000000000000000000000,31.438273750000000000000000000000000000000,314.109441600000000000000000000000000000000,331.132629400000000000000000000000000000000,3.190000057000000000000000000000000000000,336.500000000000000000000000000000000000000,1.431792866000000000000000000000000000000,9.935046196000000000000000000000000000000,2.500000000000000000000000000000000000000,37.000000000000000000000000000000000000000
387.486731700000000000000000000000000000000,29.987168080000000000000000000000000000000,31.438269130000000000000000000000000000000,313.184994000000000000000000000000000000000,330.208129900000000000000000000000000000000,2.990000010000000000000000000000000000000,352.000000000000000000000000000000000000000,1.434192426000000000000000000000000000000,9.935046196000000000000000000000000000000,2.500000000000000000000000000000000000000,37.000000000000000000000000000000000000000
388.486729300000000000000000000000000000000,29.987189570000000000000000000000000000000,31.438271400000000000000000000000000000000,313.540867900000000000000000000000000000000,330.563964800000000000000000000000000000000,2.740000010000000000000000000000000000000,0.600000023800000000000000000000000000000,1.437015832000000000000000000000000000000,9.935046196000000000000000000000000000000,2.500000000000000000000000000000000000000,37.000000000000000000000000000000000000000
389.486199100000000000000000000000000000000,29.987214930000000000000000000000000000000,31.438272860000000000000000000000000000000,313.934835500000000000000000000000000000000,330.957885700000000000000000000000000000000,3.079999924000000000000000000000000000000,0.300000011900000000000000000000000000000,1.439856470000000000000000000000000000000,9.935046196000000000000000000000000000000,2.500000000000000000000000000000000000000,36.000000000000000000000000000000000000000
390.486309900000000000000000000000000000000,29.987240420000000000000000000000000000000,31.438274820000000000000000000000000000000,314.100043300000000000000000000000000000000,331.123046900000000000000000000000000000000,2.940000057000000000000000000000000000000,359.200012200000000000000000000000000000000,1.442716304000000000000000000000000000000,9.935046196000000000000000000000000000000,2.500000000000000000000000000000000000000,37.000000000000000000000000000000000000000
391.486384000000000000000000000000000000000,29.987266130000000000000000000000000000000,31.438275610000000000000000000000000000000,314.115593900000000000000000000000000000000,331.138549800000000000000000000000000000000,3.079999924000000000000000000000000000000,1.799999952000000000000000000000000000000,1.445761400000000000000000000000000000000,9.935046196000000000000000000000000000000,2.500000000000000000000000000000000000000,42.000000000000000000000000000000000000000
392.486480500000000000000000000000000000000,29.987293390000000000000000000000000000000,31.438278630000000000000000000000000000000,313.909954800000000000000000000000000000000,330.932861300000000000000000000000000000000,3.039999962000000000000000000000000000000,4.500000000000000000000000000000000000000,1.448667641000000000000000000000000000000,9.935046196000000000000000000000000000000,2.500000000000000000000000000000000000000,44.000000000000000000000000000000000000000
393.486423400000000000000000000000000000000,29.987319380000000000000000000000000000000,31.438281820000000000000000000000000000000,313.699674600000000000000000000000000000000,330.722534200000000000000000000000000000000,2.990000010000000000000000000000000000000,9.100000381000000000000000000000000000000,1.451790255000000000000000000000000000000,9.935046196000000000000000000000000000000,2.500000000000000000000000000000000000000,44.000000000000000000000000000000000000000
394.486507700000000000000000000000000000000,29.987345740000000000000000000000000000000,31.438293000000000000000000000000000000000,313.464854900000000000000000000000000000000,330.487670900000000000000000000000000000000,3.049999952000000000000000000000000000000,18.899999620000000000000000000000000000000,1.454844000000000000000000000000000000000,9.935046196000000000000000000000000000000,2.500000000000000000000000000000000000000,45.000000000000000000000000000000000000000
395.486860100000000000000000000000000000000,29.987366930000000000000000000000000000000,31.438313170000000000000000000000000000000,313.952677200000000000000000000000000000000,330.975463900000000000000000000000000000000,3.079999924000000000000000000000000000000,34.000000000000000000000000000000000000000,1.458298289000000000000000000000000000000,9.935046196000000000000000000000000000000,2.500000000000000000000000000000000000000,46.000000000000000000000000000000000000000
396.486595900000000000000000000000000000000,29.987383470000000000000000000000000000000,31.438343530000000000000000000000000000000,314.099726200000000000000000000000000000000,331.122497600000000000000000000000000000000,3.390000105000000000000000000000000000000,49.599998470000000000000000000000000000000,1.462288504000000000000000000000000000000,9.935046196000000000000000000000000000000,2.500000000000000000000000000000000000000,48.000000000000000000000000000000000000000
397.486191800000000000000000000000000000000,29.987383720000000000000000000000000000000,31.438384960000000000000000000000000000000,314.798069800000000000000000000000000000000,331.820861800000000000000000000000000000000,3.549999952000000000000000000000000000000,76.800003050000000000000000000000000000000,1.466293409000000000000000000000000000000,9.935046196000000000000000000000000000000,2.500000000000000000000000000000000000000,49.000000000000000000000000000000000000000
398.486589300000000000000000000000000000000,29.987378300000000000000000000000000000000,31.438426070000000000000000000000000000000,314.832645500000000000000000000000000000000,331.855468800000000000000000000000000000000,3.500000000000000000000000000000000000000,91.500000000000000000000000000000000000000,1.470082921000000000000000000000000000000,9.935046196000000000000000000000000000000,2.500000000000000000000000000000000000000,53.000000000000000000000000000000000000000
399.486095500000000000000000000000000000000,29.987372900000000000000000000000000000000,31.438464920000000000000000000000000000000,315.086399800000000000000000000000000000000,332.109252900000000000000000000000000000000,3.430000067000000000000000000000000000000,92.400001530000000000000000000000000000000,1.473996019000000000000000000000000000000,9.935046196000000000000000000000000000000,2.500000000000000000000000000000000000000,56.000000000000000000000000000000000000000
400.486291300000000000000000000000000000000,29.987368490000000000000000000000000000000,31.438505230000000000000000000000000000000,314.790472400000000000000000000000000000000,331.813354500000000000000000000000000000000,3.490000010000000000000000000000000000000,89.800003050000000000000000000000000000000,1.477675853000000000000000000000000000000,9.935046196000000000000000000000000000000,2.500000000000000000000000000000000000000,53.000000000000000000000000000000000000000
401.486192900000000000000000000000000000000,29.987364800000000000000000000000000000000,31.438543200000000000000000000000000000000,314.957865600000000000000000000000000000000,331.980773900000000000000000000000000000000,3.490000010000000000000000000000000000000,88.199996950000000000000000000000000000000,1.481364570000000000000000000000000000000,9.935046196000000000000000000000000000000,2.500000000000000000000000000000000000000,53.000000000000000000000000000000000000000
402.486574700000000000000000000000000000000,29.987361410000000000000000000000000000000,31.438581300000000000000000000000000000000,314.494155600000000000000000000000000000000,331.517089800000000000000000000000000000000,3.470000029000000000000000000000000000000,88.800003050000000000000000000000000000000,1.485062921000000000000000000000000000000,9.935046196000000000000000000000000000000,2.500000000000000000000000000000000000000,44.000000000000000000000000000000000000000
403.486166800000000000000000000000000000000,29.987358670000000000000000000000000000000,31.438619570000000000000000000000000000000,314.843130000000000000000000000000000000000,331.866088900000000000000000000000000000000,3.589999914000000000000000000000000000000,89.900001530000000000000000000000000000000,1.488809348000000000000000000000000000000,9.935046196000000000000000000000000000000,2.500000000000000000000000000000000000000,41.000000000000000000000000000000000000000
404.486163300000000000000000000000000000000,29.987355620000000000000000000000000000000,31.438658310000000000000000000000000000000,315.014613200000000000000000000000000000000,332.037597700000000000000000000000000000000,3.559999943000000000000000000000000000000,91.800003050000000000000000000000000000000,1.492593632000000000000000000000000000000,9.935046196000000000000000000000000000000,2.500000000000000000000000000000000000000,41.000000000000000000000000000000000000000
405.486645000000000000000000000000000000000,29.987353160000000000000000000000000000000,31.438697500000000000000000000000000000000,315.169740000000000000000000000000000000000,332.192749000000000000000000000000000000000,3.599999905000000000000000000000000000000,92.800003050000000000000000000000000000000,1.496384927000000000000000000000000000000,9.935046196000000000000000000000000000000,2.500000000000000000000000000000000000000,39.000000000000000000000000000000000000000
406.486689300000000000000000000000000000000,29.987349680000000000000000000000000000000,31.438736660000000000000000000000000000000,315.441258800000000000000000000000000000000,332.464294400000000000000000000000000000000,3.670000076000000000000000000000000000000,93.199996950000000000000000000000000000000,1.500379456000000000000000000000000000000,9.935046196000000000000000000000000000000,2.500000000000000000000000000000000000000,41.000000000000000000000000000000000000000
407.486863700000000000000000000000000000000,29.987347240000000000000000000000000000000,31.438778040000000000000000000000000000000,315.698374200000000000000000000000000000000,332.721435500000000000000000000000000000000,3.759999990000000000000000000000000000000,92.400001530000000000000000000000000000000,1.504184207000000000000000000000000000000,9.935046196000000000000000000000000000000,2.500000000000000000000000000000000000000,40.000000000000000000000000000000000000000
408.486734200000000000000000000000000000000,29.987346680000000000000000000000000000000,31.438817540000000000000000000000000000000,315.979847100000000000000000000000000000000,333.002929700000000000000000000000000000000,3.700000048000000000000000000000000000000,91.099998470000000000000000000000000000000,1.508194823000000000000000000000000000000,9.935046196000000000000000000000000000000,2.500000000000000000000000000000000000000,43.000000000000000000000000000000000000000
409.486465800000000000000000000000000000000,29.987346260000000000000000000000000000000,31.438859180000000000000000000000000000000,316.412808400000000000000000000000000000000,333.435913100000000000000000000000000000000,3.809999943000000000000000000000000000000,90.000000000000000000000000000000000000000,1.512231723000000000000000000000000000000,9.935046196000000000000000000000000000000,2.500000000000000000000000000000000000000,41.000000000000000000000000000000000000000
410.486756800000000000000000000000000000000,29.987345660000000000000000000000000000000,31.438901090000000000000000000000000000000,316.270573900000000000000000000000000000000,333.293701200000000000000000000000000000000,3.759999990000000000000000000000000000000,90.800003050000000000000000000000000000000,1.516179825000000000000000000000000000000,9.935046196000000000000000000000000000000,2.500000000000000000000000000000000000000,38.000000000000000000000000000000000000000
411.486599500000000000000000000000000000000,29.987344220000000000000000000000000000000,31.438942050000000000000000000000000000000,315.797955100000000000000000000000000000000,332.821106000000000000000000000000000000000,3.849999905000000000000000000000000000000,90.900001530000000000000000000000000000000,1.520016603000000000000000000000000000000,9.935046196000000000000000000000000000000,2.500000000000000000000000000000000000000,41.000000000000000000000000000000000000000
412.486480800000000000000000000000000000000,29.987341930000000000000000000000000000000,31.438981800000000000000000000000000000000,315.471819600000000000000000000000000000000,332.494995100000000000000000000000000000000,3.819999933000000000000000000000000000000,92.000000000000000000000000000000000000000,1.523776534000000000000000000000000000000,9.935046196000000000000000000000000000000,2.500000000000000000000000000000000000000,42.000000000000000000000000000000000000000
413.486853000000000000000000000000000000000,29.987340850000000000000000000000000000000,31.439020820000000000000000000000000000000,315.448238100000000000000000000000000000000,332.471435500000000000000000000000000000000,3.799999952000000000000000000000000000000,90.000000000000000000000000000000000000000,1.527392916000000000000000000000000000000,9.935046196000000000000000000000000000000,2.500000000000000000000000000000000000000,45.000000000000000000000000000000000000000
414.486597400000000000000000000000000000000,29.987339360000000000000000000000000000000,31.439058330000000000000000000000000000000,315.542576400000000000000000000000000000000,332.565795900000000000000000000000000000000,3.720000029000000000000000000000000000000,91.199996950000000000000000000000000000000,1.531446554000000000000000000000000000000,9.935046196000000000000000000000000000000,2.500000000000000000000000000000000000000,43.000000000000000000000000000000000000000
415.486425300000000000000000000000000000000,29.987338250000000000000000000000000000000,31.439100400000000000000000000000000000000,315.131175900000000000000000000000000000000,332.154418900000000000000000000000000000000,3.799999952000000000000000000000000000000,90.699996950000000000000000000000000000000,1.535441721000000000000000000000000000000,9.935046196000000000000000000000000000000,2.500000000000000000000000000000000000000,44.000000000000000000000000000000000000000
416.485939100000000000000000000000000000000,29.987336830000000000000000000000000000000,31.439141850000000000000000000000000000000,315.102465500000000000000000000000000000000,332.125732400000000000000000000000000000000,3.839999914000000000000000000000000000000,90.400001530000000000000000000000000000000,1.539429885000000000000000000000000000000,9.935046196000000000000000000000000000000,2.500000000000000000000000000000000000000,46.000000000000000000000000000000000000000
417.486420600000000000000000000000000000000,29.987334750000000000000000000000000000000,31.439183190000000000000000000000000000000,314.772972700000000000000000000000000000000,331.796264600000000000000000000000000000000,3.789999962000000000000000000000000000000,91.699996950000000000000000000000000000000,1.543377207000000000000000000000000000000,9.935046196000000000000000000000000000000,2.500000000000000000000000000000000000000,43.000000000000000000000000000000000000000
418.486234900000000000000000000000000000000,29.987333770000000000000000000000000000000,31.439224160000000000000000000000000000000,314.830811200000000000000000000000000000000,331.854126000000000000000000000000000000000,3.839999914000000000000000000000000000000,90.099998470000000000000000000000000000000,1.547368358000000000000000000000000000000,9.935046196000000000000000000000000000000,2.500000000000000000000000000000000000000,41.000000000000000000000000000000000000000
419.486402300000000000000000000000000000000,29.987333560000000000000000000000000000000,31.439265600000000000000000000000000000000,314.588480100000000000000000000000000000000,331.611816400000000000000000000000000000000,3.869999886000000000000000000000000000000,90.199996950000000000000000000000000000000,1.551368248000000000000000000000000000000,9.935046196000000000000000000000000000000,2.500000000000000000000000000000000000000,36.000000000000000000000000000000000000000
420.486079400000000000000000000000000000000,29.987333860000000000000000000000000000000,31.439307130000000000000000000000000000000,314.490131700000000000000000000000000000000,331.513488800000000000000000000000000000000,3.819999933000000000000000000000000000000,90.300003050000000000000000000000000000000,1.555308379000000000000000000000000000000,9.935046196000000000000000000000000000000,2.500000000000000000000000000000000000000,35.000000000000000000000000000000000000000
421.486344700000000000000000000000000000000,29.987333040000000000000000000000000000000,31.439348030000000000000000000000000000000,314.245785600000000000000000000000000000000,331.269165000000000000000000000000000000000,3.910000086000000000000000000000000000000,90.599998470000000000000000000000000000000,1.558939165000000000000000000000000000000,9.935046196000000000000000000000000000000,2.500000000000000000000000000000000000000,35.000000000000000000000000000000000000000
422.486417600000000000000000000000000000000,29.987331760000000000000000000000000000000,31.439385700000000000000000000000000000000,314.238439700000000000000000000000000000000,331.261840800000000000000000000000000000000,3.599999905000000000000000000000000000000,90.800003050000000000000000000000000000000,1.561917260000000000000000000000000000000,9.935046196000000000000000000000000000000,2.500000000000000000000000000000000000000,35.000000000000000000000000000000000000000
423.486020700000000000000000000000000000000,29.987330750000000000000000000000000000000,31.439416600000000000000000000000000000000,314.624774500000000000000000000000000000000,331.648193400000000000000000000000000000000,2.869999886000000000000000000000000000000,90.900001530000000000000000000000000000000,1.564316320000000000000000000000000000000,9.935046196000000000000000000000000000000,2.500000000000000000000000000000000000000,35.000000000000000000000000000000000000000
424.486699200000000000000000000000000000000,29.987329890000000000000000000000000000000,31.439441490000000000000000000000000000000,314.723515100000000000000000000000000000000,331.746948200000000000000000000000000000000,2.410000086000000000000000000000000000000,91.500000000000000000000000000000000000000,1.566529845000000000000000000000000000000,9.935046196000000000000000000000000000000,2.500000000000000000000000000000000000000,37.000000000000000000000000000000000000000
425.485952200000000000000000000000000000000,29.987329550000000000000000000000000000000,31.439464470000000000000000000000000000000,314.282645700000000000000000000000000000000,331.306091300000000000000000000000000000000,2.200000048000000000000000000000000000000,92.099998470000000000000000000000000000000,1.567942353000000000000000000000000000000,9.935046196000000000000000000000000000000,2.500000000000000000000000000000000000000,36.000000000000000000000000000000000000000
426.486646200000000000000000000000000000000,29.987328790000000000000000000000000000000,31.439479110000000000000000000000000000000,314.273176400000000000000000000000000000000,331.296630900000000000000000000000000000000,1.509999990000000000000000000000000000000,92.800003050000000000000000000000000000000,1.569190695000000000000000000000000000000,9.935046196000000000000000000000000000000,2.500000000000000000000000000000000000000,37.000000000000000000000000000000000000000
427.486118400000000000000000000000000000000,29.987327890000000000000000000000000000000,31.439492030000000000000000000000000000000,313.931005000000000000000000000000000000000,330.954467800000000000000000000000000000000,1.350000024000000000000000000000000000000,92.500000000000000000000000000000000000000,1.570225851000000000000000000000000000000,9.935046196000000000000000000000000000000,2.500000000000000000000000000000000000000,36.000000000000000000000000000000000000000
428.486324500000000000000000000000000000000,29.987326700000000000000000000000000000000,31.439502690000000000000000000000000000000,313.516080300000000000000000000000000000000,330.539550800000000000000000000000000000000,1.169999957000000000000000000000000000000,92.500000000000000000000000000000000000000,1.571466077000000000000000000000000000000,9.935046196000000000000000000000000000000,2.500000000000000000000000000000000000000,36.000000000000000000000000000000000000000
429.486762800000000000000000000000000000000,29.987325850000000000000000000000000000000,31.439515530000000000000000000000000000000,313.453083900000000000000000000000000000000,330.476562500000000000000000000000000000000,1.360000014000000000000000000000000000000,93.000000000000000000000000000000000000000,1.572103787000000000000000000000000000000,9.935046196000000000000000000000000000000,2.500000000000000000000000000000000000000,34.000000000000000000000000000000000000000
430.486356100000000000000000000000000000000,29.987324850000000000000000000000000000000,31.439522050000000000000000000000000000000,313.805373600000000000000000000000000000000,330.828857400000000000000000000000000000000,0.699999988100000000000000000000000000000,95.099998470000000000000000000000000000000,1.573466576000000000000000000000000000000,9.935046196000000000000000000000000000000,2.500000000000000000000000000000000000000,37.000000000000000000000000000000000000000
431.485927400000000000000000000000000000000,29.987323130000000000000000000000000000000,31.439536060000000000000000000000000000000,313.486149400000000000000000000000000000000,330.509643600000000000000000000000000000000,1.649999976000000000000000000000000000000,93.000000000000000000000000000000000000000,1.576081280000000000000000000000000000000,9.935046196000000000000000000000000000000,2.500000000000000000000000000000000000000,37.000000000000000000000000000000000000000
432.485957600000000000000000000000000000000,29.987321720000000000000000000000000000000,31.439563160000000000000000000000000000000,313.216235400000000000000000000000000000000,330.239746100000000000000000000000000000000,2.750000000000000000000000000000000000000,91.500000000000000000000000000000000000000,1.579317131000000000000000000000000000000,9.935046196000000000000000000000000000000,2.500000000000000000000000000000000000000,37.000000000000000000000000000000000000000
433.486136800000000000000000000000000000000,29.987320160000000000000000000000000000000,31.439596710000000000000000000000000000000,313.081571800000000000000000000000000000000,330.105102500000000000000000000000000000000,3.289999962000000000000000000000000000000,92.199996950000000000000000000000000000000,1.583034616000000000000000000000000000000,9.935046196000000000000000000000000000000,2.500000000000000000000000000000000000000,39.000000000000000000000000000000000000000
434.486799700000000000000000000000000000000,29.987318860000000000000000000000000000000,31.439635280000000000000000000000000000000,313.384894300000000000000000000000000000000,330.408447300000000000000000000000000000000,3.670000076000000000000000000000000000000,90.699996950000000000000000000000000000000,1.586965207000000000000000000000000000000,9.935046196000000000000000000000000000000,2.500000000000000000000000000000000000000,40.000000000000000000000000000000000000000
435.485975500000000000000000000000000000000,29.987319200000000000000000000000000000000,31.439676090000000000000000000000000000000,313.276109400000000000000000000000000000000,330.299682600000000000000000000000000000000,3.910000086000000000000000000000000000000,90.000000000000000000000000000000000000000,1.590930309000000000000000000000000000000,9.935046196000000000000000000000000000000,2.500000000000000000000000000000000000000,42.000000000000000000000000000000000000000
436.486132900000000000000000000000000000000,29.987319320000000000000000000000000000000,31.439717260000000000000000000000000000000,312.914150100000000000000000000000000000000,329.937744100000000000000000000000000000000,3.880000114000000000000000000000000000000,89.800003050000000000000000000000000000000,1.594847253000000000000000000000000000000,9.935046196000000000000000000000000000000,2.500000000000000000000000000000000000000,40.000000000000000000000000000000000000000
437.486036000000000000000000000000000000000,29.987320430000000000000000000000000000000,31.439757910000000000000000000000000000000,313.484871100000000000000000000000000000000,330.508483900000000000000000000000000000000,3.819999933000000000000000000000000000000,88.900001530000000000000000000000000000000,1.598736581000000000000000000000000000000,9.935046196000000000000000000000000000000,2.500000000000000000000000000000000000000,40.000000000000000000000000000000000000000
438.486823300000000000000000000000000000000,29.987322390000000000000000000000000000000,31.439798230000000000000000000000000000000,313.372549500000000000000000000000000000000,330.396179200000000000000000000000000000000,3.880000114000000000000000000000000000000,89.099998470000000000000000000000000000000,1.602746221000000000000000000000000000000,9.935046196000000000000000000000000000000,2.500000000000000000000000000000000000000,39.000000000000000000000000000000000000000
439.486807100000000000000000000000000000000,29.987323280000000000000000000000000000000,31.439839850000000000000000000000000000000,313.106599700000000000000000000000000000000,330.130249000000000000000000000000000000000,4.019999981000000000000000000000000000000,89.500000000000000000000000000000000000000,1.606608618000000000000000000000000000000,9.935046196000000000000000000000000000000,2.500000000000000000000000000000000000000,36.000000000000000000000000000000000000000
440.485967900000000000000000000000000000000,29.987323760000000000000000000000000000000,31.439879950000000000000000000000000000000,313.160107900000000000000000000000000000000,330.183776900000000000000000000000000000000,3.880000114000000000000000000000000000000,89.900001530000000000000000000000000000000,1.610510351000000000000000000000000000000,9.935046196000000000000000000000000000000,2.500000000000000000000000000000000000000,37.000000000000000000000000000000000000000
441.486658900000000000000000000000000000000,29.987323390000000000000000000000000000000,31.439920460000000000000000000000000000000,313.178824300000000000000000000000000000000,330.202514600000000000000000000000000000000,3.849999905000000000000000000000000000000,89.800003050000000000000000000000000000000,1.614459334000000000000000000000000000000,9.935046196000000000000000000000000000000,2.500000000000000000000000000000000000000,37.000000000000000000000000000000000000000
442.486317900000000000000000000000000000000,29.987323810000000000000000000000000000000,31.439961460000000000000000000000000000000,312.891999900000000000000000000000000000000,329.915710400000000000000000000000000000000,3.880000114000000000000000000000000000000,89.400001530000000000000000000000000000000,1.618258157000000000000000000000000000000,9.935046196000000000000000000000000000000,2.500000000000000000000000000000000000000,38.000000000000000000000000000000000000000
443.486095900000000000000000000000000000000,29.987323340000000000000000000000000000000,31.440000900000000000000000000000000000000,312.629893900000000000000000000000000000000,329.653625500000000000000000000000000000000,3.799999952000000000000000000000000000000,91.500000000000000000000000000000000000000,1.622166819000000000000000000000000000000,9.935046196000000000000000000000000000000,2.500000000000000000000000000000000000000,39.000000000000000000000000000000000000000
444.486371400000000000000000000000000000000,29.987322410000000000000000000000000000000,31.440041470000000000000000000000000000000,312.670215600000000000000000000000000000000,329.693969700000000000000000000000000000000,3.910000086000000000000000000000000000000,91.900001530000000000000000000000000000000,1.626102065000000000000000000000000000000,9.935046196000000000000000000000000000000,2.500000000000000000000000000000000000000,39.000000000000000000000000000000000000000
445.486676100000000000000000000000000000000,29.987322290000000000000000000000000000000,31.440082330000000000000000000000000000000,312.799344900000000000000000000000000000000,329.823120100000000000000000000000000000000,3.930000067000000000000000000000000000000,91.300003050000000000000000000000000000000,1.629957659000000000000000000000000000000,9.935046196000000000000000000000000000000,2.500000000000000000000000000000000000000,41.000000000000000000000000000000000000000
446.485922600000000000000000000000000000000,29.987321110000000000000000000000000000000,31.440122340000000000000000000000000000000,312.600957900000000000000000000000000000000,329.624755900000000000000000000000000000000,3.880000114000000000000000000000000000000,91.199996950000000000000000000000000000000,1.633931969000000000000000000000000000000,9.935046196000000000000000000000000000000,2.500000000000000000000000000000000000000,43.000000000000000000000000000000000000000
447.485932900000000000000000000000000000000,29.987320120000000000000000000000000000000,31.440163590000000000000000000000000000000,312.354353000000000000000000000000000000000,329.378173800000000000000000000000000000000,4.000000000000000000000000000000000000000,90.800003050000000000000000000000000000000,1.637849509000000000000000000000000000000,9.935046196000000000000000000000000000000,2.500000000000000000000000000000000000000,43.000000000000000000000000000000000000000
448.486795100000000000000000000000000000000,29.987319120000000000000000000000000000000,31.440204250000000000000000000000000000000,312.461141800000000000000000000000000000000,329.484985400000000000000000000000000000000,3.930000067000000000000000000000000000000,90.500000000000000000000000000000000000000,1.641700032000000000000000000000000000000,9.935046196000000000000000000000000000000,2.500000000000000000000000000000000000000,41.000000000000000000000000000000000000000
449.486463000000000000000000000000000000000,29.987319300000000000000000000000000000000,31.440244230000000000000000000000000000000,312.402283800000000000000000000000000000000,329.426147500000000000000000000000000000000,3.809999943000000000000000000000000000000,89.699996950000000000000000000000000000000,1.645399714000000000000000000000000000000,9.935046196000000000000000000000000000000,2.500000000000000000000000000000000000000,40.000000000000000000000000000000000000000
450.486172200000000000000000000000000000000,29.987319800000000000000000000000000000000,31.440282640000000000000000000000000000000,312.648358800000000000000000000000000000000,329.672241200000000000000000000000000000000,3.690000057000000000000000000000000000000,89.699996950000000000000000000000000000000,1.649007904000000000000000000000000000000,9.935046196000000000000000000000000000000,2.500000000000000000000000000000000000000,41.000000000000000000000000000000000000000
451.486742500000000000000000000000000000000,29.987320970000000000000000000000000000000,31.440320080000000000000000000000000000000,312.578639700000000000000000000000000000000,329.602539100000000000000000000000000000000,3.640000105000000000000000000000000000000,89.000000000000000000000000000000000000000,1.652754273000000000000000000000000000000,9.935046196000000000000000000000000000000,2.500000000000000000000000000000000000000,39.000000000000000000000000000000000000000
452.486162200000000000000000000000000000000,29.987322480000000000000000000000000000000,31.440358940000000000000000000000000000000,312.621713500000000000000000000000000000000,329.645629900000000000000000000000000000000,3.799999952000000000000000000000000000000,88.800003050000000000000000000000000000000,1.656774504000000000000000000000000000000,9.935046196000000000000000000000000000000,2.500000000000000000000000000000000000000,38.000000000000000000000000000000000000000
453.486458700000000000000000000000000000000,29.987323370000000000000000000000000000000,31.440400670000000000000000000000000000000,312.431691400000000000000000000000000000000,329.455627400000000000000000000000000000000,4.019999981000000000000000000000000000000,89.000000000000000000000000000000000000000,1.660612635000000000000000000000000000000,9.935046196000000000000000000000000000000,2.500000000000000000000000000000000000000,36.000000000000000000000000000000000000000
454.486669700000000000000000000000000000000,29.987324750000000000000000000000000000000,31.440440490000000000000000000000000000000,312.576021700000000000000000000000000000000,329.599975600000000000000000000000000000000,3.819999933000000000000000000000000000000,88.099998470000000000000000000000000000000,1.664408385000000000000000000000000000000,9.935046196000000000000000000000000000000,2.500000000000000000000000000000000000000,36.000000000000000000000000000000000000000
455.486586200000000000000000000000000000000,29.987326810000000000000000000000000000000,31.440479830000000000000000000000000000000,312.687211500000000000000000000000000000000,329.711181600000000000000000000000000000000,3.769999981000000000000000000000000000000,86.500000000000000000000000000000000000000,1.668204684000000000000000000000000000000,9.935046196000000000000000000000000000000,2.500000000000000000000000000000000000000,41.000000000000000000000000000000000000000
456.486345900000000000000000000000000000000,29.987329330000000000000000000000000000000,31.440519140000000000000000000000000000000,312.525452900000000000000000000000000000000,329.549438500000000000000000000000000000000,3.859999895000000000000000000000000000000,86.000000000000000000000000000000000000000,1.671924239000000000000000000000000000000,9.935046196000000000000000000000000000000,2.500000000000000000000000000000000000000,43.000000000000000000000000000000000000000
457.486180700000000000000000000000000000000,29.987333210000000000000000000000000000000,31.440557500000000000000000000000000000000,312.739185700000000000000000000000000000000,329.763183600000000000000000000000000000000,3.710000038000000000000000000000000000000,85.000000000000000000000000000000000000000,1.675715044000000000000000000000000000000,9.935046196000000000000000000000000000000,2.500000000000000000000000000000000000000,43.000000000000000000000000000000000000000
458.486102100000000000000000000000000000000,29.987337050000000000000000000000000000000,31.440596610000000000000000000000000000000,312.723547800000000000000000000000000000000,329.747558600000000000000000000000000000000,3.819999933000000000000000000000000000000,83.800003050000000000000000000000000000000,1.679356642000000000000000000000000000000,9.935046196000000000000000000000000000000,2.500000000000000000000000000000000000000,43.000000000000000000000000000000000000000
459.486845700000000000000000000000000000000,29.987341310000000000000000000000000000000,31.440634100000000000000000000000000000000,313.021632300000000000000000000000000000000,330.045654300000000000000000000000000000000,3.700000048000000000000000000000000000000,85.000000000000000000000000000000000000000,1.683106906000000000000000000000000000000,9.935046196000000000000000000000000000000,2.500000000000000000000000000000000000000,43.000000000000000000000000000000000000000
460.486209700000000000000000000000000000000,29.987343720000000000000000000000000000000,31.440672940000000000000000000000000000000,312.659739500000000000000000000000000000000,329.683776900000000000000000000000000000000,3.759999990000000000000000000000000000000,87.199996950000000000000000000000000000000,1.686793922000000000000000000000000000000,9.935046196000000000000000000000000000000,2.500000000000000000000000000000000000000,45.000000000000000000000000000000000000000
461.486449100000000000000000000000000000000,29.987345900000000000000000000000000000000,31.440711140000000000000000000000000000000,312.462153200000000000000000000000000000000,329.486206100000000000000000000000000000000,3.670000076000000000000000000000000000000,88.400001530000000000000000000000000000000,1.690191816000000000000000000000000000000,9.935046196000000000000000000000000000000,2.500000000000000000000000000000000000000,41.000000000000000000000000000000000000000
462.486332700000000000000000000000000000000,29.987346950000000000000000000000000000000,31.440746400000000000000000000000000000000,312.338846200000000000000000000000000000000,329.362915000000000000000000000000000000000,3.339999914000000000000000000000000000000,88.900001530000000000000000000000000000000,1.693275394000000000000000000000000000000,9.935046196000000000000000000000000000000,2.500000000000000000000000000000000000000,39.000000000000000000000000000000000000000
463.486254500000000000000000000000000000000,29.987346360000000000000000000000000000000,31.440778410000000000000000000000000000000,312.437827700000000000000000000000000000000,329.461914100000000000000000000000000000000,3.069999933000000000000000000000000000000,90.500000000000000000000000000000000000000,1.696046531000000000000000000000000000000,9.935046196000000000000000000000000000000,2.500000000000000000000000000000000000000,41.000000000000000000000000000000000000000
464.486488600000000000000000000000000000000,29.987343710000000000000000000000000000000,31.440807020000000000000000000000000000000,312.543154800000000000000000000000000000000,329.567260700000000000000000000000000000000,2.849999905000000000000000000000000000000,93.800003050000000000000000000000000000000,1.699008068000000000000000000000000000000,9.935046196000000000000000000000000000000,2.500000000000000000000000000000000000000,43.000000000000000000000000000000000000000
465.486143600000000000000000000000000000000,29.987337980000000000000000000000000000000,31.440837050000000000000000000000000000000,311.980994900000000000000000000000000000000,329.005127000000000000000000000000000000000,2.880000114000000000000000000000000000000,99.900001530000000000000000000000000000000,1.701383793000000000000000000000000000000,9.935046196000000000000000000000000000000,2.500000000000000000000000000000000000000,41.000000000000000000000000000000000000000
466.486900300000000000000000000000000000000,29.987331820000000000000000000000000000000,31.440860670000000000000000000000000000000,311.929213500000000000000000000000000000000,328.953369100000000000000000000000000000000,2.269999981000000000000000000000000000000,102.599998500000000000000000000000000000000,1.702832349000000000000000000000000000000,9.935046196000000000000000000000000000000,2.500000000000000000000000000000000000000,39.000000000000000000000000000000000000000
467.486635800000000000000000000000000000000,29.987328520000000000000000000000000000000,31.440875220000000000000000000000000000000,312.121338600000000000000000000000000000000,329.145507800000000000000000000000000000000,1.509999990000000000000000000000000000000,99.800003050000000000000000000000000000000,1.703751207000000000000000000000000000000,9.935046196000000000000000000000000000000,2.500000000000000000000000000000000000000,37.000000000000000000000000000000000000000
468.486562700000000000000000000000000000000,29.987327010000000000000000000000000000000,31.440884600000000000000000000000000000000,312.102959400000000000000000000000000000000,329.127136200000000000000000000000000000000,1.029999971000000000000000000000000000000,95.300003050000000000000000000000000000000,1.704511486000000000000000000000000000000,9.935046196000000000000000000000000000000,2.500000000000000000000000000000000000000,35.000000000000000000000000000000000000000
469.486415700000000000000000000000000000000,29.987326790000000000000000000000000000000,31.440892490000000000000000000000000000000,312.177356800000000000000000000000000000000,329.201538100000000000000000000000000000000,0.740000009500000000000000000000000000000,88.800003050000000000000000000000000000000,1.707594383000000000000000000000000000000,9.935046196000000000000000000000000000000,2.500000000000000000000000000000000000000,32.000000000000000000000000000000000000000
470.486347600000000000000000000000000000000,29.987326700000000000000000000000000000000,31.440924500000000000000000000000000000000,309.916231800000000000000000000000000000000,326.940429700000000000000000000000000000000,2.869999886000000000000000000000000000000,89.599998470000000000000000000000000000000,1.708811814000000000000000000000000000000,9.935046196000000000000000000000000000000,2.500000000000000000000000000000000000000,33.000000000000000000000000000000000000000
471.486571700000000000000000000000000000000,29.987326580000000000000000000000000000000,31.440937140000000000000000000000000000000,310.016933200000000000000000000000000000000,327.041137700000000000000000000000000000000,1.350000024000000000000000000000000000000,93.400001530000000000000000000000000000000,1.712822759000000000000000000000000000000,9.935046196000000000000000000000000000000,2.500000000000000000000000000000000000000,33.000000000000000000000000000000000000000
472.486661500000000000000000000000000000000,29.987325300000000000000000000000000000000,31.440978760000000000000000000000000000000,309.063113100000000000000000000000000000000,326.087341300000000000000000000000000000000,2.990000010000000000000000000000000000000,91.400001530000000000000000000000000000000,1.716068882000000000000000000000000000000,9.935046196000000000000000000000000000000,2.538534641000000000000000000000000000000,31.000000000000000000000000000000000000000
473.486345600000000000000000000000000000000,29.987326170000000000000000000000000000000,31.441012450000000000000000000000000000000,310.081347000000000000000000000000000000000,327.105590800000000000000000000000000000000,3.000000000000000000000000000000000000000,89.400001530000000000000000000000000000000,1.719332181000000000000000000000000000000,9.935046196000000000000000000000000000000,2.500000000000000000000000000000000000000,31.000000000000000000000000000000000000000
474.486302200000000000000000000000000000000,29.987326580000000000000000000000000000000,31.441046330000000000000000000000000000000,310.620515000000000000000000000000000000000,327.644775400000000000000000000000000000000,3.460000038000000000000000000000000000000,90.500000000000000000000000000000000000000,1.719501833000000000000000000000000000000,9.935046196000000000000000000000000000000,2.500000000000000000000000000000000000000,34.000000000000000000000000000000000000000
475.486547300000000000000000000000000000000,29.987327600000000000000000000000000000000,31.441045020000000000000000000000000000000,311.262851600000000000000000000000000000000,328.287109400000000000000000000000000000000,0.000000000000000000000000000000000000000,NaN,1.722487979000000000000000000000000000000,9.935046196000000000000000000000000000000,2.500000000000000000000000000000000000000,35.000000000000000000000000000000000000000
476.486390500000000000000000000000000000000,29.987328110000000000000000000000000000000,31.441076020000000000000000000000000000000,312.093647200000000000000000000000000000000,329.117919900000000000000000000000000000000,3.309999943000000000000000000000000000000,90.300003050000000000000000000000000000000,1.725782845000000000000000000000000000000,9.935046196000000000000000000000000000000,2.500000000000000000000000000000000000000,34.000000000000000000000000000000000000000
477.486244200000000000000000000000000000000,29.987327070000000000000000000000000000000,31.441110210000000000000000000000000000000,312.584533500000000000000000000000000000000,329.608825700000000000000000000000000000000,3.150000095000000000000000000000000000000,92.900001530000000000000000000000000000000,1.729073710000000000000000000000000000000,9.935046196000000000000000000000000000000,2.500000000000000000000000000000000000000,35.000000000000000000000000000000000000000
478.486613400000000000000000000000000000000,29.987325840000000000000000000000000000000,31.441144350000000000000000000000000000000,312.841776900000000000000000000000000000000,329.866088900000000000000000000000000000000,3.190000057000000000000000000000000000000,91.800003050000000000000000000000000000000,1.732508296000000000000000000000000000000,9.935046196000000000000000000000000000000,2.500000000000000000000000000000000000000,36.000000000000000000000000000000000000000
479.486714300000000000000000000000000000000,29.987326920000000000000000000000000000000,31.441179990000000000000000000000000000000,313.252893500000000000000000000000000000000,330.277221700000000000000000000000000000000,3.359999895000000000000000000000000000000,88.800003050000000000000000000000000000000,1.735869143000000000000000000000000000000,9.935046196000000000000000000000000000000,2.500000000000000000000000000000000000000,37.000000000000000000000000000000000000000
480.486747200000000000000000000000000000000,29.987327840000000000000000000000000000000,31.441214870000000000000000000000000000000,313.674569300000000000000000000000000000000,330.698913600000000000000000000000000000000,3.309999943000000000000000000000000000000,87.900001530000000000000000000000000000000,1.739319172000000000000000000000000000000,9.935046196000000000000000000000000000000,2.500000000000000000000000000000000000000,37.000000000000000000000000000000000000000
481.486261500000000000000000000000000000000,29.987328180000000000000000000000000000000,31.441250690000000000000000000000000000000,313.882620500000000000000000000000000000000,330.906982400000000000000000000000000000000,3.329999924000000000000000000000000000000,88.000000000000000000000000000000000000000,1.742787577000000000000000000000000000000,9.935046196000000000000000000000000000000,2.500000000000000000000000000000000000000,36.000000000000000000000000000000000000000
482.486587300000000000000000000000000000000,29.987328580000000000000000000000000000000,31.441286700000000000000000000000000000000,314.281589600000000000000000000000000000000,331.305969200000000000000000000000000000000,3.390000105000000000000000000000000000000,87.599998470000000000000000000000000000000,1.746323552000000000000000000000000000000,9.935046196000000000000000000000000000000,2.500000000000000000000000000000000000000,36.000000000000000000000000000000000000000
483.486393100000000000000000000000000000000,29.987328080000000000000000000000000000000,31.441323410000000000000000000000000000000,314.388320400000000000000000000000000000000,331.412719700000000000000000000000000000000,3.390000105000000000000000000000000000000,88.900001530000000000000000000000000000000,1.749890896000000000000000000000000000000,9.935046196000000000000000000000000000000,2.500000000000000000000000000000000000000,35.000000000000000000000000000000000000000
484.486302100000000000000000000000000000000,29.987328200000000000000000000000000000000,31.441360450000000000000000000000000000000,314.096919800000000000000000000000000000000,331.121337900000000000000000000000000000000,3.410000086000000000000000000000000000000,88.900001530000000000000000000000000000000,1.753601780000000000000000000000000000000,9.935046196000000000000000000000000000000,2.500000000000000000000000000000000000000,37.000000000000000000000000000000000000000
485.485913700000000000000000000000000000000,29.987326180000000000000000000000000000000,31.441398910000000000000000000000000000000,313.447116100000000000000000000000000000000,330.471557600000000000000000000000000000000,3.480000019000000000000000000000000000000,91.199996950000000000000000000000000000000,1.757179657000000000000000000000000000000,9.935046196000000000000000000000000000000,2.500000000000000000000000000000000000000,34.000000000000000000000000000000000000000
486.486308100000000000000000000000000000000,29.987323710000000000000000000000000000000,31.441435950000000000000000000000000000000,313.566721400000000000000000000000000000000,330.591186500000000000000000000000000000000,3.440000057000000000000000000000000000000,92.500000000000000000000000000000000000000,1.760841466000000000000000000000000000000,9.935046196000000000000000000000000000000,2.500000000000000000000000000000000000000,33.000000000000000000000000000000000000000
487.486728100000000000000000000000000000000,29.987323460000000000000000000000000000000,31.441473970000000000000000000000000000000,313.909780100000000000000000000000000000000,330.934265100000000000000000000000000000000,3.450000048000000000000000000000000000000,92.500000000000000000000000000000000000000,1.764502213000000000000000000000000000000,9.935046196000000000000000000000000000000,2.500000000000000000000000000000000000000,35.000000000000000000000000000000000000000
488.486724400000000000000000000000000000000,29.987323400000000000000000000000000000000,31.441511980000000000000000000000000000000,314.358674200000000000000000000000000000000,331.383178700000000000000000000000000000000,3.460000038000000000000000000000000000000,93.599998470000000000000000000000000000000,1.768283796000000000000000000000000000000,9.935046196000000000000000000000000000000,2.500000000000000000000000000000000000000,36.000000000000000000000000000000000000000
489.486759800000000000000000000000000000000,29.987321970000000000000000000000000000000,31.441551210000000000000000000000000000000,314.182015700000000000000000000000000000000,331.206543000000000000000000000000000000000,3.599999905000000000000000000000000000000,94.099998470000000000000000000000000000000,1.772171687000000000000000000000000000000,9.935046196000000000000000000000000000000,2.500000000000000000000000000000000000000,37.000000000000000000000000000000000000000
490.486175200000000000000000000000000000000,29.987319790000000000000000000000000000000,31.441591500000000000000000000000000000000,314.446273200000000000000000000000000000000,331.470825200000000000000000000000000000000,3.700000048000000000000000000000000000000,94.199996950000000000000000000000000000000,1.775918123000000000000000000000000000000,9.935046196000000000000000000000000000000,2.500000000000000000000000000000000000000,37.000000000000000000000000000000000000000
491.486176600000000000000000000000000000000,29.987317040000000000000000000000000000000,31.441630270000000000000000000000000000000,314.337483600000000000000000000000000000000,331.362060500000000000000000000000000000000,3.609999895000000000000000000000000000000,93.300003050000000000000000000000000000000,1.779729501000000000000000000000000000000,9.935046196000000000000000000000000000000,2.500000000000000000000000000000000000000,41.000000000000000000000000000000000000000
492.485987100000000000000000000000000000000,29.987315090000000000000000000000000000000,31.441669780000000000000000000000000000000,314.371639400000000000000000000000000000000,331.396240200000000000000000000000000000000,3.599999905000000000000000000000000000000,92.599998470000000000000000000000000000000,1.783585095000000000000000000000000000000,9.935046196000000000000000000000000000000,2.500000000000000000000000000000000000000,40.000000000000000000000000000000000000000
493.486865100000000000000000000000000000000,29.987314200000000000000000000000000000000,31.441709800000000000000000000000000000000,314.066685600000000000000000000000000000000,331.091308600000000000000000000000000000000,3.740000010000000000000000000000000000000,92.199996950000000000000000000000000000000,1.787507449000000000000000000000000000000,9.935046196000000000000000000000000000000,2.500000000000000000000000000000000000000,42.000000000000000000000000000000000000000
494.486224600000000000000000000000000000000,29.987313200000000000000000000000000000000,31.441750510000000000000000000000000000000,313.502209800000000000000000000000000000000,330.526855500000000000000000000000000000000,3.869999886000000000000000000000000000000,91.099998470000000000000000000000000000000,1.791372460000000000000000000000000000000,9.935046196000000000000000000000000000000,2.500000000000000000000000000000000000000,39.000000000000000000000000000000000000000
495.486619100000000000000000000000000000000,29.987314770000000000000000000000000000000,31.441790600000000000000000000000000000000,313.759028200000000000000000000000000000000,330.783691400000000000000000000000000000000,3.589999914000000000000000000000000000000,90.000000000000000000000000000000000000000,1.795190249000000000000000000000000000000,9.935046196000000000000000000000000000000,2.500000000000000000000000000000000000000,41.000000000000000000000000000000000000000
496.486654600000000000000000000000000000000,29.987316120000000000000000000000000000000,31.441830210000000000000000000000000000000,313.700538800000000000000000000000000000000,330.725219700000000000000000000000000000000,3.630000114000000000000000000000000000000,88.000000000000000000000000000000000000000,1.798978614000000000000000000000000000000,9.935046196000000000000000000000000000000,2.500000000000000000000000000000000000000,40.000000000000000000000000000000000000000
497.485991200000000000000000000000000000000,29.987317560000000000000000000000000000000,31.441869510000000000000000000000000000000,314.017415900000000000000000000000000000000,331.042114300000000000000000000000000000000,3.650000095000000000000000000000000000000,88.099998470000000000000000000000000000000,1.802795697000000000000000000000000000000,9.935046196000000000000000000000000000000,2.500000000000000000000000000000000000000,36.000000000000000000000000000000000000000
498.486153500000000000000000000000000000000,29.987319340000000000000000000000000000000,31.441909090000000000000000000000000000000,314.450321300000000000000000000000000000000,331.475036600000000000000000000000000000000,3.730000019000000000000000000000000000000,87.199996950000000000000000000000000000000,1.806321240000000000000000000000000000000,9.935046196000000000000000000000000000000,2.500000000000000000000000000000000000000,36.000000000000000000000000000000000000000
499.486449100000000000000000000000000000000,29.987320540000000000000000000000000000000,31.441945670000000000000000000000000000000,314.602953800000000000000000000000000000000,331.627685500000000000000000000000000000000,3.579999924000000000000000000000000000000,86.699996950000000000000000000000000000000,1.810100867000000000000000000000000000000,9.935046196000000000000000000000000000000,2.500000000000000000000000000000000000000,36.000000000000000000000000000000000000000
500.486001100000000000000000000000000000000,29.987321050000000000000000000000000000000,31.441984910000000000000000000000000000000,314.735014700000000000000000000000000000000,331.759765600000000000000000000000000000000,3.799999952000000000000000000000000000000,87.400001530000000000000000000000000000000,1.814127006000000000000000000000000000000,9.935046196000000000000000000000000000000,2.500000000000000000000000000000000000000,37.000000000000000000000000000000000000000
501.486355800000000000000000000000000000000,29.987321550000000000000000000000000000000,31.442026710000000000000000000000000000000,314.401315100000000000000000000000000000000,331.426086400000000000000000000000000000000,4.059999943000000000000000000000000000000,87.599998470000000000000000000000000000000,1.817441175000000000000000000000000000000,9.935046196000000000000000000000000000000,2.500000000000000000000000000000000000000,37.000000000000000000000000000000000000000
502.486495900000000000000000000000000000000,29.987323180000000000000000000000000000000,31.442061070000000000000000000000000000000,314.834100800000000000000000000000000000000,331.858886700000000000000000000000000000000,3.559999943000000000000000000000000000000,86.400001530000000000000000000000000000000,1.822001425000000000000000000000000000000,9.935046196000000000000000000000000000000,2.500000000000000000000000000000000000000,40.000000000000000000000000000000000000000
503.486435900000000000000000000000000000000,29.987319610000000000000000000000000000000,31.442108240000000000000000000000000000000,312.502649100000000000000000000000000000000,329.527465800000000000000000000000000000000,3.400000095000000000000000000000000000000,86.099998470000000000000000000000000000000,1.825175981000000000000000000000000000000,10.185292240000000000000000000000000000000,2.500000000000000000000000000000000000000,39.000000000000000000000000000000000000000
504.486611000000000000000000000000000000000,29.987323590000000000000000000000000000000,31.442140880000000000000000000000000000000,312.887832800000000000000000000000000000000,329.912658700000000000000000000000000000000,2.970000029000000000000000000000000000000,85.900001530000000000000000000000000000000,1.827801961000000000000000000000000000000,10.129614830000000000000000000000000000000,2.500000000000000000000000000000000000000,39.000000000000000000000000000000000000000
505.486195000000000000000000000000000000000,29.987327060000000000000000000000000000000,31.442167850000000000000000000000000000000,313.250801500000000000000000000000000000000,330.275634800000000000000000000000000000000,2.819999933000000000000000000000000000000,84.400001530000000000000000000000000000000,1.830847408000000000000000000000000000000,9.935046196000000000000000000000000000000,2.500000000000000000000000000000000000000,39.000000000000000000000000000000000000000
506.486522500000000000000000000000000000000,29.987326810000000000000000000000000000000,31.442199470000000000000000000000000000000,313.045706700000000000000000000000000000000,330.070556600000000000000000000000000000000,2.839999914000000000000000000000000000000,87.800003050000000000000000000000000000000,1.834037457000000000000000000000000000000,9.935046196000000000000000000000000000000,2.500000000000000000000000000000000000000,21.000000000000000000000000000000000000000
507.486893600000000000000000000000000000000,29.987322940000000000000000000000000000000,31.442232290000000000000000000000000000000,313.128568500000000000000000000000000000000,330.153442400000000000000000000000000000000,3.180000067000000000000000000000000000000,96.900001530000000000000000000000000000000,1.837617877000000000000000000000000000000,9.935046196000000000000000000000000000000,2.500000000000000000000000000000000000000,29.000000000000000000000000000000000000000
508.486261600000000000000000000000000000000,29.987310880000000000000000000000000000000,31.442266760000000000000000000000000000000,312.978259700000000000000000000000000000000,330.003173800000000000000000000000000000000,3.490000010000000000000000000000000000000,116.400001500000000000000000000000000000000,1.841290648000000000000000000000000000000,9.935046196000000000000000000000000000000,2.500000000000000000000000000000000000000,35.000000000000000000000000000000000000000
509.486134200000000000000000000000000000000,29.987294830000000000000000000000000000000,31.442300090000000000000000000000000000000,312.807497400000000000000000000000000000000,329.832458500000000000000000000000000000000,3.890000105000000000000000000000000000000,123.099998500000000000000000000000000000000,1.845199791000000000000000000000000000000,9.935046196000000000000000000000000000000,2.500000000000000000000000000000000000000,36.000000000000000000000000000000000000000
510.486746900000000000000000000000000000000,29.987273620000000000000000000000000000000,31.442332460000000000000000000000000000000,312.833014900000000000000000000000000000000,329.858032200000000000000000000000000000000,4.079999924000000000000000000000000000000,130.199996900000000000000000000000000000000,1.848946789000000000000000000000000000000,9.935046196000000000000000000000000000000,2.500000000000000000000000000000000000000,42.000000000000000000000000000000000000000
511.486223000000000000000000000000000000000,29.987249400000000000000000000000000000000,31.442359510000000000000000000000000000000,312.812203900000000000000000000000000000000,329.837280300000000000000000000000000000000,3.859999895000000000000000000000000000000,135.699996900000000000000000000000000000000,1.852872950000000000000000000000000000000,9.935046196000000000000000000000000000000,2.500000000000000000000000000000000000000,43.000000000000000000000000000000000000000
512.486880600000000000000000000000000000000,29.987222900000000000000000000000000000000,31.442386450000000000000000000000000000000,312.935431600000000000000000000000000000000,329.960571300000000000000000000000000000000,4.110000134000000000000000000000000000000,138.899993900000000000000000000000000000000,1.856738147000000000000000000000000000000,9.935046196000000000000000000000000000000,2.500000000000000000000000000000000000000,46.000000000000000000000000000000000000000
513.486317000000000000000000000000000000000,29.987194610000000000000000000000000000000,31.442409770000000000000000000000000000000,312.588321000000000000000000000000000000000,329.613525400000000000000000000000000000000,3.900000095000000000000000000000000000000,144.500000000000000000000000000000000000000,1.860522793000000000000000000000000000000,9.935046196000000000000000000000000000000,2.500000000000000000000000000000000000000,45.000000000000000000000000000000000000000
514.486723400000000000000000000000000000000,29.987164670000000000000000000000000000000,31.442428460000000000000000000000000000000,312.693663200000000000000000000000000000000,329.718933100000000000000000000000000000000,3.970000029000000000000000000000000000000,148.699996900000000000000000000000000000000,1.864351643000000000000000000000000000000,9.935046196000000000000000000000000000000,2.500000000000000000000000000000000000000,43.000000000000000000000000000000000000000
515.486365100000000000000000000000000000000,29.987133350000000000000000000000000000000,31.442444980000000000000000000000000000000,312.506706600000000000000000000000000000000,329.532043500000000000000000000000000000000,3.950000048000000000000000000000000000000,151.800003100000000000000000000000000000000,1.868072287000000000000000000000000000000,9.935046196000000000000000000000000000000,2.500000000000000000000000000000000000000,42.000000000000000000000000000000000000000
516.486680900000000000000000000000000000000,29.987103240000000000000000000000000000000,31.442461830000000000000000000000000000000,312.179066000000000000000000000000000000000,329.204467800000000000000000000000000000000,3.880000114000000000000000000000000000000,150.600006100000000000000000000000000000000,1.871880923000000000000000000000000000000,9.935046196000000000000000000000000000000,2.500000000000000000000000000000000000000,44.000000000000000000000000000000000000000
517.486357900000000000000000000000000000000,29.987073210000000000000000000000000000000,31.442480850000000000000000000000000000000,312.227584200000000000000000000000000000000,329.253051800000000000000000000000000000000,4.019999981000000000000000000000000000000,148.300003100000000000000000000000000000000,1.875616893000000000000000000000000000000,9.935046196000000000000000000000000000000,2.500000000000000000000000000000000000000,46.000000000000000000000000000000000000000
518.486037100000000000000000000000000000000,29.987044380000000000000000000000000000000,31.442500770000000000000000000000000000000,311.769390300000000000000000000000000000000,328.794921900000000000000000000000000000000,3.839999914000000000000000000000000000000,148.100006100000000000000000000000000000000,1.879079536000000000000000000000000000000,9.935046196000000000000000000000000000000,2.500000000000000000000000000000000000000,46.000000000000000000000000000000000000000
519.486602400000000000000000000000000000000,29.987018140000000000000000000000000000000,31.442520130000000000000000000000000000000,311.437422200000000000000000000000000000000,328.463012700000000000000000000000000000000,3.420000076000000000000000000000000000000,148.899993900000000000000000000000000000000,1.881385101000000000000000000000000000000,9.935046196000000000000000000000000000000,2.500000000000000000000000000000000000000,45.000000000000000000000000000000000000000
520.486110600000000000000000000000000000000,29.986999950000000000000000000000000000000,31.442531620000000000000000000000000000000,311.022709400000000000000000000000000000000,328.048339800000000000000000000000000000000,1.710000038000000000000000000000000000000,152.300003100000000000000000000000000000000,1.882296160000000000000000000000000000000,9.935046196000000000000000000000000000000,2.500000000000000000000000000000000000000,44.000000000000000000000000000000000000000
521.486763200000000000000000000000000000000,29.986992810000000000000000000000000000000,31.442536260000000000000000000000000000000,310.287586300000000000000000000000000000000,327.313232400000000000000000000000000000000,0.449999988100000000000000000000000000000,151.300003100000000000000000000000000000000,1.883545090000000000000000000000000000000,9.935046196000000000000000000000000000000,2.500000000000000000000000000000000000000,43.000000000000000000000000000000000000000
522.486403000000000000000000000000000000000,29.986984130000000000000000000000000000000,31.442544490000000000000000000000000000000,310.205900900000000000000000000000000000000,327.231567400000000000000000000000000000000,1.509999990000000000000000000000000000000,138.800003100000000000000000000000000000000,1.885046251000000000000000000000000000000,9.935046196000000000000000000000000000000,2.500000000000000000000000000000000000000,42.000000000000000000000000000000000000000
523.486007000000000000000000000000000000000,29.986975360000000000000000000000000000000,31.442556340000000000000000000000000000000,309.979193800000000000000000000000000000000,327.004882800000000000000000000000000000000,1.610000014000000000000000000000000000000,130.199996900000000000000000000000000000000,1.886714051000000000000000000000000000000,9.935046196000000000000000000000000000000,2.500000000000000000000000000000000000000,43.000000000000000000000000000000000000000
524.486872600000000000000000000000000000000,29.986967530000000000000000000000000000000,31.442571110000000000000000000000000000000,309.949752700000000000000000000000000000000,326.975463900000000000000000000000000000000,1.659999967000000000000000000000000000000,122.099998500000000000000000000000000000000,1.888224714000000000000000000000000000000,9.935046196000000000000000000000000000000,2.500000000000000000000000000000000000000,44.000000000000000000000000000000000000000
525.485970500000000000000000000000000000000,29.986960440000000000000000000000000000000,31.442584490000000000000000000000000000000,309.793604700000000000000000000000000000000,326.819335900000000000000000000000000000000,1.539999962000000000000000000000000000000,124.900001500000000000000000000000000000000,1.889742195000000000000000000000000000000,9.935046196000000000000000000000000000000,2.500000000000000000000000000000000000000,42.000000000000000000000000000000000000000
526.486507000000000000000000000000000000000,29.986951290000000000000000000000000000000,31.442596180000000000000000000000000000000,309.867068000000000000000000000000000000000,326.892822300000000000000000000000000000000,1.600000024000000000000000000000000000000,136.399993900000000000000000000000000000000,1.891153836000000000000000000000000000000,9.935046196000000000000000000000000000000,2.500000000000000000000000000000000000000,42.000000000000000000000000000000000000000
527.486211200000000000000000000000000000000,29.986940520000000000000000000000000000000,31.442603940000000000000000000000000000000,310.103127900000000000000000000000000000000,327.128906200000000000000000000000000000000,1.309999943000000000000000000000000000000,150.500000000000000000000000000000000000000,1.891187494000000000000000000000000000000,9.935046196000000000000000000000000000000,2.500000000000000000000000000000000000000,44.000000000000000000000000000000000000000
528.486741900000000000000000000000000000000,29.986940590000000000000000000000000000000,31.442603600000000000000000000000000000000,310.559915300000000000000000000000000000000,327.585693400000000000000000000000000000000,0.000000000000000000000000000000000000000,NaN,1.891334696000000000000000000000000000000,9.935046196000000000000000000000000000000,2.500000000000000000000000000000000000000,45.000000000000000000000000000000000000000
529.486137500000000000000000000000000000000,29.986941870000000000000000000000000000000,31.442603210000000000000000000000000000000,310.708843600000000000000000000000000000000,327.734619100000000000000000000000000000000,0.000000000000000000000000000000000000000,NaN,NaN,9.935046196000000000000000000000000000000,2.500000000000000000000000000000000000000,45.000000000000000000000000000000000000000