Time (s),Latitude (°),Longitude (°),Altitude (m),Altitude WGS84 (m),Speed (m/s),Direction (°),Distance (km),Horizontal Accuracy (m),Vertical Accuracy (m),Satellites
0.014356353000000000000000000000000000000,29.986859800000000000000000000000000000000,31.445796400000000000000000000000000000000,NaN,NaN,NaN,NaN,0.305823083600000000000000000000000000000,800.000000000000000000000000000000000000000,0.000000000000000000000000000000000000000,-1.000000000000000000000000000000000000000
1.874309531000000000000000000000000000000,29.986981900000000000000000000000000000000,31.442624140000000000000000000000000000000,311.909469200000000000000000000000000000000,328.935180700000000000000000000000000000000,0.000000000000000000000000000000000000000,NaN,0.306685791300000000000000000000000000000,7.684896946000000000000000000000000000000,14.530187610000000000000000000000000000000,7.000000000000000000000000000000000000000
2.872989686000000000000000000000000000000,29.986987030000000000000000000000000000000,31.442617420000000000000000000000000000000,314.917416800000000000000000000000000000000,331.943115200000000000000000000000000000000,0.610000014300000000000000000000000000000,327.500000000000000000000000000000000000000,0.307770343000000000000000000000000000000,7.126143456000000000000000000000000000000,13.772469520000000000000000000000000000000,25.000000000000000000000000000000000000000
3.873371718000000000000000000000000000000,29.986996450000000000000000000000000000000,31.442614500000000000000000000000000000000,315.723893400000000000000000000000000000000,332.749572800000000000000000000000000000000,1.320000052000000000000000000000000000000,327.600006100000000000000000000000000000000,0.309648014600000000000000000000000000000,4.090885639000000000000000000000000000000,7.930010319000000000000000000000000000000,28.000000000000000000000000000000000000000
4.872849477000000000000000000000000000000,29.987011220000000000000000000000000000000,31.442605050000000000000000000000000000000,315.861560100000000000000000000000000000000,332.887207000000000000000000000000000000000,2.279999971000000000000000000000000000000,328.299987800000000000000000000000000000000,0.312127401700000000000000000000000000000,3.895255566000000000000000000000000000000,6.926659107000000000000000000000000000000,30.000000000000000000000000000000000000000
5.873044009000000000000000000000000000000,29.987030280000000000000000000000000000000,31.442591690000000000000000000000000000000,317.085113300000000000000000000000000000000,334.110717800000000000000000000000000000000,2.490000010000000000000000000000000000000,328.899993900000000000000000000000000000000,0.314160357900000000000000000000000000000,3.790092468000000000000000000000000000000,6.028747559000000000000000000000000000000,30.000000000000000000000000000000000000000
6.873339216000000000000000000000000000000,29.987047350000000000000000000000000000000,31.442584130000000000000000000000000000000,314.879460600000000000000000000000000000000,331.905029300000000000000000000000000000000,2.750000000000000000000000000000000000000,327.799987800000000000000000000000000000000,0.316907823800000000000000000000000000000,3.790092468000000000000000000000000000000,4.673226833000000000000000000000000000000,32.000000000000000000000000000000000000000
7.872869685000000000000000000000000000000,29.987067980000000000000000000000000000000,31.442568430000000000000000000000000000000,314.640737600000000000000000000000000000000,331.666259800000000000000000000000000000000,2.809999943000000000000000000000000000000,327.500000000000000000000000000000000000000,0.319752655700000000000000000000000000000,3.790092468000000000000000000000000000000,3.521356106000000000000000000000000000000,34.000000000000000000000000000000000000000
8.873357601000000000000000000000000000000,29.987089580000000000000000000000000000000,31.442552600000000000000000000000000000000,315.358254300000000000000000000000000000000,332.383728000000000000000000000000000000000,2.839999914000000000000000000000000000000,327.600006100000000000000000000000000000000,0.322656216200000000000000000000000000000,3.790092468000000000000000000000000000000,3.728062391000000000000000000000000000000,34.000000000000000000000000000000000000000
9.872937393000000000000000000000000000000,29.987111580000000000000000000000000000000,31.442536360000000000000000000000000000000,315.846768100000000000000000000000000000000,332.872192400000000000000000000000000000000,2.890000105000000000000000000000000000000,327.000000000000000000000000000000000000000,0.325595015900000000000000000000000000000,3.790092468000000000000000000000000000000,3.746211052000000000000000000000000000000,34.000000000000000000000000000000000000000
10.873372550000000000000000000000000000000,29.987133660000000000000000000000000000000,31.442519590000000000000000000000000000000,315.971146500000000000000000000000000000000,332.996521000000000000000000000000000000000,2.950000048000000000000000000000000000000,326.200012200000000000000000000000000000000,0.328642348100000000000000000000000000000,3.790092468000000000000000000000000000000,3.644922972000000000000000000000000000000,34.000000000000000000000000000000000000000
11.873046920000000000000000000000000000000,29.987156640000000000000000000000000000000,31.442502350000000000000000000000000000000,316.541449700000000000000000000000000000000,333.566772500000000000000000000000000000000,3.000000000000000000000000000000000000000,327.000000000000000000000000000000000000000,0.331763478400000000000000000000000000000,3.790092468000000000000000000000000000000,3.679583311000000000000000000000000000000,34.000000000000000000000000000000000000000
12.873314740000000000000000000000000000000,29.987180220000000000000000000000000000000,31.442484770000000000000000000000000000000,317.005247900000000000000000000000000000000,334.030517600000000000000000000000000000000,3.099999905000000000000000000000000000000,327.899993900000000000000000000000000000000,0.334915802500000000000000000000000000000,3.790092468000000000000000000000000000000,3.647810221000000000000000000000000000000,33.000000000000000000000000000000000000000
13.872857700000000000000000000000000000000,29.987204430000000000000000000000000000000,31.442467740000000000000000000000000000000,317.299979600000000000000000000000000000000,334.325195300000000000000000000000000000000,3.109999895000000000000000000000000000000,328.700012200000000000000000000000000000000,0.338039639400000000000000000000000000000,3.790092468000000000000000000000000000000,3.476155758000000000000000000000000000000,35.000000000000000000000000000000000000000
14.873311400000000000000000000000000000000,29.987228210000000000000000000000000000000,31.442450470000000000000000000000000000000,317.506331600000000000000000000000000000000,334.531494100000000000000000000000000000000,3.069999933000000000000000000000000000000,328.700012200000000000000000000000000000000,0.341148724400000000000000000000000000000,3.790092468000000000000000000000000000000,3.123552561000000000000000000000000000000,35.000000000000000000000000000000000000000
15.873724370000000000000000000000000000000,29.987251250000000000000000000000000000000,31.442432180000000000000000000000000000000,318.123876700000000000000000000000000000000,335.148986800000000000000000000000000000000,3.119999886000000000000000000000000000000,326.799987800000000000000000000000000000000,0.344236145700000000000000000000000000000,3.790092468000000000000000000000000000000,3.168346167000000000000000000000000000000,35.000000000000000000000000000000000000000
16.873104420000000000000000000000000000000,29.987272810000000000000000000000000000000,31.442411980000000000000000000000000000000,318.292933700000000000000000000000000000000,335.317993200000000000000000000000000000000,3.119999886000000000000000000000000000000,322.299987800000000000000000000000000000000,0.347366650200000000000000000000000000000,3.790092468000000000000000000000000000000,3.138390064000000000000000000000000000000,34.000000000000000000000000000000000000000
17.873628850000000000000000000000000000000,29.987292850000000000000000000000000000000,31.442389150000000000000000000000000000000,318.369398800000000000000000000000000000000,335.394409200000000000000000000000000000000,3.190000057000000000000000000000000000000,317.100006100000000000000000000000000000000,0.350467914200000000000000000000000000000,3.790092468000000000000000000000000000000,3.228469610000000000000000000000000000000,34.000000000000000000000000000000000000000
18.873092490000000000000000000000000000000,29.987311150000000000000000000000000000000,31.442364850000000000000000000000000000000,317.999145100000000000000000000000000000000,335.024108900000000000000000000000000000000,3.180000067000000000000000000000000000000,312.299987800000000000000000000000000000000,0.353563741600000000000000000000000000000,3.790092468000000000000000000000000000000,3.149690866000000000000000000000000000000,36.000000000000000000000000000000000000000
19.873693740000000000000000000000000000000,29.987327170000000000000000000000000000000,31.442338560000000000000000000000000000000,317.747296400000000000000000000000000000000,334.772216800000000000000000000000000000000,3.180000067000000000000000000000000000000,306.799987800000000000000000000000000000000,0.356702324100000000000000000000000000000,3.790092468000000000000000000000000000000,3.009743929000000000000000000000000000000,34.000000000000000000000000000000000000000
20.873389680000000000000000000000000000000,29.987340460000000000000000000000000000000,31.442309810000000000000000000000000000000,317.585714900000000000000000000000000000000,334.610595700000000000000000000000000000000,3.240000010000000000000000000000000000000,301.100006100000000000000000000000000000000,0.359864273400000000000000000000000000000,3.790092468000000000000000000000000000000,2.967875004000000000000000000000000000000,35.000000000000000000000000000000000000000
21.873093380000000000000000000000000000000,29.987350940000000000000000000000000000000,31.442279290000000000000000000000000000000,317.194758800000000000000000000000000000000,334.219604500000000000000000000000000000000,3.279999971000000000000000000000000000000,295.100006100000000000000000000000000000000,0.363138492200000000000000000000000000000,3.790092468000000000000000000000000000000,2.909766197000000000000000000000000000000,35.000000000000000000000000000000000000000
22.872849420000000000000000000000000000000,29.987358620000000000000000000000000000000,31.442246470000000000000000000000000000000,317.198085900000000000000000000000000000000,334.222900400000000000000000000000000000000,3.359999895000000000000000000000000000000,287.200012200000000000000000000000000000000,0.366543044600000000000000000000000000000,3.790092468000000000000000000000000000000,2.774070501000000000000000000000000000000,34.000000000000000000000000000000000000000
23.873675040000000000000000000000000000000,29.987361790000000000000000000000000000000,31.442211310000000000000000000000000000000,316.929921300000000000000000000000000000000,333.954711900000000000000000000000000000000,3.460000038000000000000000000000000000000,279.399993900000000000000000000000000000000,0.370133152000000000000000000000000000000,3.790092468000000000000000000000000000000,2.523898125000000000000000000000000000000,36.000000000000000000000000000000000000000
24.873517860000000000000000000000000000000,29.987360570000000000000000000000000000000,31.442174060000000000000000000000000000000,316.814886800000000000000000000000000000000,333.839660600000000000000000000000000000000,3.619999886000000000000000000000000000000,271.200012200000000000000000000000000000000,0.373770010200000000000000000000000000000,3.790092468000000000000000000000000000000,2.500000000000000000000000000000000000000,38.000000000000000000000000000000000000000
25.873352070000000000000000000000000000000,29.987356580000000000000000000000000000000,31.442136580000000000000000000000000000000,316.010272100000000000000000000000000000000,333.035034200000000000000000000000000000000,3.599999905000000000000000000000000000000,268.200012200000000000000000000000000000000,0.377492903600000000000000000000000000000,3.790092468000000000000000000000000000000,2.500000000000000000000000000000000000000,38.000000000000000000000000000000000000000
26.873090720000000000000000000000000000000,29.987352380000000000000000000000000000000,31.442098230000000000000000000000000000000,315.630279000000000000000000000000000000000,332.655029300000000000000000000000000000000,3.759999990000000000000000000000000000000,267.799987800000000000000000000000000000000,0.381186327800000000000000000000000000000,3.790092468000000000000000000000000000000,2.500000000000000000000000000000000000000,37.000000000000000000000000000000000000000
27.872858790000000000000000000000000000000,29.987348450000000000000000000000000000000,31.442060150000000000000000000000000000000,315.304363400000000000000000000000000000000,332.329101600000000000000000000000000000000,3.700000048000000000000000000000000000000,268.000000000000000000000000000000000000000,0.384860567700000000000000000000000000000,3.790092468000000000000000000000000000000,2.500000000000000000000000000000000000000,36.000000000000000000000000000000000000000
28.873613640000000000000000000000000000000,29.987345620000000000000000000000000000000,31.442022140000000000000000000000000000000,315.094294500000000000000000000000000000000,332.119018600000000000000000000000000000000,3.690000057000000000000000000000000000000,269.500000000000000000000000000000000000000,0.388568855700000000000000000000000000000,3.790092468000000000000000000000000000000,2.500000000000000000000000000000000000000,36.000000000000000000000000000000000000000
29.873246030000000000000000000000000000000,29.987344450000000000000000000000000000000,31.441983660000000000000000000000000000000,314.688367200000000000000000000000000000000,331.713073700000000000000000000000000000000,3.710000038000000000000000000000000000000,270.500000000000000000000000000000000000000,0.392256672100000000000000000000000000000,3.790092468000000000000000000000000000000,2.500000000000000000000000000000000000000,35.000000000000000000000000000000000000000
30.873052750000000000000000000000000000000,29.987343650000000000000000000000000000000,31.441945380000000000000000000000000000000,314.561432200000000000000000000000000000000,331.586120600000000000000000000000000000000,3.640000105000000000000000000000000000000,270.399993900000000000000000000000000000000,0.395840508900000000000000000000000000000,3.790092468000000000000000000000000000000,2.500000000000000000000000000000000000000,37.000000000000000000000000000000000000000
31.872831600000000000000000000000000000000,29.987343360000000000000000000000000000000,31.441908170000000000000000000000000000000,314.934558600000000000000000000000000000000,331.959228500000000000000000000000000000000,3.559999943000000000000000000000000000000,270.399993900000000000000000000000000000000,0.399496839100000000000000000000000000000,3.790092468000000000000000000000000000000,2.500000000000000000000000000000000000000,36.000000000000000000000000000000000000000
32.873385140000000000000000000000000000000,29.987342870000000000000000000000000000000,31.441870210000000000000000000000000000000,314.896002800000000000000000000000000000000,331.920654300000000000000000000000000000000,3.660000086000000000000000000000000000000,269.799987800000000000000000000000000000000,0.403142013700000000000000000000000000000,3.790092468000000000000000000000000000000,2.500000000000000000000000000000000000000,36.000000000000000000000000000000000000000
33.873269050000000000000000000000000000000,29.987342180000000000000000000000000000000,31.441832370000000000000000000000000000000,314.979394900000000000000000000000000000000,332.004028300000000000000000000000000000000,3.640000105000000000000000000000000000000,269.399993900000000000000000000000000000000,0.406774898600000000000000000000000000000,3.790092468000000000000000000000000000000,2.500000000000000000000000000000000000000,36.000000000000000000000000000000000000000
34.873087170000000000000000000000000000000,29.987341970000000000000000000000000000000,31.441794650000000000000000000000000000000,315.204877700000000000000000000000000000000,332.229492200000000000000000000000000000000,3.619999886000000000000000000000000000000,270.000000000000000000000000000000000000000,0.410431787500000000000000000000000000000,3.790092468000000000000000000000000000000,2.500000000000000000000000000000000000000,35.000000000000000000000000000000000000000
35.872874730000000000000000000000000000000,29.987341940000000000000000000000000000000,31.441756680000000000000000000000000000000,314.919496700000000000000000000000000000000,331.944091800000000000000000000000000000000,3.630000114000000000000000000000000000000,269.799987800000000000000000000000000000000,0.414124744900000000000000000000000000000,3.790092468000000000000000000000000000000,2.500000000000000000000000000000000000000,33.000000000000000000000000000000000000000
36.873672590000000000000000000000000000000,29.987341430000000000000000000000000000000,31.441718340000000000000000000000000000000,314.706929900000000000000000000000000000000,331.731506300000000000000000000000000000000,3.660000086000000000000000000000000000000,269.299987800000000000000000000000000000000,0.417768681000000000000000000000000000000,3.790092468000000000000000000000000000000,2.500000000000000000000000000000000000000,35.000000000000000000000000000000000000000
37.873389930000000000000000000000000000000,29.987340870000000000000000000000000000000,31.441680510000000000000000000000000000000,314.804909600000000000000000000000000000000,331.829467800000000000000000000000000000000,3.640000105000000000000000000000000000000,269.799987800000000000000000000000000000000,0.421395787500000000000000000000000000000,3.790092468000000000000000000000000000000,2.500000000000000000000000000000000000000,36.000000000000000000000000000000000000000
38.873078470000000000000000000000000000000,29.987340660000000000000000000000000000000,31.441642850000000000000000000000000000000,314.835079900000000000000000000000000000000,331.859619100000000000000000000000000000000,3.670000076000000000000000000000000000000,271.000000000000000000000000000000000000000,0.424930669800000000000000000000000000000,3.790092468000000000000000000000000000000,2.500000000000000000000000000000000000000,34.000000000000000000000000000000000000000
39.873628320000000000000000000000000000000,29.987340240000000000000000000000000000000,31.441606150000000000000000000000000000000,313.659072500000000000000000000000000000000,330.683593800000000000000000000000000000000,3.559999943000000000000000000000000000000,271.100006100000000000000000000000000000000,0.428569932600000000000000000000000000000,3.790092468000000000000000000000000000000,2.500000000000000000000000000000000000000,38.000000000000000000000000000000000000000
40.873392280000000000000000000000000000000,29.987339610000000000000000000000000000000,31.441568370000000000000000000000000000000,313.882113100000000000000000000000000000000,330.906616200000000000000000000000000000000,3.759999990000000000000000000000000000000,270.100006100000000000000000000000000000000,0.432188032900000000000000000000000000000,3.790092468000000000000000000000000000000,2.500000000000000000000000000000000000000,38.000000000000000000000000000000000000000
41.873111390000000000000000000000000000000,29.987338970000000000000000000000000000000,31.441530810000000000000000000000000000000,313.818532500000000000000000000000000000000,330.843017600000000000000000000000000000000,3.599999905000000000000000000000000000000,269.799987800000000000000000000000000000000,0.435860983700000000000000000000000000000,3.790092468000000000000000000000000000000,2.500000000000000000000000000000000000000,37.000000000000000000000000000000000000000
42.873672220000000000000000000000000000000,29.987337990000000000000000000000000000000,31.441492690000000000000000000000000000000,313.749092100000000000000000000000000000000,330.773559600000000000000000000000000000000,3.680000067000000000000000000000000000000,268.399993900000000000000000000000000000000,0.439579345100000000000000000000000000000,3.790092468000000000000000000000000000000,2.500000000000000000000000000000000000000,37.000000000000000000000000000000000000000
43.873564620000000000000000000000000000000,29.987334780000000000000000000000000000000,31.441454260000000000000000000000000000000,313.790426600000000000000000000000000000000,330.814880400000000000000000000000000000000,3.700000048000000000000000000000000000000,265.200012200000000000000000000000000000000,0.443224216300000000000000000000000000000,3.790092468000000000000000000000000000000,2.500000000000000000000000000000000000000,37.000000000000000000000000000000000000000
44.873116910000000000000000000000000000000,29.987329880000000000000000000000000000000,31.441416840000000000000000000000000000000,313.811310600000000000000000000000000000000,330.835754400000000000000000000000000000000,3.589999914000000000000000000000000000000,263.700012200000000000000000000000000000000,0.446838998800000000000000000000000000000,3.790092468000000000000000000000000000000,2.500000000000000000000000000000000000000,36.000000000000000000000000000000000000000
45.872948630000000000000000000000000000000,29.987328000000000000000000000000000000000,31.441379370000000000000000000000000000000,314.137925400000000000000000000000000000000,331.162353500000000000000000000000000000000,3.680000067000000000000000000000000000000,270.500000000000000000000000000000000000000,0.450458019100000000000000000000000000000,3.790092468000000000000000000000000000000,2.500000000000000000000000000000000000000,37.000000000000000000000000000000000000000
46.873722590000000000000000000000000000000,29.987331410000000000000000000000000000000,31.441342000000000000000000000000000000000,314.076366400000000000000000000000000000000,331.100769000000000000000000000000000000000,3.690000057000000000000000000000000000000,278.399993900000000000000000000000000000000,0.454106812500000000000000000000000000000,3.790092468000000000000000000000000000000,2.500000000000000000000000000000000000000,35.000000000000000000000000000000000000000
47.873617740000000000000000000000000000000,29.987336910000000000000000000000000000000,31.441304650000000000000000000000000000000,314.143473400000000000000000000000000000000,331.167846700000000000000000000000000000000,3.660000086000000000000000000000000000000,280.500000000000000000000000000000000000000,0.457707149100000000000000000000000000000,3.790092468000000000000000000000000000000,2.500000000000000000000000000000000000000,33.000000000000000000000000000000000000000
48.873370400000000000000000000000000000000,29.987341090000000000000000000000000000000,31.441267580000000000000000000000000000000,313.957526100000000000000000000000000000000,330.981872600000000000000000000000000000000,3.579999924000000000000000000000000000000,277.600006100000000000000000000000000000000,0.461329659600000000000000000000000000000,3.790092468000000000000000000000000000000,2.500000000000000000000000000000000000000,33.000000000000000000000000000000000000000
49.873803940000000000000000000000000000000,29.987343500000000000000000000000000000000,31.441230070000000000000000000000000000000,313.977874500000000000000000000000000000000,331.002197300000000000000000000000000000000,3.599999905000000000000000000000000000000,274.299987800000000000000000000000000000000,0.464966769000000000000000000000000000000,3.790092468000000000000000000000000000000,2.500000000000000000000000000000000000000,32.000000000000000000000000000000000000000
50.873658370000000000000000000000000000000,29.987345090000000000000000000000000000000,31.441192350000000000000000000000000000000,314.056265900000000000000000000000000000000,331.080566400000000000000000000000000000000,3.640000105000000000000000000000000000000,273.799987800000000000000000000000000000000,0.468579173700000000000000000000000000000,3.790092468000000000000000000000000000000,2.500000000000000000000000000000000000000,34.000000000000000000000000000000000000000
51.873395710000000000000000000000000000000,29.987346100000000000000000000000000000000,31.441154860000000000000000000000000000000,314.272717600000000000000000000000000000000,331.296997100000000000000000000000000000000,3.609999895000000000000000000000000000000,272.899993900000000000000000000000000000000,0.472074855200000000000000000000000000000,3.790092468000000000000000000000000000000,2.500000000000000000000000000000000000000,34.000000000000000000000000000000000000000
52.873111700000000000000000000000000000000,29.987346680000000000000000000000000000000,31.441118570000000000000000000000000000000,314.334077600000000000000000000000000000000,331.358337400000000000000000000000000000000,3.490000010000000000000000000000000000000,271.799987800000000000000000000000000000000,0.475437040700000000000000000000000000000,3.790092468000000000000000000000000000000,2.500000000000000000000000000000000000000,33.000000000000000000000000000000000000000
53.873791230000000000000000000000000000000,29.987346740000000000000000000000000000000,31.441083660000000000000000000000000000000,314.435475000000000000000000000000000000000,331.459716800000000000000000000000000000000,3.309999943000000000000000000000000000000,271.000000000000000000000000000000000000000,0.478682793000000000000000000000000000000,3.790092468000000000000000000000000000000,2.500000000000000000000000000000000000000,33.000000000000000000000000000000000000000
54.873618940000000000000000000000000000000,29.987345990000000000000000000000000000000,31.441049970000000000000000000000000000000,314.454655800000000000000000000000000000000,331.478881800000000000000000000000000000000,3.230000019000000000000000000000000000000,269.500000000000000000000000000000000000000,0.481877978000000000000000000000000000000,3.790092468000000000000000000000000000000,2.500000000000000000000000000000000000000,31.000000000000000000000000000000000000000
55.873388310000000000000000000000000000000,29.987345440000000000000000000000000000000,31.441016800000000000000000000000000000000,314.552633200000000000000000000000000000000,331.576843300000000000000000000000000000000,3.200000048000000000000000000000000000000,269.700012200000000000000000000000000000000,0.484753092200000000000000000000000000000,3.790092468000000000000000000000000000000,2.500000000000000000000000000000000000000,31.000000000000000000000000000000000000000
56.873235550000000000000000000000000000000,29.987345090000000000000000000000000000000,31.440986950000000000000000000000000000000,314.709813400000000000000000000000000000000,331.734008800000000000000000000000000000000,2.730000019000000000000000000000000000000,269.600006100000000000000000000000000000000,0.486851203200000000000000000000000000000,3.790092468000000000000000000000000000000,2.500000000000000000000000000000000000000,31.000000000000000000000000000000000000000
57.873675240000000000000000000000000000000,29.987344390000000000000000000000000000000,31.440965180000000000000000000000000000000,314.888656200000000000000000000000000000000,331.912841800000000000000000000000000000000,1.700000048000000000000000000000000000000,268.899993900000000000000000000000000000000,0.488367613200000000000000000000000000000,3.790092468000000000000000000000000000000,2.500000000000000000000000000000000000000,23.000000000000000000000000000000000000000
58.873015450000000000000000000000000000000,29.987343250000000000000000000000000000000,31.440949490000000000000000000000000000000,314.892202100000000000000000000000000000000,331.916381800000000000000000000000000000000,1.429999948000000000000000000000000000000,268.100006100000000000000000000000000000000,0.489431843000000000000000000000000000000,3.790092468000000000000000000000000000000,2.500000000000000000000000000000000000000,18.000000000000000000000000000000000000000
59.872885290000000000000000000000000000000,29.987343280000000000000000000000000000000,31.440938440000000000000000000000000000000,314.929561400000000000000000000000000000000,331.953735400000000000000000000000000000000,0.860000014300000000000000000000000000000,269.000000000000000000000000000000000000000,0.490228375600000000000000000000000000000,3.790092468000000000000000000000000000000,2.500000000000000000000000000000000000000,17.000000000000000000000000000000000000000
60.873167740000000000000000000000000000000,29.987343360000000000000000000000000000000,31.440930170000000000000000000000000000000,315.246338200000000000000000000000000000000,332.270507800000000000000000000000000000000,0.790000021500000000000000000000000000000,271.700012200000000000000000000000000000000,0.491157363000000000000000000000000000000,3.790092468000000000000000000000000000000,2.500000000000000000000000000000000000000,18.000000000000000000000000000000000000000
61.873403260000000000000000000000000000000,29.987343070000000000000000000000000000000,31.440920530000000000000000000000000000000,315.407231300000000000000000000000000000000,332.431396500000000000000000000000000000000,0.920000016700000000000000000000000000000,271.500000000000000000000000000000000000000,0.491917198900000000000000000000000000000,3.790092468000000000000000000000000000000,2.500000000000000000000000000000000000000,17.000000000000000000000000000000000000000
62.874562320000000000000000000000000000000,29.987342590000000000000000000000000000000,31.440912660000000000000000000000000000000,315.223152400000000000000000000000000000000,332.247314500000000000000000000000000000000,0.759999990500000000000000000000000000000,271.399993900000000000000000000000000000000,0.492564594800000000000000000000000000000,3.790092468000000000000000000000000000000,2.500000000000000000000000000000000000000,16.000000000000000000000000000000000000000
63.873606280000000000000000000000000000000,29.987341630000000000000000000000000000000,31.440906030000000000000000000000000000000,315.358774100000000000000000000000000000000,332.382934600000000000000000000000000000000,0.750000000000000000000000000000000000000,270.200012200000000000000000000000000000000,0.492836434600000000000000000000000000000,3.790092468000000000000000000000000000000,2.500000000000000000000000000000000000000,13.000000000000000000000000000000000000000
64.873665130000000000000000000000000000000,29.987339310000000000000000000000000000000,31.440905140000000000000000000000000000000,315.245000700000000000000000000000000000000,332.269165000000000000000000000000000000000,0.000000000000000000000000000000000000000,NaN,0.493029684900000000000000000000000000000,3.790092468000000000000000000000000000000,2.500000000000000000000000000000000000000,16.000000000000000000000000000000000000000
65.873341950000000000000000000000000000000,29.987337770000000000000000000000000000000,31.440904210000000000000000000000000000000,315.181277600000000000000000000000000000000,332.205444300000000000000000000000000000000,0.000000000000000000000000000000000000000,NaN,0.493128014300000000000000000000000000000,3.790092468000000000000000000000000000000,2.500000000000000000000000000000000000000,15.000000000000000000000000000000000000000
66.873291380000000000000000000000000000000,29.987337170000000000000000000000000000000,31.440903460000000000000000000000000000000,315.177492600000000000000000000000000000000,332.201660200000000000000000000000000000000,0.000000000000000000000000000000000000000,NaN,0.494468291800000000000000000000000000000,3.790092468000000000000000000000000000000,2.500000000000000000000000000000000000000,15.000000000000000000000000000000000000000
67.873152370000000000000000000000000000000,29.987338040000000000000000000000000000000,31.440889580000000000000000000000000000000,314.572826100000000000000000000000000000000,331.596984900000000000000000000000000000000,1.889999986000000000000000000000000000000,270.700012200000000000000000000000000000000,0.495778982200000000000000000000000000000,3.790092468000000000000000000000000000000,2.500000000000000000000000000000000000000,15.000000000000000000000000000000000000000
68.873582790000000000000000000000000000000,29.987339780000000000000000000000000000000,31.440876120000000000000000000000000000000,314.675680500000000000000000000000000000000,331.699829100000000000000000000000000000000,1.049999952000000000000000000000000000000,275.100006100000000000000000000000000000000,0.496739414100000000000000000000000000000,3.790092468000000000000000000000000000000,2.500000000000000000000000000000000000000,15.000000000000000000000000000000000000000
69.873690700000000000000000000000000000000,29.987342920000000000000000000000000000000,31.440866830000000000000000000000000000000,314.491853200000000000000000000000000000000,331.515991200000000000000000000000000000000,0.889999985700000000000000000000000000000,271.600006100000000000000000000000000000000,0.497616283400000000000000000000000000000,3.790092468000000000000000000000000000000,2.500000000000000000000000000000000000000,16.000000000000000000000000000000000000000
70.873860810000000000000000000000000000000,29.987344910000000000000000000000000000000,31.440858020000000000000000000000000000000,314.621378000000000000000000000000000000000,331.645507800000000000000000000000000000000,0.810000002400000000000000000000000000000,271.600006100000000000000000000000000000000,0.498660099200000000000000000000000000000,3.790092468000000000000000000000000000000,2.500000000000000000000000000000000000000,14.000000000000000000000000000000000000000
71.873096850000000000000000000000000000000,29.987347060000000000000000000000000000000,31.440847470000000000000000000000000000000,314.541248300000000000000000000000000000000,331.565368700000000000000000000000000000000,1.110000014000000000000000000000000000000,278.500000000000000000000000000000000000000,0.499961426900000000000000000000000000000,3.790092468000000000000000000000000000000,2.500000000000000000000000000000000000000,14.000000000000000000000000000000000000000
72.873278830000000000000000000000000000000,29.987349520000000000000000000000000000000,31.440834260000000000000000000000000000000,315.312621900000000000000000000000000000000,332.336731000000000000000000000000000000000,1.299999952000000000000000000000000000000,277.600006100000000000000000000000000000000,0.501979507500000000000000000000000000000,3.790092468000000000000000000000000000000,2.500000000000000000000000000000000000000,15.000000000000000000000000000000000000000
73.873463250000000000000000000000000000000,29.987353110000000000000000000000000000000,31.440813720000000000000000000000000000000,315.288286100000000000000000000000000000000,332.312377900000000000000000000000000000000,2.299999952000000000000000000000000000000,277.500000000000000000000000000000000000000,0.503876869700000000000000000000000000000,3.790092468000000000000000000000000000000,2.500000000000000000000000000000000000000,19.000000000000000000000000000000000000000
74.873005490000000000000000000000000000000,29.987353890000000000000000000000000000000,31.440794040000000000000000000000000000000,315.004117900000000000000000000000000000000,332.028198200000000000000000000000000000000,1.669999957000000000000000000000000000000,272.899993900000000000000000000000000000000,0.505989923200000000000000000000000000000,3.790092468000000000000000000000000000000,2.500000000000000000000000000000000000000,18.000000000000000000000000000000000000000
75.873720700000000000000000000000000000000,29.987353960000000000000000000000000000000,31.440772100000000000000000000000000000000,314.972574100000000000000000000000000000000,331.996643100000000000000000000000000000000,2.259999990000000000000000000000000000000,270.500000000000000000000000000000000000000,0.508174645600000000000000000000000000000,3.790092468000000000000000000000000000000,2.500000000000000000000000000000000000000,16.000000000000000000000000000000000000000
76.873865860000000000000000000000000000000,29.987355040000000000000000000000000000000,31.440749450000000000000000000000000000000,315.689384600000000000000000000000000000000,332.713439900000000000000000000000000000000,2.190000057000000000000000000000000000000,274.700012200000000000000000000000000000000,0.510707596900000000000000000000000000000,3.790092468000000000000000000000000000000,2.669760942000000000000000000000000000000,17.000000000000000000000000000000000000000
77.872809920000000000000000000000000000000,29.987355020000000000000000000000000000000,31.440723150000000000000000000000000000000,315.111822300000000000000000000000000000000,332.135864300000000000000000000000000000000,2.799999952000000000000000000000000000000,268.600006100000000000000000000000000000000,0.513684126300000000000000000000000000000,3.790092468000000000000000000000000000000,2.514769077000000000000000000000000000000,18.000000000000000000000000000000000000000
78.873405650000000000000000000000000000000,29.987351720000000000000000000000000000000,31.440692480000000000000000000000000000000,315.662979300000000000000000000000000000000,332.687011700000000000000000000000000000000,3.130000114000000000000000000000000000000,263.299987800000000000000000000000000000000,0.516857547800000000000000000000000000000,3.790092468000000000000000000000000000000,2.579493999000000000000000000000000000000,15.000000000000000000000000000000000000000
79.873658250000000000000000000000000000000,29.987348910000000000000000000000000000000,31.440659690000000000000000000000000000000,315.219143200000000000000000000000000000000,332.243164100000000000000000000000000000000,3.279999971000000000000000000000000000000,264.000000000000000000000000000000000000000,0.520342150500000000000000000000000000000,3.790092468000000000000000000000000000000,2.607400894000000000000000000000000000000,21.000000000000000000000000000000000000000
80.873736320000000000000000000000000000000,29.987347610000000000000000000000000000000,31.440623540000000000000000000000000000000,314.811322300000000000000000000000000000000,331.835327100000000000000000000000000000000,3.359999895000000000000000000000000000000,265.200012200000000000000000000000000000000,0.523876880500000000000000000000000000000,3.790092468000000000000000000000000000000,2.758088112000000000000000000000000000000,19.000000000000000000000000000000000000000
81.872887680000000000000000000000000000000,29.987346810000000000000000000000000000000,31.440586850000000000000000000000000000000,314.453917700000000000000000000000000000000,331.477905300000000000000000000000000000000,3.339999914000000000000000000000000000000,266.700012200000000000000000000000000000000,0.527534893200000000000000000000000000000,3.790092468000000000000000000000000000000,3.044348001000000000000000000000000000000,18.000000000000000000000000000000000000000
82.872980960000000000000000000000000000000,29.987347120000000000000000000000000000000,31.440548870000000000000000000000000000000,314.095173100000000000000000000000000000000,331.119140600000000000000000000000000000000,3.390000105000000000000000000000000000000,268.299987800000000000000000000000000000000,0.531106446900000000000000000000000000000,3.790092468000000000000000000000000000000,3.052449703000000000000000000000000000000,18.000000000000000000000000000000000000000
83.873309550000000000000000000000000000000,29.987347590000000000000000000000000000000,31.440511790000000000000000000000000000000,314.170510300000000000000000000000000000000,331.194458000000000000000000000000000000000,3.420000076000000000000000000000000000000,270.000000000000000000000000000000000000000,0.534596673100000000000000000000000000000,3.790092468000000000000000000000000000000,3.005607128000000000000000000000000000000,17.000000000000000000000000000000000000000
84.873681630000000000000000000000000000000,29.987346870000000000000000000000000000000,31.440475560000000000000000000000000000000,314.150019700000000000000000000000000000000,331.173950200000000000000000000000000000000,3.440000057000000000000000000000000000000,269.000000000000000000000000000000000000000,0.538170933900000000000000000000000000000,3.790092468000000000000000000000000000000,2.598905087000000000000000000000000000000,16.000000000000000000000000000000000000000
85.873054190000000000000000000000000000000,29.987346050000000000000000000000000000000,31.440438460000000000000000000000000000000,313.868665100000000000000000000000000000000,330.892578100000000000000000000000000000000,3.460000038000000000000000000000000000000,270.299987800000000000000000000000000000000,0.541709653600000000000000000000000000000,3.790092468000000000000000000000000000000,2.583415270000000000000000000000000000000,19.000000000000000000000000000000000000000
86.873359450000000000000000000000000000000,29.987345640000000000000000000000000000000,31.440401720000000000000000000000000000000,313.474884300000000000000000000000000000000,330.498779300000000000000000000000000000000,3.450000048000000000000000000000000000000,270.899993900000000000000000000000000000000,0.545238104000000000000000000000000000000,3.790092468000000000000000000000000000000,2.697832346000000000000000000000000000000,19.000000000000000000000000000000000000000
87.873555180000000000000000000000000000000,29.987344690000000000000000000000000000000,31.440365100000000000000000000000000000000,313.338670800000000000000000000000000000000,330.362548800000000000000000000000000000000,3.460000038000000000000000000000000000000,271.000000000000000000000000000000000000000,0.548683188600000000000000000000000000000,3.790092468000000000000000000000000000000,2.521085978000000000000000000000000000000,18.000000000000000000000000000000000000000
88.873681790000000000000000000000000000000,29.987344900000000000000000000000000000000,31.440329330000000000000000000000000000000,313.873967800000000000000000000000000000000,330.897827100000000000000000000000000000000,3.410000086000000000000000000000000000000,271.500000000000000000000000000000000000000,0.551960675900000000000000000000000000000,3.790092468000000000000000000000000000000,2.743157148000000000000000000000000000000,17.000000000000000000000000000000000000000
89.872892470000000000000000000000000000000,29.987344720000000000000000000000000000000,31.440295300000000000000000000000000000000,313.941245600000000000000000000000000000000,330.965087900000000000000000000000000000000,3.349999905000000000000000000000000000000,271.100006100000000000000000000000000000000,0.555204743700000000000000000000000000000,3.790092468000000000000000000000000000000,2.869458199000000000000000000000000000000,21.000000000000000000000000000000000000000
90.873058660000000000000000000000000000000,29.987343890000000000000000000000000000000,31.440261630000000000000000000000000000000,313.040321300000000000000000000000000000000,330.064147900000000000000000000000000000000,3.380000114000000000000000000000000000000,269.100006100000000000000000000000000000000,0.558460566700000000000000000000000000000,3.790092468000000000000000000000000000000,2.926814795000000000000000000000000000000,20.000000000000000000000000000000000000000
91.873668090000000000000000000000000000000,29.987342210000000000000000000000000000000,31.440227880000000000000000000000000000000,313.130667500000000000000000000000000000000,330.154480000000000000000000000000000000000,3.450000048000000000000000000000000000000,268.500000000000000000000000000000000000000,0.561815256600000000000000000000000000000,3.790092468000000000000000000000000000000,2.902635336000000000000000000000000000000,19.000000000000000000000000000000000000000
92.873173190000000000000000000000000000000,29.987339790000000000000000000000000000000,31.440193160000000000000000000000000000000,312.861515700000000000000000000000000000000,329.885314900000000000000000000000000000000,3.500000000000000000000000000000000000000,268.000000000000000000000000000000000000000,0.565394335700000000000000000000000000000,3.790092468000000000000000000000000000000,2.951522827000000000000000000000000000000,15.000000000000000000000000000000000000000
93.873454550000000000000000000000000000000,29.987338680000000000000000000000000000000,31.440156020000000000000000000000000000000,312.259176700000000000000000000000000000000,329.282959000000000000000000000000000000000,3.769999981000000000000000000000000000000,269.000000000000000000000000000000000000000,0.568941370400000000000000000000000000000,3.790092468000000000000000000000000000000,3.105904102000000000000000000000000000000,18.000000000000000000000000000000000000000
94.873635330000000000000000000000000000000,29.987337960000000000000000000000000000000,31.440119200000000000000000000000000000000,312.046547700000000000000000000000000000000,329.070312500000000000000000000000000000000,3.359999895000000000000000000000000000000,269.100006100000000000000000000000000000000,0.572451911900000000000000000000000000000,3.790092468000000000000000000000000000000,2.984871149000000000000000000000000000000,19.000000000000000000000000000000000000000
95.872909600000000000000000000000000000000,29.987337800000000000000000000000000000000,31.440082750000000000000000000000000000000,311.844173500000000000000000000000000000000,328.867919900000000000000000000000000000000,3.470000029000000000000000000000000000000,270.700012200000000000000000000000000000000,0.575932566600000000000000000000000000000,3.790092468000000000000000000000000000000,3.160663605000000000000000000000000000000,20.000000000000000000000000000000000000000
96.873489960000000000000000000000000000000,29.987337710000000000000000000000000000000,31.440046610000000000000000000000000000000,311.989150300000000000000000000000000000000,329.012878400000000000000000000000000000000,3.359999895000000000000000000000000000000,271.299987800000000000000000000000000000000,0.579298535200000000000000000000000000000,3.790092468000000000000000000000000000000,3.048466682000000000000000000000000000000,20.000000000000000000000000000000000000000
97.873581940000000000000000000000000000000,29.987338410000000000000000000000000000000,31.440011670000000000000000000000000000000,312.227084500000000000000000000000000000000,329.250793500000000000000000000000000000000,3.460000038000000000000000000000000000000,271.299987800000000000000000000000000000000,0.582840960600000000000000000000000000000,3.790092468000000000000000000000000000000,3.099521875000000000000000000000000000000,21.000000000000000000000000000000000000000
98.873097150000000000000000000000000000000,29.987338700000000000000000000000000000000,31.439974890000000000000000000000000000000,311.913016900000000000000000000000000000000,328.936706500000000000000000000000000000000,3.519999981000000000000000000000000000000,270.299987800000000000000000000000000000000,0.586348940700000000000000000000000000000,3.790092468000000000000000000000000000000,2.845363855000000000000000000000000000000,20.000000000000000000000000000000000000000
99.873404020000000000000000000000000000000,29.987338240000000000000000000000000000000,31.439938470000000000000000000000000000000,311.793466800000000000000000000000000000000,328.817138700000000000000000000000000000000,3.460000038000000000000000000000000000000,271.100006100000000000000000000000000000000,0.589884499400000000000000000000000000000,3.790092468000000000000000000000000000000,2.748057127000000000000000000000000000000,20.000000000000000000000000000000000000000
100.873080800000000000000000000000000000000,29.987339530000000000000000000000000000000,31.439901790000000000000000000000000000000,312.173859100000000000000000000000000000000,329.197509800000000000000000000000000000000,3.549999952000000000000000000000000000000,271.799987800000000000000000000000000000000,0.593465821100000000000000000000000000000,3.790092468000000000000000000000000000000,2.500000000000000000000000000000000000000,19.000000000000000000000000000000000000000
101.873506300000000000000000000000000000000,29.987340720000000000000000000000000000000,31.439864630000000000000000000000000000000,311.414419900000000000000000000000000000000,328.438049300000000000000000000000000000000,3.579999924000000000000000000000000000000,271.799987800000000000000000000000000000000,0.596929601800000000000000000000000000000,3.790092468000000000000000000000000000000,2.508892298000000000000000000000000000000,20.000000000000000000000000000000000000000
102.873680400000000000000000000000000000000,29.987341880000000000000000000000000000000,31.439828690000000000000000000000000000000,311.414867700000000000000000000000000000000,328.438476600000000000000000000000000000000,3.400000095000000000000000000000000000000,271.899993900000000000000000000000000000000,0.600325555000000000000000000000000000000,3.790092468000000000000000000000000000000,2.500000000000000000000000000000000000000,19.000000000000000000000000000000000000000
103.873674500000000000000000000000000000000,29.987342070000000000000000000000000000000,31.439793430000000000000000000000000000000,311.396087300000000000000000000000000000000,328.419677700000000000000000000000000000000,3.480000019000000000000000000000000000000,271.500000000000000000000000000000000000000,0.603819895400000000000000000000000000000,3.790092468000000000000000000000000000000,2.500000000000000000000000000000000000000,19.000000000000000000000000000000000000000
104.872896600000000000000000000000000000000,29.987341720000000000000000000000000000000,31.439757150000000000000000000000000000000,310.676500700000000000000000000000000000000,327.700073200000000000000000000000000000000,3.450000048000000000000000000000000000000,270.100006100000000000000000000000000000000,0.607254696900000000000000000000000000000,3.790092468000000000000000000000000000000,2.500000000000000000000000000000000000000,17.000000000000000000000000000000000000000
105.873083800000000000000000000000000000000,29.987340020000000000000000000000000000000,31.439721540000000000000000000000000000000,310.360231500000000000000000000000000000000,327.383789100000000000000000000000000000000,3.390000105000000000000000000000000000000,269.100006100000000000000000000000000000000,0.610708103000000000000000000000000000000,3.790092468000000000000000000000000000000,2.500000000000000000000000000000000000000,18.000000000000000000000000000000000000000
106.872664500000000000000000000000000000000,29.987338810000000000000000000000000000000,31.439685710000000000000000000000000000000,310.225482000000000000000000000000000000000,327.249023400000000000000000000000000000000,3.420000076000000000000000000000000000000,268.899993900000000000000000000000000000000,0.613924909700000000000000000000000000000,3.790092468000000000000000000000000000000,2.500000000000000000000000000000000000000,18.000000000000000000000000000000000000000
107.873085100000000000000000000000000000000,29.987338640000000000000000000000000000000,31.439652310000000000000000000000000000000,310.633457700000000000000000000000000000000,327.656982400000000000000000000000000000000,3.190000057000000000000000000000000000000,270.399993900000000000000000000000000000000,0.617002571300000000000000000000000000000,3.790092468000000000000000000000000000000,2.500000000000000000000000000000000000000,18.000000000000000000000000000000000000000
108.873501500000000000000000000000000000000,29.987339950000000000000000000000000000000,31.439620390000000000000000000000000000000,310.160881300000000000000000000000000000000,327.184387200000000000000000000000000000000,2.980000019000000000000000000000000000000,271.200012200000000000000000000000000000000,0.619529806100000000000000000000000000000,3.790092468000000000000000000000000000000,2.500000000000000000000000000000000000000,18.000000000000000000000000000000000000000
109.873196900000000000000000000000000000000,29.987340110000000000000000000000000000000,31.439594150000000000000000000000000000000,310.359686500000000000000000000000000000000,327.383178700000000000000000000000000000000,2.319999933000000000000000000000000000000,270.500000000000000000000000000000000000000,0.621599341800000000000000000000000000000,3.790092468000000000000000000000000000000,2.500000000000000000000000000000000000000,19.000000000000000000000000000000000000000
110.873469300000000000000000000000000000000,29.987341480000000000000000000000000000000,31.439572720000000000000000000000000000000,310.522175600000000000000000000000000000000,327.545654300000000000000000000000000000000,1.870000005000000000000000000000000000000,272.299987800000000000000000000000000000000,0.622985054000000000000000000000000000000,3.790092468000000000000000000000000000000,2.500000000000000000000000000000000000000,17.000000000000000000000000000000000000000
111.872835800000000000000000000000000000000,29.987343690000000000000000000000000000000,31.439558560000000000000000000000000000000,310.555512200000000000000000000000000000000,327.578979500000000000000000000000000000000,0.939999997600000000000000000000000000000,273.000000000000000000000000000000000000000,0.623924110500000000000000000000000000000,3.790092468000000000000000000000000000000,2.500000000000000000000000000000000000000,17.000000000000000000000000000000000000000
112.873073100000000000000000000000000000000,29.987345770000000000000000000000000000000,31.439549110000000000000000000000000000000,310.482522900000000000000000000000000000000,327.505981400000000000000000000000000000000,0.930000007200000000000000000000000000000,271.799987800000000000000000000000000000000,0.624822057200000000000000000000000000000,3.790092468000000000000000000000000000000,2.500000000000000000000000000000000000000,16.000000000000000000000000000000000000000
113.873312600000000000000000000000000000000,29.987346970000000000000000000000000000000,31.439539890000000000000000000000000000000,310.276231000000000000000000000000000000000,327.299682600000000000000000000000000000000,0.910000026200000000000000000000000000000,272.500000000000000000000000000000000000000,0.625837983400000000000000000000000000000,3.790092468000000000000000000000000000000,2.500000000000000000000000000000000000000,18.000000000000000000000000000000000000000
114.873373600000000000000000000000000000000,29.987346190000000000000000000000000000000,31.439529380000000000000000000000000000000,309.959218300000000000000000000000000000000,326.982666000000000000000000000000000000000,1.179999948000000000000000000000000000000,268.700012200000000000000000000000000000000,0.626348332800000000000000000000000000000,3.790092468000000000000000000000000000000,2.500000000000000000000000000000000000000,16.000000000000000000000000000000000000000
115.873838300000000000000000000000000000000,29.987344670000000000000000000000000000000,31.439524380000000000000000000000000000000,310.187977800000000000000000000000000000000,327.211425800000000000000000000000000000000,0.370000004800000000000000000000000000000,272.299987800000000000000000000000000000000,0.627461692400000000000000000000000000000,3.790092468000000000000000000000000000000,2.500000000000000000000000000000000000000,16.000000000000000000000000000000000000000
116.873028400000000000000000000000000000000,29.987343230000000000000000000000000000000,31.439512940000000000000000000000000000000,309.304497100000000000000000000000000000000,326.327941900000000000000000000000000000000,1.529999971000000000000000000000000000000,267.399993900000000000000000000000000000000,0.629736713900000000000000000000000000000,3.790092468000000000000000000000000000000,2.500000000000000000000000000000000000000,17.000000000000000000000000000000000000000
117.873415700000000000000000000000000000000,29.987341750000000000000000000000000000000,31.439489380000000000000000000000000000000,309.244081600000000000000000000000000000000,326.267517100000000000000000000000000000000,2.599999905000000000000000000000000000000,271.000000000000000000000000000000000000000,0.632816782400000000000000000000000000000,3.790092468000000000000000000000000000000,2.500000000000000000000000000000000000000,19.000000000000000000000000000000000000000
118.873445600000000000000000000000000000000,29.987341030000000000000000000000000000000,31.439457410000000000000000000000000000000,309.676408600000000000000000000000000000000,326.699829100000000000000000000000000000000,3.319999933000000000000000000000000000000,270.399993900000000000000000000000000000000,0.636348739100000000000000000000000000000,3.790092468000000000000000000000000000000,2.500000000000000000000000000000000000000,16.000000000000000000000000000000000000000
119.873599400000000000000000000000000000000,29.987340190000000000000000000000000000000,31.439420750000000000000000000000000000000,309.327731900000000000000000000000000000000,326.351135300000000000000000000000000000000,3.500000000000000000000000000000000000000,270.100006100000000000000000000000000000000,0.639851541900000000000000000000000000000,3.790092468000000000000000000000000000000,2.500000000000000000000000000000000000000,16.000000000000000000000000000000000000000
120.873376700000000000000000000000000000000,29.987340110000000000000000000000000000000,31.439384380000000000000000000000000000000,309.444876900000000000000000000000000000000,326.468261700000000000000000000000000000000,3.589999914000000000000000000000000000000,271.399993900000000000000000000000000000000,0.643314986400000000000000000000000000000,3.790092468000000000000000000000000000000,2.592217207000000000000000000000000000000,18.000000000000000000000000000000000000000
121.873654700000000000000000000000000000000,29.987340390000000000000000000000000000000,31.439348420000000000000000000000000000000,309.955882100000000000000000000000000000000,326.979248000000000000000000000000000000000,3.519999981000000000000000000000000000000,271.700012200000000000000000000000000000000,0.646934356000000000000000000000000000000,3.790092468000000000000000000000000000000,2.771904230000000000000000000000000000000,16.000000000000000000000000000000000000000
122.872885500000000000000000000000000000000,29.987339080000000000000000000000000000000,31.439310870000000000000000000000000000000,309.590908600000000000000000000000000000000,326.614257800000000000000000000000000000000,3.650000095000000000000000000000000000000,268.899993900000000000000000000000000000000,0.650560197100000000000000000000000000000,3.790092468000000000000000000000000000000,2.656932116000000000000000000000000000000,14.000000000000000000000000000000000000000
123.873295700000000000000000000000000000000,29.987335660000000000000000000000000000000,31.439273430000000000000000000000000000000,309.221353500000000000000000000000000000000,326.244689900000000000000000000000000000000,3.579999924000000000000000000000000000000,264.000000000000000000000000000000000000000,0.654282025500000000000000000000000000000,3.790092468000000000000000000000000000000,2.851918459000000000000000000000000000000,17.000000000000000000000000000000000000000
124.873463000000000000000000000000000000000,29.987332140000000000000000000000000000000,31.439235000000000000000000000000000000000,308.721061400000000000000000000000000000000,325.744384800000000000000000000000000000000,3.619999886000000000000000000000000000000,266.100006100000000000000000000000000000000,0.657965151600000000000000000000000000000,3.790092468000000000000000000000000000000,2.738756180000000000000000000000000000000,13.000000000000000000000000000000000000000
125.873698700000000000000000000000000000000,29.987330580000000000000000000000000000000,31.439196800000000000000000000000000000000,308.648080000000000000000000000000000000000,325.671386700000000000000000000000000000000,3.559999943000000000000000000000000000000,269.799987800000000000000000000000000000000,0.661644441800000000000000000000000000000,3.790092468000000000000000000000000000000,2.683626175000000000000000000000000000000,17.000000000000000000000000000000000000000
126.872973900000000000000000000000000000000,29.987331430000000000000000000000000000000,31.439158610000000000000000000000000000000,309.138091400000000000000000000000000000000,326.161377000000000000000000000000000000000,3.630000114000000000000000000000000000000,272.799987800000000000000000000000000000000,0.665314254300000000000000000000000000000,3.790092468000000000000000000000000000000,2.996910334000000000000000000000000000000,14.000000000000000000000000000000000000000
127.873121700000000000000000000000000000000,29.987331920000000000000000000000000000000,31.439120510000000000000000000000000000000,308.698353500000000000000000000000000000000,325.721618700000000000000000000000000000000,3.690000057000000000000000000000000000000,272.700012200000000000000000000000000000000,0.668994284800000000000000000000000000000,3.790092468000000000000000000000000000000,3.036426306000000000000000000000000000000,15.000000000000000000000000000000000000000
128.873731700000000000000000000000000000000,29.987331790000000000000000000000000000000,31.439082300000000000000000000000000000000,307.849007500000000000000000000000000000000,324.872253400000000000000000000000000000000,3.789999962000000000000000000000000000000,270.500000000000000000000000000000000000000,0.672710002100000000000000000000000000000,3.790092468000000000000000000000000000000,3.027280331000000000000000000000000000000,14.000000000000000000000000000000000000000
129.872910600000000000000000000000000000000,29.987331570000000000000000000000000000000,31.439043720000000000000000000000000000000,307.316434100000000000000000000000000000000,324.339660600000000000000000000000000000000,3.650000095000000000000000000000000000000,270.700012200000000000000000000000000000000,0.676477835900000000000000000000000000000,3.790092468000000000000000000000000000000,3.345604897000000000000000000000000000000,15.000000000000000000000000000000000000000
130.873070500000000000000000000000000000000,29.987331910000000000000000000000000000000,31.439004600000000000000000000000000000000,307.297106600000000000000000000000000000000,324.320312500000000000000000000000000000000,3.750000000000000000000000000000000000000,271.100006100000000000000000000000000000000,0.680102421900000000000000000000000000000,3.790092468000000000000000000000000000000,3.482003212000000000000000000000000000000,16.000000000000000000000000000000000000000
131.873436300000000000000000000000000000000,29.987332420000000000000000000000000000000,31.438966970000000000000000000000000000000,306.851814300000000000000000000000000000000,323.875000000000000000000000000000000000000,3.609999895000000000000000000000000000000,270.799987800000000000000000000000000000000,0.683860025400000000000000000000000000000,3.790092468000000000000000000000000000000,3.338397980000000000000000000000000000000,14.000000000000000000000000000000000000000
132.873524200000000000000000000000000000000,29.987333380000000000000000000000000000000,31.438927970000000000000000000000000000000,306.742827300000000000000000000000000000000,323.765991200000000000000000000000000000000,3.769999981000000000000000000000000000000,270.899993900000000000000000000000000000000,0.687448965400000000000000000000000000000,3.790092468000000000000000000000000000000,3.498677254000000000000000000000000000000,18.000000000000000000000000000000000000000
133.873603800000000000000000000000000000000,29.987334280000000000000000000000000000000,31.438890720000000000000000000000000000000,306.615284500000000000000000000000000000000,323.638427700000000000000000000000000000000,3.569999933000000000000000000000000000000,269.899993900000000000000000000000000000000,0.691106989200000000000000000000000000000,3.790092468000000000000000000000000000000,3.467267275000000000000000000000000000000,18.000000000000000000000000000000000000000
134.873739900000000000000000000000000000000,29.987334600000000000000000000000000000000,31.438852740000000000000000000000000000000,306.495187400000000000000000000000000000000,323.518310500000000000000000000000000000000,3.690000057000000000000000000000000000000,269.399993900000000000000000000000000000000,0.694834422600000000000000000000000000000,3.790092468000000000000000000000000000000,3.470572710000000000000000000000000000000,16.000000000000000000000000000000000000000
135.872330700000000000000000000000000000000,29.987334220000000000000000000000000000000,31.438814040000000000000000000000000000000,306.722928600000000000000000000000000000000,323.746032700000000000000000000000000000000,3.680000067000000000000000000000000000000,269.799987800000000000000000000000000000000,0.698402345200000000000000000000000000000,3.790092468000000000000000000000000000000,3.719306707000000000000000000000000000000,18.000000000000000000000000000000000000000
136.873296800000000000000000000000000000000,29.987333630000000000000000000000000000000,31.438777000000000000000000000000000000000,306.097030900000000000000000000000000000000,323.120117200000000000000000000000000000000,3.660000086000000000000000000000000000000,269.000000000000000000000000000000000000000,0.701959172300000000000000000000000000000,3.790092468000000000000000000000000000000,3.748660564000000000000000000000000000000,15.000000000000000000000000000000000000000
137.873351900000000000000000000000000000000,29.987332550000000000000000000000000000000,31.438740090000000000000000000000000000000,305.778871500000000000000000000000000000000,322.801940900000000000000000000000000000000,3.680000067000000000000000000000000000000,267.700012200000000000000000000000000000000,0.705659258300000000000000000000000000000,3.790092468000000000000000000000000000000,3.557702780000000000000000000000000000000,17.000000000000000000000000000000000000000
138.873389500000000000000000000000000000000,29.987331060000000000000000000000000000000,31.438701710000000000000000000000000000000,305.164203300000000000000000000000000000000,322.187255900000000000000000000000000000000,3.710000038000000000000000000000000000000,268.100006100000000000000000000000000000000,0.709487570500000000000000000000000000000,3.790092468000000000000000000000000000000,3.698465347000000000000000000000000000000,16.000000000000000000000000000000000000000
139.873769400000000000000000000000000000000,29.987332150000000000000000000000000000000,31.438661980000000000000000000000000000000,304.302409300000000000000000000000000000000,321.325439500000000000000000000000000000000,3.730000019000000000000000000000000000000,270.200012200000000000000000000000000000000,0.713182793700000000000000000000000000000,3.790092468000000000000000000000000000000,4.145393848000000000000000000000000000000,18.000000000000000000000000000000000000000
140.873214900000000000000000000000000000000,29.987334400000000000000000000000000000000,31.438623700000000000000000000000000000000,304.168766100000000000000000000000000000000,321.191772500000000000000000000000000000000,3.609999895000000000000000000000000000000,271.600006100000000000000000000000000000000,0.716892932700000000000000000000000000000,3.790092468000000000000000000000000000000,3.900226593000000000000000000000000000000,20.000000000000000000000000000000000000000
141.873596400000000000000000000000000000000,29.987337370000000000000000000000000000000,31.438585330000000000000000000000000000000,303.513273700000000000000000000000000000000,320.536254900000000000000000000000000000000,3.690000057000000000000000000000000000000,273.500000000000000000000000000000000000000,0.720358273700000000000000000000000000000,3.790092468000000000000000000000000000000,3.522253752000000000000000000000000000000,18.000000000000000000000000000000000000000
142.873732200000000000000000000000000000000,29.987342180000000000000000000000000000000,31.438549780000000000000000000000000000000,304.074702200000000000000000000000000000000,321.097656200000000000000000000000000000000,3.309999943000000000000000000000000000000,274.000000000000000000000000000000000000000,0.723388441700000000000000000000000000000,3.790092468000000000000000000000000000000,3.443562269000000000000000000000000000000,21.000000000000000000000000000000000000000
143.872923400000000000000000000000000000000,29.987345760000000000000000000000000000000,31.438518590000000000000000000000000000000,305.101580300000000000000000000000000000000,322.124511700000000000000000000000000000000,2.930000067000000000000000000000000000000,270.100006100000000000000000000000000000000,0.726356223700000000000000000000000000000,3.790092468000000000000000000000000000000,3.140657187000000000000000000000000000000,19.000000000000000000000000000000000000000
144.873132400000000000000000000000000000000,29.987347620000000000000000000000000000000,31.438487850000000000000000000000000000000,305.080237200000000000000000000000000000000,322.103149400000000000000000000000000000000,2.759999990000000000000000000000000000000,265.600006100000000000000000000000000000000,0.729172732500000000000000000000000000000,3.790092468000000000000000000000000000000,3.107996225000000000000000000000000000000,19.000000000000000000000000000000000000000
145.873298900000000000000000000000000000000,29.987346830000000000000000000000000000000,31.438458620000000000000000000000000000000,305.096669200000000000000000000000000000000,322.119567900000000000000000000000000000000,2.660000086000000000000000000000000000000,265.000000000000000000000000000000000000000,0.731077408300000000000000000000000000000,3.790092468000000000000000000000000000000,3.187092066000000000000000000000000000000,17.000000000000000000000000000000000000000
146.873464100000000000000000000000000000000,29.987344080000000000000000000000000000000,31.438439100000000000000000000000000000000,305.102350300000000000000000000000000000000,322.125244100000000000000000000000000000000,1.470000029000000000000000000000000000000,260.799987800000000000000000000000000000000,0.732765325900000000000000000000000000000,3.790092468000000000000000000000000000000,3.109478235000000000000000000000000000000,18.000000000000000000000000000000000000000
147.872231300000000000000000000000000000000,29.987339670000000000000000000000000000000,31.438422330000000000000000000000000000000,305.432795000000000000000000000000000000000,322.455688500000000000000000000000000000000,1.740000010000000000000000000000000000000,253.699996900000000000000000000000000000000,0.734530759200000000000000000000000000000,3.790092468000000000000000000000000000000,2.996988773000000000000000000000000000000,22.000000000000000000000000000000000000000
148.872311500000000000000000000000000000000,29.987334110000000000000000000000000000000,31.438405160000000000000000000000000000000,305.379875900000000000000000000000000000000,322.402771000000000000000000000000000000000,1.720000029000000000000000000000000000000,253.000000000000000000000000000000000000000,0.736233898000000000000000000000000000000,3.790092468000000000000000000000000000000,2.954229593000000000000000000000000000000,17.000000000000000000000000000000000000000
149.873450100000000000000000000000000000000,29.987328830000000000000000000000000000000,31.438388560000000000000000000000000000000,305.392997100000000000000000000000000000000,322.415893600000000000000000000000000000000,1.659999967000000000000000000000000000000,251.000000000000000000000000000000000000000,0.737510369900000000000000000000000000000,3.790092468000000000000000000000000000000,2.936684608000000000000000000000000000000,23.000000000000000000000000000000000000000
150.873423500000000000000000000000000000000,29.987320870000000000000000000000000000000,31.438379010000000000000000000000000000000,307.827679400000000000000000000000000000000,324.850585900000000000000000000000000000000,1.740000010000000000000000000000000000000,228.300003100000000000000000000000000000000,0.739148400100000000000000000000000000000,3.790092468000000000000000000000000000000,3.153119564000000000000000000000000000000,20.000000000000000000000000000000000000000
151.873205700000000000000000000000000000000,29.987313830000000000000000000000000000000,31.438364070000000000000000000000000000000,308.361182200000000000000000000000000000000,325.384094200000000000000000000000000000000,1.960000038000000000000000000000000000000,226.399993900000000000000000000000000000000,0.741066390400000000000000000000000000000,3.790092468000000000000000000000000000000,3.245806456000000000000000000000000000000,22.000000000000000000000000000000000000000
152.873232600000000000000000000000000000000,29.987301710000000000000000000000000000000,31.438349900000000000000000000000000000000,308.069113600000000000000000000000000000000,325.092041000000000000000000000000000000000,2.079999924000000000000000000000000000000,222.500000000000000000000000000000000000000,0.742964386300000000000000000000000000000,3.790092468000000000000000000000000000000,3.511623621000000000000000000000000000000,20.000000000000000000000000000000000000000
153.872869900000000000000000000000000000000,29.987289020000000000000000000000000000000,31.438336720000000000000000000000000000000,308.238286100000000000000000000000000000000,325.261230500000000000000000000000000000000,1.779999971000000000000000000000000000000,218.600006100000000000000000000000000000000,0.744916017900000000000000000000000000000,3.790092468000000000000000000000000000000,3.453052044000000000000000000000000000000,22.000000000000000000000000000000000000000
154.873708400000000000000000000000000000000,29.987274480000000000000000000000000000000,31.438325370000000000000000000000000000000,308.310957600000000000000000000000000000000,325.333923300000000000000000000000000000000,1.960000038000000000000000000000000000000,210.399993900000000000000000000000000000000,0.747011287700000000000000000000000000000,3.790092468000000000000000000000000000000,3.552827835000000000000000000000000000000,19.000000000000000000000000000000000000000
155.873054200000000000000000000000000000000,29.987257850000000000000000000000000000000,31.438315140000000000000000000000000000000,308.391864300000000000000000000000000000000,325.414856000000000000000000000000000000000,2.250000000000000000000000000000000000000,207.199996900000000000000000000000000000000,0.748959651900000000000000000000000000000,3.790092468000000000000000000000000000000,3.480939150000000000000000000000000000000,19.000000000000000000000000000000000000000
156.873727500000000000000000000000000000000,29.987241160000000000000000000000000000000,31.438308980000000000000000000000000000000,310.362112200000000000000000000000000000000,327.385131800000000000000000000000000000000,2.200000048000000000000000000000000000000,190.600006100000000000000000000000000000000,0.751157806100000000000000000000000000000,3.790092468000000000000000000000000000000,3.225963593000000000000000000000000000000,20.000000000000000000000000000000000000000
157.873372100000000000000000000000000000000,29.987221570000000000000000000000000000000,31.438305920000000000000000000000000000000,310.986466700000000000000000000000000000000,328.009521500000000000000000000000000000000,2.640000105000000000000000000000000000000,183.600006100000000000000000000000000000000,0.753637978200000000000000000000000000000,3.790092468000000000000000000000000000000,3.277273417000000000000000000000000000000,20.000000000000000000000000000000000000000
158.873011000000000000000000000000000000000,29.987199270000000000000000000000000000000,31.438306450000000000000000000000000000000,310.899388700000000000000000000000000000000,327.922485400000000000000000000000000000000,2.559999943000000000000000000000000000000,180.600006100000000000000000000000000000000,0.756217204200000000000000000000000000000,3.790092468000000000000000000000000000000,3.283645630000000000000000000000000000000,22.000000000000000000000000000000000000000
159.873514700000000000000000000000000000000,29.987176090000000000000000000000000000000,31.438307430000000000000000000000000000000,311.086234500000000000000000000000000000000,328.109375000000000000000000000000000000000,2.500000000000000000000000000000000000000,181.800003100000000000000000000000000000000,0.758363685500000000000000000000000000000,3.790092468000000000000000000000000000000,3.153969049000000000000000000000000000000,20.000000000000000000000000000000000000000
160.873071200000000000000000000000000000000,29.987156830000000000000000000000000000000,31.438308930000000000000000000000000000000,310.049454500000000000000000000000000000000,327.072631800000000000000000000000000000000,2.150000095000000000000000000000000000000,181.600006100000000000000000000000000000000,0.760562050300000000000000000000000000000,3.790092468000000000000000000000000000000,3.117573738000000000000000000000000000000,21.000000000000000000000000000000000000000
161.872191000000000000000000000000000000000,29.987137250000000000000000000000000000000,31.438312090000000000000000000000000000000,310.047341100000000000000000000000000000000,327.070556600000000000000000000000000000000,2.210000038000000000000000000000000000000,180.699996900000000000000000000000000000000,0.762594054200000000000000000000000000000,3.790092468000000000000000000000000000000,3.381407022000000000000000000000000000000,19.000000000000000000000000000000000000000
162.873209800000000000000000000000000000000,29.987119050000000000000000000000000000000,31.438313990000000000000000000000000000000,309.226993600000000000000000000000000000000,326.250244100000000000000000000000000000000,1.919999957000000000000000000000000000000,180.399993900000000000000000000000000000000,0.763886625800000000000000000000000000000,3.790092468000000000000000000000000000000,3.625680208000000000000000000000000000000,20.000000000000000000000000000000000000000
163.873352800000000000000000000000000000000,29.987107580000000000000000000000000000000,31.438316170000000000000000000000000000000,310.457561900000000000000000000000000000000,327.480835000000000000000000000000000000000,1.269999981000000000000000000000000000000,181.699996900000000000000000000000000000000,0.765021031200000000000000000000000000000,3.790092468000000000000000000000000000000,3.209363461000000000000000000000000000000,17.000000000000000000000000000000000000000
164.873547100000000000000000000000000000000,29.987097390000000000000000000000000000000,31.438316740000000000000000000000000000000,310.198082100000000000000000000000000000000,327.221374500000000000000000000000000000000,1.000000000000000000000000000000000000000,184.199996900000000000000000000000000000000,0.765488155800000000000000000000000000000,3.790092468000000000000000000000000000000,3.237145901000000000000000000000000000000,18.000000000000000000000000000000000000000
165.873143300000000000000000000000000000000,29.987093200000000000000000000000000000000,31.438316390000000000000000000000000000000,310.712417700000000000000000000000000000000,327.735717800000000000000000000000000000000,0.370000004800000000000000000000000000000,184.300003100000000000000000000000000000000,0.766072616900000000000000000000000000000,3.790092468000000000000000000000000000000,3.104251623000000000000000000000000000000,20.000000000000000000000000000000000000000
166.873054100000000000000000000000000000000,29.987088010000000000000000000000000000000,31.438317350000000000000000000000000000000,311.752995900000000000000000000000000000000,328.776306200000000000000000000000000000000,0.819999992800000000000000000000000000000,184.300003100000000000000000000000000000000,0.766751743000000000000000000000000000000,3.790092468000000000000000000000000000000,3.153196335000000000000000000000000000000,22.000000000000000000000000000000000000000
167.873329700000000000000000000000000000000,29.987081910000000000000000000000000000000,31.438317700000000000000000000000000000000,312.465569700000000000000000000000000000000,329.488891600000000000000000000000000000000,0.860000014300000000000000000000000000000,181.399993900000000000000000000000000000000,0.767956082300000000000000000000000000000,3.790092468000000000000000000000000000000,3.251836538000000000000000000000000000000,20.000000000000000000000000000000000000000
168.873521700000000000000000000000000000000,29.987071230000000000000000000000000000000,31.438315620000000000000000000000000000000,312.649388700000000000000000000000000000000,329.672729500000000000000000000000000000000,1.159999967000000000000000000000000000000,187.800003100000000000000000000000000000000,0.769215376500000000000000000000000000000,3.790092468000000000000000000000000000000,3.366930962000000000000000000000000000000,22.000000000000000000000000000000000000000
169.873277400000000000000000000000000000000,29.987059970000000000000000000000000000000,31.438314220000000000000000000000000000000,313.444290300000000000000000000000000000000,330.467651400000000000000000000000000000000,1.149999976000000000000000000000000000000,183.500000000000000000000000000000000000000,0.770997011600000000000000000000000000000,3.790092468000000000000000000000000000000,3.340596199000000000000000000000000000000,20.000000000000000000000000000000000000000
170.873120200000000000000000000000000000000,29.987043980000000000000000000000000000000,31.438315400000000000000000000000000000000,314.452499500000000000000000000000000000000,331.475891100000000000000000000000000000000,2.359999895000000000000000000000000000000,181.399993900000000000000000000000000000000,0.773668458300000000000000000000000000000,3.790092468000000000000000000000000000000,3.252386808000000000000000000000000000000,20.000000000000000000000000000000000000000
171.872996400000000000000000000000000000000,29.987019960000000000000000000000000000000,31.438314840000000000000000000000000000000,315.321534500000000000000000000000000000000,332.344970700000000000000000000000000000000,3.220000029000000000000000000000000000000,184.000000000000000000000000000000000000000,0.776941619800000000000000000000000000000,3.790092468000000000000000000000000000000,2.825096846000000000000000000000000000000,20.000000000000000000000000000000000000000
172.873144800000000000000000000000000000000,29.986990580000000000000000000000000000000,31.438312740000000000000000000000000000000,315.639107600000000000000000000000000000000,332.662597700000000000000000000000000000000,3.690000057000000000000000000000000000000,183.000000000000000000000000000000000000000,0.780586685200000000000000000000000000000,3.790092468000000000000000000000000000000,2.710178614000000000000000000000000000000,23.000000000000000000000000000000000000000
173.873151900000000000000000000000000000000,29.986957820000000000000000000000000000000,31.438311390000000000000000000000000000000,315.002572400000000000000000000000000000000,332.026123000000000000000000000000000000000,3.740000010000000000000000000000000000000,182.899993900000000000000000000000000000000,0.784230244700000000000000000000000000000,3.790092468000000000000000000000000000000,2.500000000000000000000000000000000000000,23.000000000000000000000000000000000000000
174.873435200000000000000000000000000000000,29.986925140000000000000000000000000000000,31.438308630000000000000000000000000000000,314.988474700000000000000000000000000000000,332.012085000000000000000000000000000000000,3.829999924000000000000000000000000000000,186.500000000000000000000000000000000000000,0.787945625800000000000000000000000000000,3.790092468000000000000000000000000000000,2.500000000000000000000000000000000000000,22.000000000000000000000000000000000000000
175.873772000000000000000000000000000000000,29.986892230000000000000000000000000000000,31.438301960000000000000000000000000000000,315.248853600000000000000000000000000000000,332.272522000000000000000000000000000000000,4.050000191000000000000000000000000000000,190.899993900000000000000000000000000000000,0.791697625800000000000000000000000000000,3.790092468000000000000000000000000000000,2.500000000000000000000000000000000000000,20.000000000000000000000000000000000000000
176.872929200000000000000000000000000000000,29.986859810000000000000000000000000000000,31.438291160000000000000000000000000000000,315.737262800000000000000000000000000000000,332.760986300000000000000000000000000000000,3.930000067000000000000000000000000000000,195.800003100000000000000000000000000000000,0.795404036600000000000000000000000000000,3.790092468000000000000000000000000000000,2.500000000000000000000000000000000000000,22.000000000000000000000000000000000000000
177.873753200000000000000000000000000000000,29.986828980000000000000000000000000000000,31.438276530000000000000000000000000000000,315.965362100000000000000000000000000000000,332.989135700000000000000000000000000000000,4.079999924000000000000000000000000000000,198.500000000000000000000000000000000000000,0.799290030500000000000000000000000000000,3.790092468000000000000000000000000000000,2.500000000000000000000000000000000000000,25.000000000000000000000000000000000000000
178.873339200000000000000000000000000000000,29.986796140000000000000000000000000000000,31.438262730000000000000000000000000000000,315.028784300000000000000000000000000000000,332.052612300000000000000000000000000000000,4.199999809000000000000000000000000000000,198.300003100000000000000000000000000000000,0.803302517400000000000000000000000000000,3.790092468000000000000000000000000000000,2.500000000000000000000000000000000000000,21.000000000000000000000000000000000000000
179.873812700000000000000000000000000000000,29.986762880000000000000000000000000000000,31.438246570000000000000000000000000000000,315.594953600000000000000000000000000000000,332.618835400000000000000000000000000000000,4.050000191000000000000000000000000000000,199.000000000000000000000000000000000000000,0.807331285000000000000000000000000000000,3.790092468000000000000000000000000000000,2.500000000000000000000000000000000000000,19.000000000000000000000000000000000000000
180.872948500000000000000000000000000000000,29.986729900000000000000000000000000000000,31.438229250000000000000000000000000000000,316.345816300000000000000000000000000000000,333.369751000000000000000000000000000000000,4.000000000000000000000000000000000000000,200.300003100000000000000000000000000000000,0.811424681000000000000000000000000000000,3.790092468000000000000000000000000000000,2.500000000000000000000000000000000000000,18.000000000000000000000000000000000000000
181.873206100000000000000000000000000000000,29.986695820000000000000000000000000000000,31.438213180000000000000000000000000000000,316.704281300000000000000000000000000000000,333.728271500000000000000000000000000000000,4.070000172000000000000000000000000000000,200.500000000000000000000000000000000000000,0.815479296000000000000000000000000000000,3.790092468000000000000000000000000000000,2.595284700000000000000000000000000000000,18.000000000000000000000000000000000000000
182.873566200000000000000000000000000000000,29.986661690000000000000000000000000000000,31.438198360000000000000000000000000000000,316.249391100000000000000000000000000000000,333.273437500000000000000000000000000000000,4.190000057000000000000000000000000000000,200.899993900000000000000000000000000000000,0.819765792700000000000000000000000000000,3.790092468000000000000000000000000000000,2.704257250000000000000000000000000000000,15.000000000000000000000000000000000000000
183.872699900000000000000000000000000000000,29.986625860000000000000000000000000000000,31.438181940000000000000000000000000000000,316.389591300000000000000000000000000000000,333.413696300000000000000000000000000000000,4.260000229000000000000000000000000000000,201.500000000000000000000000000000000000000,0.824044028800000000000000000000000000000,3.790092468000000000000000000000000000000,2.754641533000000000000000000000000000000,21.000000000000000000000000000000000000000
184.872236200000000000000000000000000000000,29.986590590000000000000000000000000000000,31.438164190000000000000000000000000000000,316.267647200000000000000000000000000000000,333.291809100000000000000000000000000000000,4.119999886000000000000000000000000000000,201.800003100000000000000000000000000000000,0.828207513700000000000000000000000000000,3.790092468000000000000000000000000000000,2.994536877000000000000000000000000000000,20.000000000000000000000000000000000000000
185.873410900000000000000000000000000000000,29.986556090000000000000000000000000000000,31.438147390000000000000000000000000000000,315.618360300000000000000000000000000000000,332.642578100000000000000000000000000000000,4.179999828000000000000000000000000000000,202.100006100000000000000000000000000000000,0.832144158800000000000000000000000000000,3.790092468000000000000000000000000000000,3.101509333000000000000000000000000000000,19.000000000000000000000000000000000000000
186.873041500000000000000000000000000000000,29.986522800000000000000000000000000000000,31.438133480000000000000000000000000000000,315.971027400000000000000000000000000000000,332.995300300000000000000000000000000000000,3.839999914000000000000000000000000000000,199.100006100000000000000000000000000000000,0.835954886100000000000000000000000000000,3.790092468000000000000000000000000000000,3.237271547000000000000000000000000000000,21.000000000000000000000000000000000000000
187.873389300000000000000000000000000000000,29.986489770000000000000000000000000000000,31.438122930000000000000000000000000000000,315.954247400000000000000000000000000000000,332.978576700000000000000000000000000000000,3.910000086000000000000000000000000000000,195.699996900000000000000000000000000000000,0.839899936000000000000000000000000000000,3.790092468000000000000000000000000000000,3.495646477000000000000000000000000000000,23.000000000000000000000000000000000000000
188.873443100000000000000000000000000000000,29.986455400000000000000000000000000000000,31.438112770000000000000000000000000000000,315.704249400000000000000000000000000000000,332.728637700000000000000000000000000000000,4.050000191000000000000000000000000000000,193.600006100000000000000000000000000000000,0.843771182400000000000000000000000000000,3.790092468000000000000000000000000000000,3.167365313000000000000000000000000000000,18.000000000000000000000000000000000000000
189.873449900000000000000000000000000000000,29.986421240000000000000000000000000000000,31.438105010000000000000000000000000000000,316.368740300000000000000000000000000000000,333.393188500000000000000000000000000000000,3.869999886000000000000000000000000000000,190.500000000000000000000000000000000000000,0.847528655900000000000000000000000000000,3.790092468000000000000000000000000000000,3.245078087000000000000000000000000000000,22.000000000000000000000000000000000000000
190.873744800000000000000000000000000000000,29.986387590000000000000000000000000000000,31.438101440000000000000000000000000000000,316.207180200000000000000000000000000000000,333.231689500000000000000000000000000000000,3.799999952000000000000000000000000000000,189.199996900000000000000000000000000000000,0.851438087200000000000000000000000000000,3.790092468000000000000000000000000000000,3.517153025000000000000000000000000000000,18.000000000000000000000000000000000000000
191.873199500000000000000000000000000000000,29.986352780000000000000000000000000000000,31.438095740000000000000000000000000000000,314.799708300000000000000000000000000000000,331.824279800000000000000000000000000000000,3.920000076000000000000000000000000000000,189.899993900000000000000000000000000000000,0.855184403300000000000000000000000000000,3.790092468000000000000000000000000000000,3.626282692000000000000000000000000000000,20.000000000000000000000000000000000000000
192.873369400000000000000000000000000000000,29.986319460000000000000000000000000000000,31.438089980000000000000000000000000000000,314.926663100000000000000000000000000000000,331.951293900000000000000000000000000000000,3.559999943000000000000000000000000000000,189.899993900000000000000000000000000000000,0.858469548500000000000000000000000000000,3.790092468000000000000000000000000000000,3.722824097000000000000000000000000000000,23.000000000000000000000000000000000000000
193.873463900000000000000000000000000000000,29.986290230000000000000000000000000000000,31.438085020000000000000000000000000000000,316.411596400000000000000000000000000000000,333.436279300000000000000000000000000000000,3.240000010000000000000000000000000000000,189.300003100000000000000000000000000000000,0.861550776500000000000000000000000000000,3.790092468000000000000000000000000000000,3.477848530000000000000000000000000000000,23.000000000000000000000000000000000000000
194.873557400000000000000000000000000000000,29.986262940000000000000000000000000000000,31.438079470000000000000000000000000000000,315.650928100000000000000000000000000000000,332.675659200000000000000000000000000000000,2.950000048000000000000000000000000000000,188.399993900000000000000000000000000000000,0.864328832000000000000000000000000000000,3.790092468000000000000000000000000000000,3.583313227000000000000000000000000000000,22.000000000000000000000000000000000000000
195.873207300000000000000000000000000000000,29.986238330000000000000000000000000000000,31.438074500000000000000000000000000000000,316.140264500000000000000000000000000000000,333.165039100000000000000000000000000000000,2.730000019000000000000000000000000000000,185.199996900000000000000000000000000000000,0.867113019400000000000000000000000000000,3.790092468000000000000000000000000000000,3.352140665000000000000000000000000000000,20.000000000000000000000000000000000000000
196.873036000000000000000000000000000000000,29.986213310000000000000000000000000000000,31.438075620000000000000000000000000000000,314.976032600000000000000000000000000000000,332.000854500000000000000000000000000000000,2.740000010000000000000000000000000000000,171.100006100000000000000000000000000000000,0.869978541700000000000000000000000000000,3.790092468000000000000000000000000000000,3.186063528000000000000000000000000000000,17.000000000000000000000000000000000000000
197.873207300000000000000000000000000000000,29.986189070000000000000000000000000000000,31.438085720000000000000000000000000000000,314.900664700000000000000000000000000000000,331.925537100000000000000000000000000000000,2.970000029000000000000000000000000000000,154.199996900000000000000000000000000000000,0.873292898700000000000000000000000000000,3.790092468000000000000000000000000000000,3.302745819000000000000000000000000000000,21.000000000000000000000000000000000000000
198.873485500000000000000000000000000000000,29.986165390000000000000000000000000000000,31.438106620000000000000000000000000000000,314.526769400000000000000000000000000000000,331.551696800000000000000000000000000000000,3.660000086000000000000000000000000000000,142.300003100000000000000000000000000000000,0.877095095200000000000000000000000000000,3.790092468000000000000000000000000000000,3.361838341000000000000000000000000000000,17.000000000000000000000000000000000000000
199.873787300000000000000000000000000000000,29.986138660000000000000000000000000000000,31.438131240000000000000000000000000000000,311.463352400000000000000000000000000000000,328.488342300000000000000000000000000000000,3.599999905000000000000000000000000000000,136.399993900000000000000000000000000000000,0.880783417000000000000000000000000000000,3.790092468000000000000000000000000000000,2.991773367000000000000000000000000000000,18.000000000000000000000000000000000000000
200.873146400000000000000000000000000000000,29.986115180000000000000000000000000000000,31.438158290000000000000000000000000000000,311.560645700000000000000000000000000000000,328.585693400000000000000000000000000000000,3.559999943000000000000000000000000000000,130.899993900000000000000000000000000000000,0.884647880100000000000000000000000000000,3.790092468000000000000000000000000000000,2.842734337000000000000000000000000000000,20.000000000000000000000000000000000000000
201.873018000000000000000000000000000000000,29.986093020000000000000000000000000000000,31.438189200000000000000000000000000000000,310.838420500000000000000000000000000000000,327.863525400000000000000000000000000000000,3.519999981000000000000000000000000000000,125.699996900000000000000000000000000000000,0.888244273000000000000000000000000000000,3.790092468000000000000000000000000000000,2.572971106000000000000000000000000000000,20.000000000000000000000000000000000000000
202.873606000000000000000000000000000000000,29.986074360000000000000000000000000000000,31.438219700000000000000000000000000000000,310.583731400000000000000000000000000000000,327.608886700000000000000000000000000000000,3.400000095000000000000000000000000000000,122.800003100000000000000000000000000000000,0.891906750100000000000000000000000000000,3.790092468000000000000000000000000000000,2.708166838000000000000000000000000000000,20.000000000000000000000000000000000000000
203.873063200000000000000000000000000000000,29.986059250000000000000000000000000000000,31.438253490000000000000000000000000000000,310.520514500000000000000000000000000000000,327.545715300000000000000000000000000000000,3.730000019000000000000000000000000000000,113.800003100000000000000000000000000000000,0.895696317400000000000000000000000000000,3.790092468000000000000000000000000000000,2.726446629000000000000000000000000000000,18.000000000000000000000000000000000000000
204.873320500000000000000000000000000000000,29.986049580000000000000000000000000000000,31.438291220000000000000000000000000000000,310.513885300000000000000000000000000000000,327.539123500000000000000000000000000000000,3.690000057000000000000000000000000000000,104.900001500000000000000000000000000000000,0.899308461000000000000000000000000000000,3.790092468000000000000000000000000000000,3.039819479000000000000000000000000000000,21.000000000000000000000000000000000000000
205.873221600000000000000000000000000000000,29.986044320000000000000000000000000000000,31.438328230000000000000000000000000000000,310.397462500000000000000000000000000000000,327.422729500000000000000000000000000000000,3.410000086000000000000000000000000000000,97.599998470000000000000000000000000000000,0.902904037800000000000000000000000000000,3.790092468000000000000000000000000000000,2.907008171000000000000000000000000000000,22.000000000000000000000000000000000000000
206.872899800000000000000000000000000000000,29.986042770000000000000000000000000000000,31.438365520000000000000000000000000000000,310.322123200000000000000000000000000000000,327.347412100000000000000000000000000000000,3.420000076000000000000000000000000000000,92.900001530000000000000000000000000000000,0.906530895200000000000000000000000000000,3.790092468000000000000000000000000000000,2.621992111000000000000000000000000000000,7.000000000000000000000000000000000000000
207.873378800000000000000000000000000000000,29.986041770000000000000000000000000000000,31.438403160000000000000000000000000000000,310.005512700000000000000000000000000000000,327.030822800000000000000000000000000000000,3.460000038000000000000000000000000000000,91.699996950000000000000000000000000000000,0.910113784800000000000000000000000000000,3.790092468000000000000000000000000000000,2.812758684000000000000000000000000000000,25.000000000000000000000000000000000000000
208.872954400000000000000000000000000000000,29.986040980000000000000000000000000000000,31.438440350000000000000000000000000000000,310.163085000000000000000000000000000000000,327.188415500000000000000000000000000000000,3.480000019000000000000000000000000000000,91.000000000000000000000000000000000000000,0.913708530700000000000000000000000000000,3.790092468000000000000000000000000000000,2.932946444000000000000000000000000000000,28.000000000000000000000000000000000000000
209.873335200000000000000000000000000000000,29.986040490000000000000000000000000000000,31.438477670000000000000000000000000000000,309.800455100000000000000000000000000000000,326.825805700000000000000000000000000000000,3.500000000000000000000000000000000000000,91.199996950000000000000000000000000000000,0.917313512700000000000000000000000000000,3.790092468000000000000000000000000000000,2.950976133000000000000000000000000000000,32.000000000000000000000000000000000000000
210.873396000000000000000000000000000000000,29.986039180000000000000000000000000000000,31.438515070000000000000000000000000000000,309.594012700000000000000000000000000000000,326.619384800000000000000000000000000000000,3.519999981000000000000000000000000000000,91.699996950000000000000000000000000000000,0.921043958500000000000000000000000000000,3.790092468000000000000000000000000000000,2.840629578000000000000000000000000000000,30.000000000000000000000000000000000000000
211.873064600000000000000000000000000000000,29.986037790000000000000000000000000000000,31.438553770000000000000000000000000000000,309.522701200000000000000000000000000000000,326.548095700000000000000000000000000000000,3.630000114000000000000000000000000000000,91.400001530000000000000000000000000000000,0.924825043600000000000000000000000000000,3.790092468000000000000000000000000000000,2.718469858000000000000000000000000000000,30.000000000000000000000000000000000000000
212.873238800000000000000000000000000000000,29.986037060000000000000000000000000000000,31.438593020000000000000000000000000000000,310.092504000000000000000000000000000000000,327.117919900000000000000000000000000000000,3.650000095000000000000000000000000000000,90.500000000000000000000000000000000000000,0.928451368300000000000000000000000000000,3.790092468000000000000000000000000000000,2.557934761000000000000000000000000000000,31.000000000000000000000000000000000000000
213.873800100000000000000000000000000000000,29.986037410000000000000000000000000000000,31.438630670000000000000000000000000000000,309.399614300000000000000000000000000000000,326.425048800000000000000000000000000000000,3.650000095000000000000000000000000000000,90.099998470000000000000000000000000000000,0.932114957200000000000000000000000000000,3.790092468000000000000000000000000000000,2.500000000000000000000000000000000000000,33.000000000000000000000000000000000000000
214.873360200000000000000000000000000000000,29.986036690000000000000000000000000000000,31.438668700000000000000000000000000000000,309.195431000000000000000000000000000000000,326.220886200000000000000000000000000000000,3.690000057000000000000000000000000000000,89.599998470000000000000000000000000000000,0.935849203100000000000000000000000000000,3.790092468000000000000000000000000000000,2.500000000000000000000000000000000000000,35.000000000000000000000000000000000000000
215.873393100000000000000000000000000000000,29.986037550000000000000000000000000000000,31.438707460000000000000000000000000000000,308.207436700000000000000000000000000000000,325.232910200000000000000000000000000000000,3.690000057000000000000000000000000000000,89.099998470000000000000000000000000000000,0.939443753300000000000000000000000000000,3.790092468000000000000000000000000000000,2.500000000000000000000000000000000000000,33.000000000000000000000000000000000000000
216.873771300000000000000000000000000000000,29.986035840000000000000000000000000000000,31.438744730000000000000000000000000000000,307.927018900000000000000000000000000000000,324.952514600000000000000000000000000000000,3.680000067000000000000000000000000000000,90.800003050000000000000000000000000000000,0.943069506500000000000000000000000000000,3.790092468000000000000000000000000000000,2.500000000000000000000000000000000000000,34.000000000000000000000000000000000000000
217.873777100000000000000000000000000000000,29.986033510000000000000000000000000000000,31.438782280000000000000000000000000000000,307.938347900000000000000000000000000000000,324.963867200000000000000000000000000000000,3.680000067000000000000000000000000000000,91.400001530000000000000000000000000000000,0.946750850800000000000000000000000000000,3.790092468000000000000000000000000000000,2.500000000000000000000000000000000000000,34.000000000000000000000000000000000000000
218.873304100000000000000000000000000000000,29.986031760000000000000000000000000000000,31.438820450000000000000000000000000000000,307.949555600000000000000000000000000000000,324.975097700000000000000000000000000000000,3.680000067000000000000000000000000000000,90.800003050000000000000000000000000000000,0.950473571000000000000000000000000000000,3.790092468000000000000000000000000000000,2.500000000000000000000000000000000000000,32.000000000000000000000000000000000000000
219.873486300000000000000000000000000000000,29.986031340000000000000000000000000000000,31.438859100000000000000000000000000000000,307.954112700000000000000000000000000000000,324.979675300000000000000000000000000000000,3.690000057000000000000000000000000000000,90.599998470000000000000000000000000000000,0.954224376400000000000000000000000000000,3.790092468000000000000000000000000000000,2.500000000000000000000000000000000000000,32.000000000000000000000000000000000000000
220.873025000000000000000000000000000000000,29.986030140000000000000000000000000000000,31.438898020000000000000000000000000000000,307.859425000000000000000000000000000000000,324.885009800000000000000000000000000000000,3.680000067000000000000000000000000000000,90.800003050000000000000000000000000000000,0.958288567700000000000000000000000000000,3.790092468000000000000000000000000000000,2.500000000000000000000000000000000000000,32.000000000000000000000000000000000000000
221.873391400000000000000000000000000000000,29.986025320000000000000000000000000000000,31.438939850000000000000000000000000000000,306.195088000000000000000000000000000000000,323.220703100000000000000000000000000000000,3.759999990000000000000000000000000000000,90.300003050000000000000000000000000000000,0.961950385900000000000000000000000000000,3.790092468000000000000000000000000000000,2.500000000000000000000000000000000000000,34.000000000000000000000000000000000000000
222.873734600000000000000000000000000000000,29.986023620000000000000000000000000000000,31.438977820000000000000000000000000000000,306.010861300000000000000000000000000000000,323.036499000000000000000000000000000000000,3.720000029000000000000000000000000000000,90.599998470000000000000000000000000000000,0.965717788700000000000000000000000000000,3.790092468000000000000000000000000000000,2.500000000000000000000000000000000000000,32.000000000000000000000000000000000000000
223.873721100000000000000000000000000000000,29.986021960000000000000000000000000000000,31.439016890000000000000000000000000000000,305.572911000000000000000000000000000000000,322.598571800000000000000000000000000000000,3.730000019000000000000000000000000000000,91.000000000000000000000000000000000000000,0.969542308700000000000000000000000000000,3.790092468000000000000000000000000000000,2.500000000000000000000000000000000000000,33.000000000000000000000000000000000000000
224.873541200000000000000000000000000000000,29.986021920000000000000000000000000000000,31.439056600000000000000000000000000000000,305.451613800000000000000000000000000000000,322.477294900000000000000000000000000000000,3.710000038000000000000000000000000000000,90.800003050000000000000000000000000000000,0.973318789900000000000000000000000000000,3.790092468000000000000000000000000000000,2.500000000000000000000000000000000000000,32.000000000000000000000000000000000000000
225.873049800000000000000000000000000000000,29.986021650000000000000000000000000000000,31.439095810000000000000000000000000000000,305.328668400000000000000000000000000000000,322.354370100000000000000000000000000000000,3.700000048000000000000000000000000000000,90.099998470000000000000000000000000000000,0.977139553500000000000000000000000000000,3.790092468000000000000000000000000000000,2.500000000000000000000000000000000000000,35.000000000000000000000000000000000000000
226.873125700000000000000000000000000000000,29.986022460000000000000000000000000000000,31.439135470000000000000000000000000000000,305.780065700000000000000000000000000000000,322.805786100000000000000000000000000000000,3.690000057000000000000000000000000000000,89.699996950000000000000000000000000000000,0.980943258500000000000000000000000000000,3.790092468000000000000000000000000000000,2.500000000000000000000000000000000000000,35.000000000000000000000000000000000000000
227.873723400000000000000000000000000000000,29.986021270000000000000000000000000000000,31.439174940000000000000000000000000000000,304.698500300000000000000000000000000000000,321.724243200000000000000000000000000000000,3.700000048000000000000000000000000000000,89.699996950000000000000000000000000000000,0.984737365200000000000000000000000000000,3.790092468000000000000000000000000000000,2.500000000000000000000000000000000000000,36.000000000000000000000000000000000000000
228.873448500000000000000000000000000000000,29.986019480000000000000000000000000000000,31.439214280000000000000000000000000000000,304.128652600000000000000000000000000000000,321.154418900000000000000000000000000000000,3.680000067000000000000000000000000000000,90.099998470000000000000000000000000000000,0.988323908200000000000000000000000000000,3.790092468000000000000000000000000000000,2.500000000000000000000000000000000000000,37.000000000000000000000000000000000000000
229.873393700000000000000000000000000000000,29.986017250000000000000000000000000000000,31.439251430000000000000000000000000000000,303.917508900000000000000000000000000000000,320.943298300000000000000000000000000000000,3.660000086000000000000000000000000000000,90.500000000000000000000000000000000000000,0.991851245500000000000000000000000000000,3.790092468000000000000000000000000000000,2.500000000000000000000000000000000000000,35.000000000000000000000000000000000000000
230.873537600000000000000000000000000000000,29.986015370000000000000000000000000000000,31.439287990000000000000000000000000000000,304.031073100000000000000000000000000000000,321.056884800000000000000000000000000000000,3.630000114000000000000000000000000000000,90.900001530000000000000000000000000000000,0.995286046900000000000000000000000000000,3.790092468000000000000000000000000000000,2.500000000000000000000000000000000000000,35.000000000000000000000000000000000000000
231.873067800000000000000000000000000000000,29.986014030000000000000000000000000000000,31.439323620000000000000000000000000000000,303.541428400000000000000000000000000000000,320.567260700000000000000000000000000000000,3.609999895000000000000000000000000000000,91.300003050000000000000000000000000000000,0.998705686400000000000000000000000000000,3.790092468000000000000000000000000000000,2.500000000000000000000000000000000000000,35.000000000000000000000000000000000000000
232.873430400000000000000000000000000000000,29.986012850000000000000000000000000000000,31.439359100000000000000000000000000000000,303.098903100000000000000000000000000000000,320.124755900000000000000000000000000000000,3.609999895000000000000000000000000000000,91.500000000000000000000000000000000000000,1.002179471000000000000000000000000000000,3.790092468000000000000000000000000000000,2.500000000000000000000000000000000000000,35.000000000000000000000000000000000000000
233.873576800000000000000000000000000000000,29.986011410000000000000000000000000000000,31.439395130000000000000000000000000000000,303.089848800000000000000000000000000000000,320.115722700000000000000000000000000000000,3.589999914000000000000000000000000000000,91.900001530000000000000000000000000000000,1.005674904000000000000000000000000000000,3.790092468000000000000000000000000000000,2.500000000000000000000000000000000000000,34.000000000000000000000000000000000000000
234.872937000000000000000000000000000000000,29.986009710000000000000000000000000000000,31.439431370000000000000000000000000000000,302.956831500000000000000000000000000000000,319.982727100000000000000000000000000000000,3.609999895000000000000000000000000000000,93.099998470000000000000000000000000000000,1.009211449000000000000000000000000000000,3.790092468000000000000000000000000000000,2.500000000000000000000000000000000000000,34.000000000000000000000000000000000000000
235.873353900000000000000000000000000000000,29.986005790000000000000000000000000000000,31.439467810000000000000000000000000000000,302.951129300000000000000000000000000000000,319.977050800000000000000000000000000000000,3.599999905000000000000000000000000000000,96.900001530000000000000000000000000000000,1.012794705000000000000000000000000000000,3.790092468000000000000000000000000000000,2.500000000000000000000000000000000000000,35.000000000000000000000000000000000000000
236.872936600000000000000000000000000000000,29.985997960000000000000000000000000000000,31.439503900000000000000000000000000000000,302.907150900000000000000000000000000000000,319.933105500000000000000000000000000000000,3.619999886000000000000000000000000000000,102.900001500000000000000000000000000000000,1.016432407000000000000000000000000000000,3.790092468000000000000000000000000000000,2.500000000000000000000000000000000000000,33.000000000000000000000000000000000000000
237.873573500000000000000000000000000000000,29.985986210000000000000000000000000000000,31.439539150000000000000000000000000000000,302.812994700000000000000000000000000000000,319.838989300000000000000000000000000000000,3.660000086000000000000000000000000000000,109.199996900000000000000000000000000000000,1.020122458000000000000000000000000000000,3.790092468000000000000000000000000000000,2.500000000000000000000000000000000000000,35.000000000000000000000000000000000000000
238.873685800000000000000000000000000000000,29.985970730000000000000000000000000000000,31.439573040000000000000000000000000000000,302.729696500000000000000000000000000000000,319.755737300000000000000000000000000000000,3.710000038000000000000000000000000000000,115.800003100000000000000000000000000000000,1.023839720000000000000000000000000000000,3.790092468000000000000000000000000000000,2.500000000000000000000000000000000000000,34.000000000000000000000000000000000000000
239.873374800000000000000000000000000000000,29.985951400000000000000000000000000000000,31.439604530000000000000000000000000000000,302.753142800000000000000000000000000000000,319.779235800000000000000000000000000000000,3.700000048000000000000000000000000000000,123.300003100000000000000000000000000000000,1.027514577000000000000000000000000000000,3.790092468000000000000000000000000000000,2.500000000000000000000000000000000000000,31.000000000000000000000000000000000000000
240.873553600000000000000000000000000000000,29.985928320000000000000000000000000000000,31.439631840000000000000000000000000000000,302.624728800000000000000000000000000000000,319.650878900000000000000000000000000000000,3.680000067000000000000000000000000000000,131.500000000000000000000000000000000000000,1.031243100000000000000000000000000000000,9.935046196000000000000000000000000000000,2.500000000000000000000000000000000000000,31.000000000000000000000000000000000000000
241.873234700000000000000000000000000000000,29.985901660000000000000000000000000000000,31.439655320000000000000000000000000000000,302.577181600000000000000000000000000000000,319.603393600000000000000000000000000000000,3.680000067000000000000000000000000000000,140.000000000000000000000000000000000000000,1.035100389000000000000000000000000000000,9.935046196000000000000000000000000000000,2.500000000000000000000000000000000000000,30.000000000000000000000000000000000000000
242.873512900000000000000000000000000000000,29.985871880000000000000000000000000000000,31.439675860000000000000000000000000000000,302.513272700000000000000000000000000000000,319.539550800000000000000000000000000000000,3.710000038000000000000000000000000000000,146.399993900000000000000000000000000000000,1.038503994000000000000000000000000000000,9.935046196000000000000000000000000000000,2.500000000000000000000000000000000000000,29.000000000000000000000000000000000000000
243.873321200000000000000000000000000000000,29.985844440000000000000000000000000000000,31.439691520000000000000000000000000000000,302.412139200000000000000000000000000000000,319.438476600000000000000000000000000000000,3.240000010000000000000000000000000000000,150.199996900000000000000000000000000000000,1.041349761000000000000000000000000000000,9.935046196000000000000000000000000000000,2.500000000000000000000000000000000000000,29.000000000000000000000000000000000000000
244.873065400000000000000000000000000000000,29.985821030000000000000000000000000000000,31.439703460000000000000000000000000000000,302.324809000000000000000000000000000000000,319.351196300000000000000000000000000000000,2.720000029000000000000000000000000000000,152.500000000000000000000000000000000000000,1.043723186000000000000000000000000000000,9.935046196000000000000000000000000000000,2.500000000000000000000000000000000000000,29.000000000000000000000000000000000000000
245.873728000000000000000000000000000000000,29.985800420000000000000000000000000000000,31.439709870000000000000000000000000000000,302.271056300000000000000000000000000000000,319.297485400000000000000000000000000000000,2.400000095000000000000000000000000000000,151.899993900000000000000000000000000000000,1.046225430000000000000000000000000000000,10.091742520000000000000000000000000000000,2.500000000000000000000000000000000000000,29.000000000000000000000000000000000000000
246.873433400000000000000000000000000000000,29.985780220000000000000000000000000000000,31.439721320000000000000000000000000000000,302.259782200000000000000000000000000000000,319.286254900000000000000000000000000000000,2.390000105000000000000000000000000000000,151.600006100000000000000000000000000000000,1.049224247000000000000000000000000000000,10.086767200000000000000000000000000000000,2.500000000000000000000000000000000000000,29.000000000000000000000000000000000000000
247.873260400000000000000000000000000000000,29.985756850000000000000000000000000000000,31.439736860000000000000000000000000000000,302.409510900000000000000000000000000000000,319.436035200000000000000000000000000000000,2.759999990000000000000000000000000000000,149.300003100000000000000000000000000000000,1.052651411000000000000000000000000000000,9.935046196000000000000000000000000000000,2.500000000000000000000000000000000000000,30.000000000000000000000000000000000000000
248.873533600000000000000000000000000000000,29.985731080000000000000000000000000000000,31.439756380000000000000000000000000000000,302.271513300000000000000000000000000000000,319.298095700000000000000000000000000000000,3.259999990000000000000000000000000000000,146.699996900000000000000000000000000000000,1.056178724000000000000000000000000000000,9.935046196000000000000000000000000000000,2.500000000000000000000000000000000000000,22.000000000000000000000000000000000000000
249.873019900000000000000000000000000000000,29.985706010000000000000000000000000000000,31.439778820000000000000000000000000000000,302.081391500000000000000000000000000000000,319.108032200000000000000000000000000000000,3.579999924000000000000000000000000000000,141.600006100000000000000000000000000000000,1.059980682000000000000000000000000000000,9.935046196000000000000000000000000000000,2.500000000000000000000000000000000000000,24.000000000000000000000000000000000000000
250.873636200000000000000000000000000000000,29.985683020000000000000000000000000000000,31.439808040000000000000000000000000000000,301.851841400000000000000000000000000000000,318.878540000000000000000000000000000000000,3.829999924000000000000000000000000000000,131.100006100000000000000000000000000000000,1.063752199000000000000000000000000000000,9.935046196000000000000000000000000000000,2.500000000000000000000000000000000000000,30.000000000000000000000000000000000000000
251.873310100000000000000000000000000000000,29.985662140000000000000000000000000000000,31.439838900000000000000000000000000000000,301.705790500000000000000000000000000000000,318.732543900000000000000000000000000000000,3.880000114000000000000000000000000000000,124.099998500000000000000000000000000000000,1.067494398000000000000000000000000000000,9.935046196000000000000000000000000000000,2.735380173000000000000000000000000000000,31.000000000000000000000000000000000000000
252.872983200000000000000000000000000000000,29.985644360000000000000000000000000000000,31.439871890000000000000000000000000000000,301.507437200000000000000000000000000000000,318.534240700000000000000000000000000000000,3.839999914000000000000000000000000000000,120.500000000000000000000000000000000000000,1.071204576000000000000000000000000000000,9.935046196000000000000000000000000000000,2.510775805000000000000000000000000000000,31.000000000000000000000000000000000000000
253.873402200000000000000000000000000000000,29.985630050000000000000000000000000000000,31.439906690000000000000000000000000000000,301.397468400000000000000000000000000000000,318.424316400000000000000000000000000000000,3.750000000000000000000000000000000000000,115.199996900000000000000000000000000000000,1.074888301000000000000000000000000000000,9.935046196000000000000000000000000000000,2.500000000000000000000000000000000000000,31.000000000000000000000000000000000000000
254.873062100000000000000000000000000000000,29.985617850000000000000000000000000000000,31.439942250000000000000000000000000000000,301.140591500000000000000000000000000000000,318.167480500000000000000000000000000000000,3.720000029000000000000000000000000000000,111.599998500000000000000000000000000000000,1.078513950000000000000000000000000000000,9.935046196000000000000000000000000000000,2.500000000000000000000000000000000000000,32.000000000000000000000000000000000000000
255.873695200000000000000000000000000000000,29.985607050000000000000000000000000000000,31.439977770000000000000000000000000000000,301.145435900000000000000000000000000000000,318.172363300000000000000000000000000000000,3.700000048000000000000000000000000000000,108.699996900000000000000000000000000000000,1.082189025000000000000000000000000000000,3.790092468000000000000000000000000000000,2.500000000000000000000000000000000000000,33.000000000000000000000000000000000000000
256.873322800000000000000000000000000000000,29.985597940000000000000000000000000000000,31.440014450000000000000000000000000000000,301.014784900000000000000000000000000000000,318.041748000000000000000000000000000000000,3.759999990000000000000000000000000000000,106.300003100000000000000000000000000000000,1.085836291000000000000000000000000000000,3.790092468000000000000000000000000000000,2.500000000000000000000000000000000000000,34.000000000000000000000000000000000000000
257.873671000000000000000000000000000000000,29.985589920000000000000000000000000000000,31.440051170000000000000000000000000000000,301.068706300000000000000000000000000000000,318.095703100000000000000000000000000000000,3.670000076000000000000000000000000000000,103.599998500000000000000000000000000000000,1.089465681000000000000000000000000000000,3.790092468000000000000000000000000000000,2.500000000000000000000000000000000000000,33.000000000000000000000000000000000000000
258.873670200000000000000000000000000000000,29.985583510000000000000000000000000000000,31.440088120000000000000000000000000000000,300.962474200000000000000000000000000000000,317.989502000000000000000000000000000000000,3.670000076000000000000000000000000000000,100.800003100000000000000000000000000000000,1.093060338000000000000000000000000000000,3.790092468000000000000000000000000000000,2.500000000000000000000000000000000000000,34.000000000000000000000000000000000000000
259.873071600000000000000000000000000000000,29.985579200000000000000000000000000000000,31.440125110000000000000000000000000000000,300.947920900000000000000000000000000000000,317.974975600000000000000000000000000000000,3.579999924000000000000000000000000000000,97.000000000000000000000000000000000000000,1.096567090000000000000000000000000000000,3.790092468000000000000000000000000000000,2.500000000000000000000000000000000000000,35.000000000000000000000000000000000000000
260.872809100000000000000000000000000000000,29.985577910000000000000000000000000000000,31.440161490000000000000000000000000000000,301.203393100000000000000000000000000000000,318.230468800000000000000000000000000000000,3.509999990000000000000000000000000000000,92.000000000000000000000000000000000000000,1.100014088000000000000000000000000000000,3.790092468000000000000000000000000000000,2.500000000000000000000000000000000000000,36.000000000000000000000000000000000000000
261.872047900000000000000000000000000000000,29.985579180000000000000000000000000000000,31.440197250000000000000000000000000000000,301.230171600000000000000000000000000000000,318.257263200000000000000000000000000000000,3.460000038000000000000000000000000000000,87.699996950000000000000000000000000000000,1.103312094000000000000000000000000000000,3.790092468000000000000000000000000000000,2.500000000000000000000000000000000000000,36.000000000000000000000000000000000000000
262.872690000000000000000000000000000000000,29.985582560000000000000000000000000000000,31.440231270000000000000000000000000000000,301.151852400000000000000000000000000000000,318.178955100000000000000000000000000000000,3.269999981000000000000000000000000000000,84.400001530000000000000000000000000000000,1.106334301000000000000000000000000000000,3.790092468000000000000000000000000000000,2.500000000000000000000000000000000000000,36.000000000000000000000000000000000000000
263.872553700000000000000000000000000000000,29.985587390000000000000000000000000000000,31.440262150000000000000000000000000000000,301.088857400000000000000000000000000000000,318.115966800000000000000000000000000000000,3.009999990000000000000000000000000000000,80.500000000000000000000000000000000000000,1.109428381000000000000000000000000000000,3.790092468000000000000000000000000000000,2.500000000000000000000000000000000000000,34.000000000000000000000000000000000000000
264.872716100000000000000000000000000000000,29.985594880000000000000000000000000000000,31.440293090000000000000000000000000000000,301.145984500000000000000000000000000000000,318.173095700000000000000000000000000000000,3.109999895000000000000000000000000000000,75.800003050000000000000000000000000000000,1.112771016000000000000000000000000000000,3.790092468000000000000000000000000000000,2.500000000000000000000000000000000000000,34.000000000000000000000000000000000000000
265.871872500000000000000000000000000000000,29.985604110000000000000000000000000000000,31.440326120000000000000000000000000000000,301.315662600000000000000000000000000000000,318.342773400000000000000000000000000000000,3.299999952000000000000000000000000000000,71.199996950000000000000000000000000000000,1.116125517000000000000000000000000000000,3.790092468000000000000000000000000000000,2.500000000000000000000000000000000000000,32.000000000000000000000000000000000000000
266.872000000000000000000000000000000000000,29.985615940000000000000000000000000000000,31.440358160000000000000000000000000000000,301.818109700000000000000000000000000000000,318.845214800000000000000000000000000000000,3.309999943000000000000000000000000000000,67.800003050000000000000000000000000000000,1.119594771000000000000000000000000000000,3.790092468000000000000000000000000000000,2.500000000000000000000000000000000000000,34.000000000000000000000000000000000000000
267.872716200000000000000000000000000000000,29.985630130000000000000000000000000000000,31.440390240000000000000000000000000000000,301.710698000000000000000000000000000000000,318.737793000000000000000000000000000000000,3.420000076000000000000000000000000000000,64.599998470000000000000000000000000000000,1.123003438000000000000000000000000000000,3.790092468000000000000000000000000000000,2.500000000000000000000000000000000000000,35.000000000000000000000000000000000000000
268.872304600000000000000000000000000000000,29.985647690000000000000000000000000000000,31.440419250000000000000000000000000000000,301.572776500000000000000000000000000000000,318.599853500000000000000000000000000000000,3.259999990000000000000000000000000000000,58.799999240000000000000000000000000000000,1.126213205000000000000000000000000000000,3.790092468000000000000000000000000000000,2.500000000000000000000000000000000000000,33.000000000000000000000000000000000000000
269.872595900000000000000000000000000000000,29.985665240000000000000000000000000000000,31.440445710000000000000000000000000000000,301.706340700000000000000000000000000000000,318.733398400000000000000000000000000000000,3.099999905000000000000000000000000000000,54.799999240000000000000000000000000000000,1.129411781000000000000000000000000000000,3.790092468000000000000000000000000000000,2.500000000000000000000000000000000000000,32.000000000000000000000000000000000000000
270.872307900000000000000000000000000000000,29.985685150000000000000000000000000000000,31.440469680000000000000000000000000000000,301.579473600000000000000000000000000000000,318.606506300000000000000000000000000000000,3.190000057000000000000000000000000000000,49.700000760000000000000000000000000000000,1.132735706000000000000000000000000000000,3.790092468000000000000000000000000000000,2.500000000000000000000000000000000000000,31.000000000000000000000000000000000000000
271.872736900000000000000000000000000000000,29.985707010000000000000000000000000000000,31.440493220000000000000000000000000000000,301.184482900000000000000000000000000000000,318.211486800000000000000000000000000000000,3.279999971000000000000000000000000000000,44.200000760000000000000000000000000000000,1.136119206000000000000000000000000000000,3.790092468000000000000000000000000000000,2.500000000000000000000000000000000000000,32.000000000000000000000000000000000000000
272.872398700000000000000000000000000000000,29.985730130000000000000000000000000000000,31.440516060000000000000000000000000000000,301.335881600000000000000000000000000000000,318.362854000000000000000000000000000000000,3.359999895000000000000000000000000000000,41.900001530000000000000000000000000000000,1.139536648000000000000000000000000000000,3.790092468000000000000000000000000000000,2.500000000000000000000000000000000000000,30.000000000000000000000000000000000000000
273.871985800000000000000000000000000000000,29.985754500000000000000000000000000000000,31.440537680000000000000000000000000000000,301.354776000000000000000000000000000000000,318.381713900000000000000000000000000000000,3.400000095000000000000000000000000000000,38.299999240000000000000000000000000000000,1.142991788000000000000000000000000000000,3.790092468000000000000000000000000000000,2.500000000000000000000000000000000000000,25.000000000000000000000000000000000000000
274.871899600000000000000000000000000000000,29.985780480000000000000000000000000000000,31.440557360000000000000000000000000000000,301.248857400000000000000000000000000000000,318.275756800000000000000000000000000000000,3.440000057000000000000000000000000000000,34.700000760000000000000000000000000000000,1.146538400000000000000000000000000000000,3.790092468000000000000000000000000000000,2.500000000000000000000000000000000000000,28.000000000000000000000000000000000000000
275.872625200000000000000000000000000000000,29.985809500000000000000000000000000000000,31.440572640000000000000000000000000000000,301.094973200000000000000000000000000000000,318.121826200000000000000000000000000000000,3.490000010000000000000000000000000000000,31.299999240000000000000000000000000000000,1.150029317000000000000000000000000000000,3.919624090000000000000000000000000000000,2.500000000000000000000000000000000000000,25.000000000000000000000000000000000000000
276.872400900000000000000000000000000000000,29.985836670000000000000000000000000000000,31.440590800000000000000000000000000000000,301.142927300000000000000000000000000000000,318.169738800000000000000000000000000000000,3.500000000000000000000000000000000000000,30.100000380000000000000000000000000000000,1.153284427000000000000000000000000000000,3.917735815000000000000000000000000000000,2.500000000000000000000000000000000000000,31.000000000000000000000000000000000000000
277.872124000000000000000000000000000000000,29.985862630000000000000000000000000000000,31.440606420000000000000000000000000000000,301.182945800000000000000000000000000000000,318.209716800000000000000000000000000000000,3.279999971000000000000000000000000000000,30.100000380000000000000000000000000000000,1.155735054000000000000000000000000000000,3.790092468000000000000000000000000000000,2.500000000000000000000000000000000000000,31.000000000000000000000000000000000000000
278.872430500000000000000000000000000000000,29.985880680000000000000000000000000000000,31.440621020000000000000000000000000000000,301.363636100000000000000000000000000000000,318.390380900000000000000000000000000000000,2.480000019000000000000000000000000000000,33.099998470000000000000000000000000000000,1.158375702000000000000000000000000000000,3.790092468000000000000000000000000000000,2.500000000000000000000000000000000000000,24.000000000000000000000000000000000000000
279.872782500000000000000000000000000000000,29.985899940000000000000000000000000000000,31.440637060000000000000000000000000000000,301.389054600000000000000000000000000000000,318.415771500000000000000000000000000000000,2.700000048000000000000000000000000000000,36.299999240000000000000000000000000000000,1.161883584000000000000000000000000000000,3.790092468000000000000000000000000000000,2.500000000000000000000000000000000000000,28.000000000000000000000000000000000000000
280.872107800000000000000000000000000000000,29.985923880000000000000000000000000000000,31.440660780000000000000000000000000000000,302.556689700000000000000000000000000000000,319.583374000000000000000000000000000000000,3.069999933000000000000000000000000000000,38.299999240000000000000000000000000000000,1.165158826000000000000000000000000000000,3.790092468000000000000000000000000000000,2.500000000000000000000000000000000000000,29.000000000000000000000000000000000000000
281.872223000000000000000000000000000000000,29.985946680000000000000000000000000000000,31.440682310000000000000000000000000000000,303.604084600000000000000000000000000000000,320.630737300000000000000000000000000000000,3.250000000000000000000000000000000000000,42.299999240000000000000000000000000000000,1.168283224000000000000000000000000000000,3.790092468000000000000000000000000000000,2.500000000000000000000000000000000000000,33.000000000000000000000000000000000000000
282.872730700000000000000000000000000000000,29.985967590000000000000000000000000000000,31.440703980000000000000000000000000000000,303.117784500000000000000000000000000000000,320.144409200000000000000000000000000000000,3.099999905000000000000000000000000000000,42.599998470000000000000000000000000000000,1.171553287000000000000000000000000000000,3.790092468000000000000000000000000000000,2.500000000000000000000000000000000000000,33.000000000000000000000000000000000000000
283.872380200000000000000000000000000000000,29.985986410000000000000000000000000000000,31.440730070000000000000000000000000000000,303.540413700000000000000000000000000000000,320.567016600000000000000000000000000000000,3.240000010000000000000000000000000000000,51.599998470000000000000000000000000000000,1.174858101000000000000000000000000000000,3.790092468000000000000000000000000000000,2.500000000000000000000000000000000000000,33.000000000000000000000000000000000000000
284.871939300000000000000000000000000000000,29.986000680000000000000000000000000000000,31.440760170000000000000000000000000000000,303.496723800000000000000000000000000000000,320.523315400000000000000000000000000000000,3.230000019000000000000000000000000000000,62.599998470000000000000000000000000000000,1.178193120000000000000000000000000000000,3.790092468000000000000000000000000000000,2.500000000000000000000000000000000000000,35.000000000000000000000000000000000000000
285.872623200000000000000000000000000000000,29.986010960000000000000000000000000000000,31.440792700000000000000000000000000000000,303.388328000000000000000000000000000000000,320.414917000000000000000000000000000000000,3.329999924000000000000000000000000000000,71.300003050000000000000000000000000000000,1.181665961000000000000000000000000000000,3.790092468000000000000000000000000000000,2.500000000000000000000000000000000000000,36.000000000000000000000000000000000000000
286.872124400000000000000000000000000000000,29.986016720000000000000000000000000000000,31.440828140000000000000000000000000000000,303.428725900000000000000000000000000000000,320.455322300000000000000000000000000000000,3.430000067000000000000000000000000000000,80.500000000000000000000000000000000000000,1.185289598000000000000000000000000000000,3.790092468000000000000000000000000000000,2.500000000000000000000000000000000000000,37.000000000000000000000000000000000000000
287.872625500000000000000000000000000000000,29.986017210000000000000000000000000000000,31.440865760000000000000000000000000000000,303.370724200000000000000000000000000000000,320.397338900000000000000000000000000000000,3.650000095000000000000000000000000000000,89.300003050000000000000000000000000000000,1.188984915000000000000000000000000000000,3.790092468000000000000000000000000000000,2.500000000000000000000000000000000000000,39.000000000000000000000000000000000000000
288.872305300000000000000000000000000000000,29.986014600000000000000000000000000000000,31.440904010000000000000000000000000000000,303.283358500000000000000000000000000000000,320.309997600000000000000000000000000000000,3.660000086000000000000000000000000000000,92.900001530000000000000000000000000000000,1.192701132000000000000000000000000000000,3.790092468000000000000000000000000000000,2.500000000000000000000000000000000000000,39.000000000000000000000000000000000000000
289.872710900000000000000000000000000000000,29.986012250000000000000000000000000000000,31.440942500000000000000000000000000000000,303.139596600000000000000000000000000000000,320.166259800000000000000000000000000000000,3.690000057000000000000000000000000000000,92.500000000000000000000000000000000000000,1.196374550000000000000000000000000000000,3.790092468000000000000000000000000000000,2.500000000000000000000000000000000000000,39.000000000000000000000000000000000000000
290.872438200000000000000000000000000000000,29.986010540000000000000000000000000000000,31.440980590000000000000000000000000000000,303.077073900000000000000000000000000000000,320.103759800000000000000000000000000000000,3.670000076000000000000000000000000000000,92.199996950000000000000000000000000000000,1.200049341000000000000000000000000000000,3.790092468000000000000000000000000000000,2.500000000000000000000000000000000000000,39.000000000000000000000000000000000000000
291.871935500000000000000000000000000000000,29.986008760000000000000000000000000000000,31.441018690000000000000000000000000000000,303.050867100000000000000000000000000000000,320.077575700000000000000000000000000000000,3.700000048000000000000000000000000000000,92.300003050000000000000000000000000000000,1.203680485000000000000000000000000000000,3.790092468000000000000000000000000000000,2.500000000000000000000000000000000000000,39.000000000000000000000000000000000000000
292.871880600000000000000000000000000000000,29.986006740000000000000000000000000000000,31.441056320000000000000000000000000000000,302.816041800000000000000000000000000000000,319.842773400000000000000000000000000000000,3.670000076000000000000000000000000000000,93.000000000000000000000000000000000000000,1.207249230000000000000000000000000000000,3.790092468000000000000000000000000000000,2.500000000000000000000000000000000000000,38.000000000000000000000000000000000000000
293.872096700000000000000000000000000000000,29.986004850000000000000000000000000000000,31.441093310000000000000000000000000000000,302.729349400000000000000000000000000000000,319.756103500000000000000000000000000000000,3.599999905000000000000000000000000000000,92.599998470000000000000000000000000000000,1.210727772000000000000000000000000000000,3.790092468000000000000000000000000000000,2.500000000000000000000000000000000000000,33.000000000000000000000000000000000000000
294.872771400000000000000000000000000000000,29.986003870000000000000000000000000000000,31.441129410000000000000000000000000000000,302.589436600000000000000000000000000000000,319.616210900000000000000000000000000000000,3.599999905000000000000000000000000000000,91.199996950000000000000000000000000000000,1.214270835000000000000000000000000000000,3.790092468000000000000000000000000000000,2.500000000000000000000000000000000000000,33.000000000000000000000000000000000000000
295.872126000000000000000000000000000000000,29.986003220000000000000000000000000000000,31.441166190000000000000000000000000000000,302.511413600000000000000000000000000000000,319.538208000000000000000000000000000000000,3.630000114000000000000000000000000000000,89.900001530000000000000000000000000000000,1.217863076000000000000000000000000000000,3.790092468000000000000000000000000000000,2.500000000000000000000000000000000000000,31.000000000000000000000000000000000000000
296.872619300000000000000000000000000000000,29.986003900000000000000000000000000000000,31.441203480000000000000000000000000000000,302.367841200000000000000000000000000000000,319.394653300000000000000000000000000000000,3.650000095000000000000000000000000000000,89.199996950000000000000000000000000000000,1.221363724000000000000000000000000000000,3.790092468000000000000000000000000000000,2.545588017000000000000000000000000000000,30.000000000000000000000000000000000000000
297.871962900000000000000000000000000000000,29.986004870000000000000000000000000000000,31.441239810000000000000000000000000000000,302.271999200000000000000000000000000000000,319.298828100000000000000000000000000000000,3.500000000000000000000000000000000000000,89.199996950000000000000000000000000000000,1.224499019000000000000000000000000000000,3.790092468000000000000000000000000000000,2.700746536000000000000000000000000000000,30.000000000000000000000000000000000000000
298.872333200000000000000000000000000000000,29.986005300000000000000000000000000000000,31.441272360000000000000000000000000000000,302.261180100000000000000000000000000000000,319.288024900000000000000000000000000000000,3.130000114000000000000000000000000000000,88.699996950000000000000000000000000000000,1.227386836000000000000000000000000000000,3.790092468000000000000000000000000000000,2.715426207000000000000000000000000000000,30.000000000000000000000000000000000000000
299.872094100000000000000000000000000000000,29.986006100000000000000000000000000000000,31.441302330000000000000000000000000000000,302.260617000000000000000000000000000000000,319.287475600000000000000000000000000000000,2.900000095000000000000000000000000000000,88.199996950000000000000000000000000000000,1.230242027000000000000000000000000000000,3.790092468000000000000000000000000000000,2.916769266000000000000000000000000000000,30.000000000000000000000000000000000000000
300.871994500000000000000000000000000000000,29.986004530000000000000000000000000000000,31.441331920000000000000000000000000000000,302.288675100000000000000000000000000000000,319.315551800000000000000000000000000000000,2.930000067000000000000000000000000000000,92.800003050000000000000000000000000000000,1.233223809000000000000000000000000000000,3.790092468000000000000000000000000000000,2.703108549000000000000000000000000000000,30.000000000000000000000000000000000000000
301.871975300000000000000000000000000000000,29.986001130000000000000000000000000000000,31.441362630000000000000000000000000000000,302.149126700000000000000000000000000000000,319.176025400000000000000000000000000000000,3.140000105000000000000000000000000000000,96.000000000000000000000000000000000000000,1.236517095000000000000000000000000000000,3.790092468000000000000000000000000000000,2.886249065000000000000000000000000000000,27.000000000000000000000000000000000000000
302.871932500000000000000000000000000000000,29.985997820000000000000000000000000000000,31.441396610000000000000000000000000000000,301.993707600000000000000000000000000000000,319.020629900000000000000000000000000000000,3.420000076000000000000000000000000000000,94.900001530000000000000000000000000000000,1.240035030000000000000000000000000000000,3.790092468000000000000000000000000000000,3.049222708000000000000000000000000000000,26.000000000000000000000000000000000000000
303.872128800000000000000000000000000000000,29.985996220000000000000000000000000000000,31.441433090000000000000000000000000000000,301.987094200000000000000000000000000000000,319.014038100000000000000000000000000000000,3.589999914000000000000000000000000000000,91.599998470000000000000000000000000000000,1.243629365000000000000000000000000000000,3.790092468000000000000000000000000000000,3.269400358000000000000000000000000000000,27.000000000000000000000000000000000000000
304.872450900000000000000000000000000000000,29.985996200000000000000000000000000000000,31.441470410000000000000000000000000000000,301.875624900000000000000000000000000000000,318.902587900000000000000000000000000000000,3.630000114000000000000000000000000000000,90.400001530000000000000000000000000000000,1.247265189000000000000000000000000000000,3.790092468000000000000000000000000000000,3.399612427000000000000000000000000000000,29.000000000000000000000000000000000000000
305.872304600000000000000000000000000000000,29.985995990000000000000000000000000000000,31.441508160000000000000000000000000000000,301.792353300000000000000000000000000000000,318.819335900000000000000000000000000000000,3.670000076000000000000000000000000000000,89.699996950000000000000000000000000000000,1.250842492000000000000000000000000000000,3.790092468000000000000000000000000000000,3.225591421000000000000000000000000000000,29.000000000000000000000000000000000000000
306.871970900000000000000000000000000000000,29.985996410000000000000000000000000000000,31.441545300000000000000000000000000000000,301.825904400000000000000000000000000000000,318.852905300000000000000000000000000000000,3.640000105000000000000000000000000000000,88.800003050000000000000000000000000000000,1.254367539000000000000000000000000000000,3.790092468000000000000000000000000000000,2.671065807000000000000000000000000000000,30.000000000000000000000000000000000000000
307.871901100000000000000000000000000000000,29.985996590000000000000000000000000000000,31.441581900000000000000000000000000000000,301.830524700000000000000000000000000000000,318.857543900000000000000000000000000000000,3.640000105000000000000000000000000000000,89.699996950000000000000000000000000000000,1.257857491000000000000000000000000000000,3.790092468000000000000000000000000000000,2.769050360000000000000000000000000000000,30.000000000000000000000000000000000000000
308.872121500000000000000000000000000000000,29.985996010000000000000000000000000000000,31.441618130000000000000000000000000000000,301.949096400000000000000000000000000000000,318.976135300000000000000000000000000000000,3.609999895000000000000000000000000000000,90.099998470000000000000000000000000000000,1.261310970000000000000000000000000000000,3.790092468000000000000000000000000000000,2.744854927000000000000000000000000000000,30.000000000000000000000000000000000000000
309.872578700000000000000000000000000000000,29.985995040000000000000000000000000000000,31.441653970000000000000000000000000000000,302.008158300000000000000000000000000000000,319.035217300000000000000000000000000000000,3.579999924000000000000000000000000000000,90.400001530000000000000000000000000000000,1.264768723000000000000000000000000000000,3.790092468000000000000000000000000000000,2.500000000000000000000000000000000000000,27.000000000000000000000000000000000000000
310.872460100000000000000000000000000000000,29.985993730000000000000000000000000000000,31.441689840000000000000000000000000000000,302.061421200000000000000000000000000000000,319.088501000000000000000000000000000000000,3.549999952000000000000000000000000000000,90.800003050000000000000000000000000000000,1.268243052000000000000000000000000000000,3.790092468000000000000000000000000000000,2.500000000000000000000000000000000000000,16.000000000000000000000000000000000000000
311.872718800000000000000000000000000000000,29.985992860000000000000000000000000000000,31.441725900000000000000000000000000000000,302.022277600000000000000000000000000000000,319.049377400000000000000000000000000000000,3.519999981000000000000000000000000000000,91.099998470000000000000000000000000000000,1.271824073000000000000000000000000000000,3.790092468000000000000000000000000000000,2.500000000000000000000000000000000000000,16.000000000000000000000000000000000000000
312.872663200000000000000000000000000000000,29.985992050000000000000000000000000000000,31.441763070000000000000000000000000000000,302.170145300000000000000000000000000000000,319.197265600000000000000000000000000000000,3.579999924000000000000000000000000000000,90.900001530000000000000000000000000000000,1.275461144000000000000000000000000000000,3.790092468000000000000000000000000000000,2.500000000000000000000000000000000000000,15.000000000000000000000000000000000000000
313.872229900000000000000000000000000000000,29.985991590000000000000000000000000000000,31.441800830000000000000000000000000000000,302.067464000000000000000000000000000000000,319.094604500000000000000000000000000000000,3.579999924000000000000000000000000000000,90.699996950000000000000000000000000000000,1.278774836000000000000000000000000000000,3.790092468000000000000000000000000000000,2.500000000000000000000000000000000000000,14.000000000000000000000000000000000000000
314.872510500000000000000000000000000000000,29.985991030000000000000000000000000000000,31.441835230000000000000000000000000000000,302.012513700000000000000000000000000000000,319.039672900000000000000000000000000000000,3.259999990000000000000000000000000000000,90.599998470000000000000000000000000000000,1.281708705000000000000000000000000000000,3.790092468000000000000000000000000000000,2.500000000000000000000000000000000000000,14.000000000000000000000000000000000000000
315.872344600000000000000000000000000000000,29.985990700000000000000000000000000000000,31.441865690000000000000000000000000000000,301.947556100000000000000000000000000000000,318.974731400000000000000000000000000000000,2.930000067000000000000000000000000000000,90.699996950000000000000000000000000000000,1.284528835000000000000000000000000000000,3.790092468000000000000000000000000000000,2.500000000000000000000000000000000000000,14.000000000000000000000000000000000000000
316.872774300000000000000000000000000000000,29.985991670000000000000000000000000000000,31.441894950000000000000000000000000000000,301.928133800000000000000000000000000000000,318.955322300000000000000000000000000000000,2.880000114000000000000000000000000000000,87.599998470000000000000000000000000000000,1.287612521000000000000000000000000000000,3.790092468000000000000000000000000000000,2.500000000000000000000000000000000000000,12.000000000000000000000000000000000000000
317.872127200000000000000000000000000000000,29.985998010000000000000000000000000000000,31.441926120000000000000000000000000000000,301.913420300000000000000000000000000000000,318.940612800000000000000000000000000000000,2.950000048000000000000000000000000000000,78.599998470000000000000000000000000000000,1.290627200000000000000000000000000000000,3.790092468000000000000000000000000000000,2.500000000000000000000000000000000000000,12.000000000000000000000000000000000000000
318.872125500000000000000000000000000000000,29.986009830000000000000000000000000000000,31.441954290000000000000000000000000000000,302.296667700000000000000000000000000000000,319.323852500000000000000000000000000000000,2.940000057000000000000000000000000000000,66.800003050000000000000000000000000000000,1.293586661000000000000000000000000000000,3.790092468000000000000000000000000000000,2.500000000000000000000000000000000000000,13.000000000000000000000000000000000000000
319.871965700000000000000000000000000000000,29.986027450000000000000000000000000000000,31.441977320000000000000000000000000000000,302.161434900000000000000000000000000000000,319.188598600000000000000000000000000000000,2.730000019000000000000000000000000000000,51.599998470000000000000000000000000000000,1.296551889000000000000000000000000000000,3.790092468000000000000000000000000000000,2.500000000000000000000000000000000000000,13.000000000000000000000000000000000000000
320.872012400000000000000000000000000000000,29.986045060000000000000000000000000000000,31.442000440000000000000000000000000000000,302.333270000000000000000000000000000000000,319.360412600000000000000000000000000000000,2.799999952000000000000000000000000000000,51.900001530000000000000000000000000000000,1.299427339000000000000000000000000000000,3.790092468000000000000000000000000000000,2.500000000000000000000000000000000000000,14.000000000000000000000000000000000000000
321.872017500000000000000000000000000000000,29.986064430000000000000000000000000000000,31.442020220000000000000000000000000000000,302.487898100000000000000000000000000000000,319.515014600000000000000000000000000000000,2.819999933000000000000000000000000000000,43.700000760000000000000000000000000000000,1.302359522000000000000000000000000000000,3.790092468000000000000000000000000000000,2.500000000000000000000000000000000000000,15.000000000000000000000000000000000000000
322.872029400000000000000000000000000000000,29.986086410000000000000000000000000000000,31.442037040000000000000000000000000000000,302.237076100000000000000000000000000000000,319.264160200000000000000000000000000000000,2.950000048000000000000000000000000000000,33.200000760000000000000000000000000000000,1.305757851000000000000000000000000000000,3.790092468000000000000000000000000000000,2.500000000000000000000000000000000000000,17.000000000000000000000000000000000000000
323.872453200000000000000000000000000000000,29.986111260000000000000000000000000000000,31.442057580000000000000000000000000000000,302.366018300000000000000000000000000000000,319.393066400000000000000000000000000000000,3.279999971000000000000000000000000000000,33.500000000000000000000000000000000000000,1.309250230000000000000000000000000000000,3.790092468000000000000000000000000000000,2.500000000000000000000000000000000000000,24.000000000000000000000000000000000000000
324.872519100000000000000000000000000000000,29.986138190000000000000000000000000000000,31.442076240000000000000000000000000000000,302.579560000000000000000000000000000000000,319.606567400000000000000000000000000000000,3.390000105000000000000000000000000000000,29.899999620000000000000000000000000000000,1.312700009000000000000000000000000000000,3.790092468000000000000000000000000000000,2.500000000000000000000000000000000000000,25.000000000000000000000000000000000000000
325.871860200000000000000000000000000000000,29.986165650000000000000000000000000000000,31.442092910000000000000000000000000000000,302.686048100000000000000000000000000000000,319.713012700000000000000000000000000000000,3.380000114000000000000000000000000000000,25.200000760000000000000000000000000000000,1.315914946000000000000000000000000000000,3.790092468000000000000000000000000000000,2.500000000000000000000000000000000000000,28.000000000000000000000000000000000000000
326.872410300000000000000000000000000000000,29.986192840000000000000000000000000000000,31.442104260000000000000000000000000000000,303.207638500000000000000000000000000000000,320.234558100000000000000000000000000000000,3.099999905000000000000000000000000000000,20.399999620000000000000000000000000000000,1.319211792000000000000000000000000000000,3.790092468000000000000000000000000000000,2.500000000000000000000000000000000000000,30.000000000000000000000000000000000000000
327.871922200000000000000000000000000000000,29.986221420000000000000000000000000000000,31.442113370000000000000000000000000000000,302.945236100000000000000000000000000000000,319.972106900000000000000000000000000000000,3.319999933000000000000000000000000000000,16.700000760000000000000000000000000000000,1.322517495000000000000000000000000000000,3.790092468000000000000000000000000000000,2.500000000000000000000000000000000000000,30.000000000000000000000000000000000000000
328.872102800000000000000000000000000000000,29.986250480000000000000000000000000000000,31.442120610000000000000000000000000000000,302.718296900000000000000000000000000000000,319.745117200000000000000000000000000000000,3.259999990000000000000000000000000000000,13.199999810000000000000000000000000000000,1.325834922000000000000000000000000000000,3.790092468000000000000000000000000000000,2.500000000000000000000000000000000000000,31.000000000000000000000000000000000000000
329.872103200000000000000000000000000000000,29.986279670000000000000000000000000000000,31.442127730000000000000000000000000000000,302.501550900000000000000000000000000000000,319.528320300000000000000000000000000000000,3.299999952000000000000000000000000000000,12.100000380000000000000000000000000000000,1.329188834000000000000000000000000000000,3.790092468000000000000000000000000000000,2.500000000000000000000000000000000000000,33.000000000000000000000000000000000000000
330.872252500000000000000000000000000000000,29.986309040000000000000000000000000000000,31.442135660000000000000000000000000000000,302.579177400000000000000000000000000000000,319.605896000000000000000000000000000000000,3.319999933000000000000000000000000000000,13.399999620000000000000000000000000000000,1.332568334000000000000000000000000000000,3.790092468000000000000000000000000000000,2.500000000000000000000000000000000000000,33.000000000000000000000000000000000000000
331.871878300000000000000000000000000000000,29.986338510000000000000000000000000000000,31.442144240000000000000000000000000000000,302.593327200000000000000000000000000000000,319.619995100000000000000000000000000000000,3.329999924000000000000000000000000000000,15.500000000000000000000000000000000000000,1.335926126000000000000000000000000000000,3.790092468000000000000000000000000000000,2.500000000000000000000000000000000000000,32.000000000000000000000000000000000000000
332.872108200000000000000000000000000000000,29.986367540000000000000000000000000000000,31.442153840000000000000000000000000000000,302.656792000000000000000000000000000000000,319.683410600000000000000000000000000000000,3.339999914000000000000000000000000000000,18.200000760000000000000000000000000000000,1.339455638000000000000000000000000000000,3.790092468000000000000000000000000000000,2.500000000000000000000000000000000000000,32.000000000000000000000000000000000000000
333.872282000000000000000000000000000000000,29.986397070000000000000000000000000000000,31.442167280000000000000000000000000000000,302.530924800000000000000000000000000000000,319.557495100000000000000000000000000000000,3.369999886000000000000000000000000000000,20.399999620000000000000000000000000000000,1.342909307000000000000000000000000000000,3.790092468000000000000000000000000000000,2.500000000000000000000000000000000000000,29.000000000000000000000000000000000000000
334.872738400000000000000000000000000000000,29.986425650000000000000000000000000000000,31.442181320000000000000000000000000000000,302.478847000000000000000000000000000000000,319.505371100000000000000000000000000000000,3.319999933000000000000000000000000000000,24.299999240000000000000000000000000000000,1.346332552000000000000000000000000000000,3.790092468000000000000000000000000000000,2.500000000000000000000000000000000000000,31.000000000000000000000000000000000000000
335.871824300000000000000000000000000000000,29.986453660000000000000000000000000000000,31.442196070000000000000000000000000000000,302.380747300000000000000000000000000000000,319.407226600000000000000000000000000000000,3.309999943000000000000000000000000000000,27.000000000000000000000000000000000000000,1.349691538000000000000000000000000000000,3.790092468000000000000000000000000000000,2.500000000000000000000000000000000000000,33.000000000000000000000000000000000000000
336.872384400000000000000000000000000000000,29.986479860000000000000000000000000000000,31.442213430000000000000000000000000000000,302.360767800000000000000000000000000000000,319.387207000000000000000000000000000000000,3.339999914000000000000000000000000000000,30.899999620000000000000000000000000000000,1.352772139000000000000000000000000000000,3.790092468000000000000000000000000000000,2.500000000000000000000000000000000000000,33.000000000000000000000000000000000000000
337.872493000000000000000000000000000000000,29.986502720000000000000000000000000000000,31.442231500000000000000000000000000000000,302.191794900000000000000000000000000000000,319.218200700000000000000000000000000000000,3.289999962000000000000000000000000000000,33.500000000000000000000000000000000000000,1.356078224000000000000000000000000000000,3.790092468000000000000000000000000000000,2.500000000000000000000000000000000000000,35.000000000000000000000000000000000000000
338.871915600000000000000000000000000000000,29.986526510000000000000000000000000000000,31.442252090000000000000000000000000000000,302.324092000000000000000000000000000000000,319.350463900000000000000000000000000000000,3.319999933000000000000000000000000000000,36.500000000000000000000000000000000000000,1.359227643000000000000000000000000000000,3.790092468000000000000000000000000000000,2.500000000000000000000000000000000000000,34.000000000000000000000000000000000000000
339.872120900000000000000000000000000000000,29.986548660000000000000000000000000000000,31.442272470000000000000000000000000000000,302.501979400000000000000000000000000000000,319.528320300000000000000000000000000000000,3.259999990000000000000000000000000000000,39.400001530000000000000000000000000000000,1.362483046000000000000000000000000000000,3.790092468000000000000000000000000000000,2.500000000000000000000000000000000000000,34.000000000000000000000000000000000000000
340.872339200000000000000000000000000000000,29.986571350000000000000000000000000000000,31.442293830000000000000000000000000000000,302.401424900000000000000000000000000000000,319.427734400000000000000000000000000000000,3.259999990000000000000000000000000000000,41.099998470000000000000000000000000000000,1.365871309000000000000000000000000000000,3.790092468000000000000000000000000000000,2.500000000000000000000000000000000000000,31.000000000000000000000000000000000000000
341.872754200000000000000000000000000000000,29.986594370000000000000000000000000000000,31.442316880000000000000000000000000000000,302.351224200000000000000000000000000000000,319.377502400000000000000000000000000000000,3.269999981000000000000000000000000000000,42.700000760000000000000000000000000000000,1.369274500000000000000000000000000000000,3.790092468000000000000000000000000000000,2.500000000000000000000000000000000000000,30.000000000000000000000000000000000000000
342.871855500000000000000000000000000000000,29.986617000000000000000000000000000000000,31.442340670000000000000000000000000000000,302.277829000000000000000000000000000000000,319.304077100000000000000000000000000000000,3.289999962000000000000000000000000000000,44.700000760000000000000000000000000000000,1.372678002000000000000000000000000000000,3.790092468000000000000000000000000000000,2.500000000000000000000000000000000000000,27.000000000000000000000000000000000000000
343.872621000000000000000000000000000000000,29.986639240000000000000000000000000000000,31.442364950000000000000000000000000000000,302.264186300000000000000000000000000000000,319.290405300000000000000000000000000000000,3.289999962000000000000000000000000000000,44.700000760000000000000000000000000000000,1.376044076000000000000000000000000000000,3.790092468000000000000000000000000000000,2.500000000000000000000000000000000000000,20.000000000000000000000000000000000000000
344.872111700000000000000000000000000000000,29.986661360000000000000000000000000000000,31.442388810000000000000000000000000000000,302.242853100000000000000000000000000000000,319.269043000000000000000000000000000000000,3.269999981000000000000000000000000000000,45.099998470000000000000000000000000000000,1.379406788000000000000000000000000000000,3.790092468000000000000000000000000000000,2.500000000000000000000000000000000000000,18.000000000000000000000000000000000000000
345.872113500000000000000000000000000000000,29.986683750000000000000000000000000000000,31.442412280000000000000000000000000000000,302.126305800000000000000000000000000000000,319.152465800000000000000000000000000000000,3.250000000000000000000000000000000000000,45.099998470000000000000000000000000000000,1.382622198000000000000000000000000000000,3.790092468000000000000000000000000000000,2.500000000000000000000000000000000000000,17.000000000000000000000000000000000000000
346.872533400000000000000000000000000000000,29.986704930000000000000000000000000000000,31.442435010000000000000000000000000000000,302.049185300000000000000000000000000000000,319.075317400000000000000000000000000000000,3.180000067000000000000000000000000000000,44.900001530000000000000000000000000000000,1.385785901000000000000000000000000000000,3.790092468000000000000000000000000000000,2.500000000000000000000000000000000000000,17.000000000000000000000000000000000000000
347.871893500000000000000000000000000000000,29.986725320000000000000000000000000000000,31.442457920000000000000000000000000000000,301.894670700000000000000000000000000000000,318.920776400000000000000000000000000000000,3.180000067000000000000000000000000000000,45.299999240000000000000000000000000000000,1.388921943000000000000000000000000000000,3.790092468000000000000000000000000000000,2.500000000000000000000000000000000000000,18.000000000000000000000000000000000000000
348.872018500000000000000000000000000000000,29.986744950000000000000000000000000000000,31.442481300000000000000000000000000000000,301.949627000000000000000000000000000000000,318.975708000000000000000000000000000000000,3.069999933000000000000000000000000000000,47.000000000000000000000000000000000000000,1.391681594000000000000000000000000000000,3.790092468000000000000000000000000000000,2.500000000000000000000000000000000000000,18.000000000000000000000000000000000000000
349.872455300000000000000000000000000000000,29.986761760000000000000000000000000000000,31.442502380000000000000000000000000000000,301.884095900000000000000000000000000000000,318.910156200000000000000000000000000000000,2.710000038000000000000000000000000000000,47.400001530000000000000000000000000000000,1.394278421000000000000000000000000000000,3.790092468000000000000000000000000000000,2.500000000000000000000000000000000000000,18.000000000000000000000000000000000000000
350.871894500000000000000000000000000000000,29.986776610000000000000000000000000000000,31.442523190000000000000000000000000000000,301.931842500000000000000000000000000000000,318.957885700000000000000000000000000000000,2.490000010000000000000000000000000000000,49.099998470000000000000000000000000000000,1.396842072000000000000000000000000000000,3.790092468000000000000000000000000000000,2.500000000000000000000000000000000000000,18.000000000000000000000000000000000000000
351.872621500000000000000000000000000000000,29.986788290000000000000000000000000000000,31.442546140000000000000000000000000000000,301.828336900000000000000000000000000000000,318.854370100000000000000000000000000000000,2.559999943000000000000000000000000000000,57.700000760000000000000000000000000000000,1.399201439000000000000000000000000000000,3.790092468000000000000000000000000000000,2.500000000000000000000000000000000000000,17.000000000000000000000000000000000000000
352.872321900000000000000000000000000000000,29.986798120000000000000000000000000000000,31.442567850000000000000000000000000000000,303.017675200000000000000000000000000000000,320.043701200000000000000000000000000000000,2.299999952000000000000000000000000000000,63.799999240000000000000000000000000000000,1.401282397000000000000000000000000000000,3.790092468000000000000000000000000000000,2.500000000000000000000000000000000000000,17.000000000000000000000000000000000000000
353.872110200000000000000000000000000000000,29.986805710000000000000000000000000000000,31.442587600000000000000000000000000000000,302.977884400000000000000000000000000000000,320.003906200000000000000000000000000000000,2.039999962000000000000000000000000000000,65.199996950000000000000000000000000000000,1.402872478000000000000000000000000000000,3.790092468000000000000000000000000000000,2.500000000000000000000000000000000000000,17.000000000000000000000000000000000000000
354.872110800000000000000000000000000000000,29.986812030000000000000000000000000000000,31.442602410000000000000000000000000000000,303.032942300000000000000000000000000000000,320.058960000000000000000000000000000000000,1.440000057000000000000000000000000000000,64.099998470000000000000000000000000000000,1.403707920000000000000000000000000000000,3.790092468000000000000000000000000000000,2.500000000000000000000000000000000000000,16.000000000000000000000000000000000000000
355.872230100000000000000000000000000000000,29.986815760000000000000000000000000000000,31.442609940000000000000000000000000000000,303.037034800000000000000000000000000000000,320.063049300000000000000000000000000000000,0.769999980900000000000000000000000000000,60.599998470000000000000000000000000000000,1.404364659000000000000000000000000000000,3.790092468000000000000000000000000000000,2.500000000000000000000000000000000000000,16.000000000000000000000000000000000000000
356.872114400000000000000000000000000000000,29.986819130000000000000000000000000000000,31.442615540000000000000000000000000000000,302.879994800000000000000000000000000000000,319.906005900000000000000000000000000000000,0.740000009500000000000000000000000000000,57.400001530000000000000000000000000000000,1.405014887000000000000000000000000000000,3.790092468000000000000000000000000000000,2.500000000000000000000000000000000000000,25.000000000000000000000000000000000000000
357.872079700000000000000000000000000000000,29.986823180000000000000000000000000000000,31.442620410000000000000000000000000000000,302.791254700000000000000000000000000000000,319.817260700000000000000000000000000000000,0.720000028600000000000000000000000000000,53.400001530000000000000000000000000000000,1.405895003000000000000000000000000000000,3.790092468000000000000000000000000000000,2.759585381000000000000000000000000000000,28.000000000000000000000000000000000000000
358.872108500000000000000000000000000000000,29.986828120000000000000000000000000000000,31.442627550000000000000000000000000000000,303.295410700000000000000000000000000000000,320.321411100000000000000000000000000000000,0.680000007200000000000000000000000000000,49.099998470000000000000000000000000000000,1.406648089000000000000000000000000000000,3.790092468000000000000000000000000000000,2.500000000000000000000000000000000000000,29.000000000000000000000000000000000000000
359.872237500000000000000000000000000000000,29.986832820000000000000000000000000000000,31.442633180000000000000000000000000000000,303.116705700000000000000000000000000000000,320.142700200000000000000000000000000000000,0.460000008300000000000000000000000000000,45.400001530000000000000000000000000000000,1.407591128000000000000000000000000000000,3.790092468000000000000000000000000000000,2.500000000000000000000000000000000000000,31.000000000000000000000000000000000000000
360.871921000000000000000000000000000000000,29.986839370000000000000000000000000000000,31.442639400000000000000000000000000000000,303.071426600000000000000000000000000000000,320.097412100000000000000000000000000000000,0.850000023800000000000000000000000000000,39.799999240000000000000000000000000000000,1.409076307000000000000000000000000000000,3.790092468000000000000000000000000000000,2.500000000000000000000000000000000000000,35.000000000000000000000000000000000000000
361.872114400000000000000000000000000000000,29.986848440000000000000000000000000000000,31.442650720000000000000000000000000000000,303.508327400000000000000000000000000000000,320.534301800000000000000000000000000000000,0.720000028600000000000000000000000000000,33.500000000000000000000000000000000000000,1.410923511000000000000000000000000000000,3.790092468000000000000000000000000000000,2.500000000000000000000000000000000000000,35.000000000000000000000000000000000000000
362.872657400000000000000000000000000000000,29.986861590000000000000000000000000000000,31.442662440000000000000000000000000000000,303.637252300000000000000000000000000000000,320.663208000000000000000000000000000000000,1.330000043000000000000000000000000000000,26.600000380000000000000000000000000000000,1.413165427000000000000000000000000000000,3.790092468000000000000000000000000000000,2.500000000000000000000000000000000000000,35.000000000000000000000000000000000000000
363.872227100000000000000000000000000000000,29.986881370000000000000000000000000000000,31.442666950000000000000000000000000000000,303.514240000000000000000000000000000000000,320.540161100000000000000000000000000000000,1.980000019000000000000000000000000000000,7.300000191000000000000000000000000000000,1.415191122000000000000000000000000000000,3.790092468000000000000000000000000000000,2.507617712000000000000000000000000000000,34.000000000000000000000000000000000000000
364.871916700000000000000000000000000000000,29.986899400000000000000000000000000000000,31.442663940000000000000000000000000000000,303.602715200000000000000000000000000000000,320.628601100000000000000000000000000000000,1.840000033000000000000000000000000000000,349.899993900000000000000000000000000000000,1.416950840000000000000000000000000000000,3.790092468000000000000000000000000000000,2.500000000000000000000000000000000000000,36.000000000000000000000000000000000000000
365.872639900000000000000000000000000000000,29.986913250000000000000000000000000000000,31.442655100000000000000000000000000000000,303.808800300000000000000000000000000000000,320.834655800000000000000000000000000000000,1.679999948000000000000000000000000000000,333.299987800000000000000000000000000000000,1.418664332000000000000000000000000000000,3.790092468000000000000000000000000000000,2.500000000000000000000000000000000000000,35.000000000000000000000000000000000000000
366.872550400000000000000000000000000000000,29.986925900000000000000000000000000000000,31.442644940000000000000000000000000000000,303.862234800000000000000000000000000000000,320.888061500000000000000000000000000000000,1.669999957000000000000000000000000000000,330.100006100000000000000000000000000000000,1.420148225000000000000000000000000000000,3.790092468000000000000000000000000000000,2.500000000000000000000000000000000000000,33.000000000000000000000000000000000000000
367.872099000000000000000000000000000000000,29.986936520000000000000000000000000000000,31.442635610000000000000000000000000000000,303.910721400000000000000000000000000000000,320.936523400000000000000000000000000000000,1.429999948000000000000000000000000000000,328.200012200000000000000000000000000000000,1.421408018000000000000000000000000000000,3.790092468000000000000000000000000000000,2.500000000000000000000000000000000000000,33.000000000000000000000000000000000000000
368.872044900000000000000000000000000000000,29.986945450000000000000000000000000000000,31.442627560000000000000000000000000000000,303.953710900000000000000000000000000000000,320.979492200000000000000000000000000000000,1.210000038000000000000000000000000000000,328.700012200000000000000000000000000000000,1.421579318000000000000000000000000000000,3.790092468000000000000000000000000000000,2.500000000000000000000000000000000000000,32.000000000000000000000000000000000000000
369.871979800000000000000000000000000000000,29.986944650000000000000000000000000000000,31.442626040000000000000000000000000000000,304.030858600000000000000000000000000000000,321.056640600000000000000000000000000000000,0.000000000000000000000000000000000000000,NaN,1.421695217000000000000000000000000000000,3.790092468000000000000000000000000000000,2.500000000000000000000000000000000000000,31.000000000000000000000000000000000000000
370.872564000000000000000000000000000000000,29.986943610000000000000000000000000000000,31.442625960000000000000000000000000000000,304.031955400000000000000000000000000000000,321.057739300000000000000000000000000000000,0.000000000000000000000000000000000000000,NaN,1.421725378000000000000000000000000000000,3.790092468000000000000000000000000000000,2.500000000000000000000000000000000000000,30.000000000000000000000000000000000000000
371.871967800000000000000000000000000000000,29.986943340000000000000000000000000000000,31.442625930000000000000000000000000000000,304.035006600000000000000000000000000000000,321.060791000000000000000000000000000000000,0.000000000000000000000000000000000000000,NaN,1.421732733000000000000000000000000000000,3.790092468000000000000000000000000000000,2.678775787000000000000000000000000000000,32.000000000000000000000000000000000000000
372.872641800000000000000000000000000000000,29.986943290000000000000000000000000000000,31.442625880000000000000000000000000000000,304.033541700000000000000000000000000000000,321.059326200000000000000000000000000000000,0.000000000000000000000000000000000000000,NaN,NaN,3.790092468000000000000000000000000000000,2.735765219000000000000000000000000000000,32.000000000000000000000000000000000000000