Time (s),Latitude (°),Longitude (°),Altitude (m),Altitude WGS84 (m),Speed (m/s),Direction (°),Distance (km),Horizontal Accuracy (m),Vertical Accuracy (m),Satellites
0.000000000000000000000000000000000000000,29.990644600000000000000000000000000000000,31.440082600000000000000000000000000000000,NaN,NaN,NaN,NaN,0.416141281400000000000000000000000000000,699.999023400000000000000000000000000000000,0.000000000000000000000000000000000000000,-1.000000000000000000000000000000000000000
0.941416763000000000000000000000000000000,29.987193500000000000000000000000000000000,31.441754100000000000000000000000000000000,307.775147200000000000000000000000000000000,324.800018300000000000000000000000000000000,NaN,NaN,0.498194647000000000000000000000000000000,82.500000000000000000000000000000000000000,13.584489820000000000000000000000000000000,0.000000000000000000000000000000000000000
1.086444843000000000000000000000000000000,29.986964930000000000000000000000000000000,31.442564170000000000000000000000000000000,301.254194800000000000000000000000000000000,318.279907200000000000000000000000000000000,0.000000000000000000000000000000000000000,NaN,0.499084656400000000000000000000000000000,6.870158672000000000000000000000000000000,9.272427559000000000000000000000000000000,13.000000000000000000000000000000000000000
2.113435937000000000000000000000000000000,29.986972650000000000000000000000000000000,31.442566610000000000000000000000000000000,301.880550700000000000000000000000000000000,318.906250000000000000000000000000000000000,0.579999983300000000000000000000000000000,331.100006100000000000000000000000000000000,0.500117946500000000000000000000000000000,3.954190016000000000000000000000000000000,4.427792072000000000000000000000000000000,12.000000000000000000000000000000000000000
3.112800520000000000000000000000000000000,29.986981410000000000000000000000000000000,31.442563030000000000000000000000000000000,304.831252500000000000000000000000000000000,321.856933600000000000000000000000000000000,1.259999990000000000000000000000000000000,331.000000000000000000000000000000000000000,0.501953924500000000000000000000000000000,3.790092468000000000000000000000000000000,3.506034851000000000000000000000000000000,34.000000000000000000000000000000000000000
4.113448488000000000000000000000000000000,29.986995970000000000000000000000000000000,31.442554040000000000000000000000000000000,306.343918600000000000000000000000000000000,323.369567900000000000000000000000000000000,2.660000086000000000000000000000000000000,328.500000000000000000000000000000000000000,0.504535750300000000000000000000000000000,3.790092468000000000000000000000000000000,3.276471376000000000000000000000000000000,41.000000000000000000000000000000000000000
5.112951926000000000000000000000000000000,29.987014740000000000000000000000000000000,31.442538260000000000000000000000000000000,305.584989500000000000000000000000000000000,322.610595700000000000000000000000000000000,3.099999905000000000000000000000000000000,326.700012200000000000000000000000000000000,0.507350573200000000000000000000000000000,3.790092468000000000000000000000000000000,2.989997387000000000000000000000000000000,45.000000000000000000000000000000000000000
6.113255675000000000000000000000000000000,29.987035350000000000000000000000000000000,31.442521290000000000000000000000000000000,306.654494700000000000000000000000000000000,323.680053700000000000000000000000000000000,3.059999943000000000000000000000000000000,325.899993900000000000000000000000000000000,0.510587578700000000000000000000000000000,3.790092468000000000000000000000000000000,2.500000000000000000000000000000000000000,47.000000000000000000000000000000000000000
7.113646039000000000000000000000000000000,29.987059620000000000000000000000000000000,31.442502730000000000000000000000000000000,307.479378700000000000000000000000000000000,324.504882800000000000000000000000000000000,3.210000038000000000000000000000000000000,327.200012200000000000000000000000000000000,0.513731198400000000000000000000000000000,3.790092468000000000000000000000000000000,2.500000000000000000000000000000000000000,50.000000000000000000000000000000000000000
8.113176039000000000000000000000000000000,29.987082870000000000000000000000000000000,31.442484160000000000000000000000000000000,307.212097600000000000000000000000000000000,324.237548800000000000000000000000000000000,3.059999943000000000000000000000000000000,328.799987800000000000000000000000000000000,0.517027352200000000000000000000000000000,3.790092468000000000000000000000000000000,2.500000000000000000000000000000000000000,55.000000000000000000000000000000000000000
9.113495049000000000000000000000000000000,29.987107560000000000000000000000000000000,31.442465220000000000000000000000000000000,307.110468800000000000000000000000000000000,324.135864300000000000000000000000000000000,3.319999933000000000000000000000000000000,328.500000000000000000000000000000000000000,0.520301818400000000000000000000000000000,3.790092468000000000000000000000000000000,2.500000000000000000000000000000000000000,57.000000000000000000000000000000000000000
10.112919940000000000000000000000000000000,29.987132250000000000000000000000000000000,31.442446690000000000000000000000000000000,307.224782300000000000000000000000000000000,324.250122100000000000000000000000000000000,3.200000048000000000000000000000000000000,328.799987800000000000000000000000000000000,0.523686163500000000000000000000000000000,3.790092468000000000000000000000000000000,2.500000000000000000000000000000000000000,57.000000000000000000000000000000000000000
11.113387650000000000000000000000000000000,29.987157920000000000000000000000000000000,31.442427810000000000000000000000000000000,307.940660200000000000000000000000000000000,324.965942400000000000000000000000000000000,3.180000067000000000000000000000000000000,329.500000000000000000000000000000000000000,0.527181430700000000000000000000000000000,3.790092468000000000000000000000000000000,2.500000000000000000000000000000000000000,55.000000000000000000000000000000000000000
12.112912760000000000000000000000000000000,29.987184870000000000000000000000000000000,31.442409130000000000000000000000000000000,307.641647800000000000000000000000000000000,324.666870100000000000000000000000000000000,3.269999981000000000000000000000000000000,329.399993900000000000000000000000000000000,0.530524719400000000000000000000000000000,3.790092468000000000000000000000000000000,2.500000000000000000000000000000000000000,55.000000000000000000000000000000000000000
13.112893020000000000000000000000000000000,29.987210740000000000000000000000000000000,31.442391440000000000000000000000000000000,308.224346800000000000000000000000000000000,325.249511700000000000000000000000000000000,3.019999981000000000000000000000000000000,330.700012200000000000000000000000000000000,0.533449735800000000000000000000000000000,3.790092468000000000000000000000000000000,2.500000000000000000000000000000000000000,54.000000000000000000000000000000000000000
14.112848380000000000000000000000000000000,29.987233970000000000000000000000000000000,31.442377190000000000000000000000000000000,308.576509300000000000000000000000000000000,325.601623500000000000000000000000000000000,2.710000038000000000000000000000000000000,330.399993900000000000000000000000000000000,0.536604735400000000000000000000000000000,3.790092468000000000000000000000000000000,2.500000000000000000000000000000000000000,51.000000000000000000000000000000000000000
15.113491400000000000000000000000000000000,29.987258830000000000000000000000000000000,31.442361400000000000000000000000000000000,309.521021800000000000000000000000000000000,326.546081500000000000000000000000000000000,3.069999933000000000000000000000000000000,329.500000000000000000000000000000000000000,0.540006110800000000000000000000000000000,3.790092468000000000000000000000000000000,2.500000000000000000000000000000000000000,46.000000000000000000000000000000000000000
16.113233330000000000000000000000000000000,29.987285390000000000000000000000000000000,31.442343880000000000000000000000000000000,309.635643400000000000000000000000000000000,326.660644500000000000000000000000000000000,3.400000095000000000000000000000000000000,329.299987800000000000000000000000000000000,0.543179959500000000000000000000000000000,3.790092468000000000000000000000000000000,2.500000000000000000000000000000000000000,45.000000000000000000000000000000000000000
17.113522760000000000000000000000000000000,29.987310290000000000000000000000000000000,31.442327770000000000000000000000000000000,309.517534100000000000000000000000000000000,326.542480500000000000000000000000000000000,3.029999971000000000000000000000000000000,330.500000000000000000000000000000000000000,0.546535088900000000000000000000000000000,3.790092468000000000000000000000000000000,2.500000000000000000000000000000000000000,45.000000000000000000000000000000000000000
18.113288010000000000000000000000000000000,29.987336380000000000000000000000000000000,31.442310270000000000000000000000000000000,309.789076100000000000000000000000000000000,326.813964800000000000000000000000000000000,3.400000095000000000000000000000000000000,328.899993900000000000000000000000000000000,0.549866955800000000000000000000000000000,3.790092468000000000000000000000000000000,2.500000000000000000000000000000000000000,47.000000000000000000000000000000000000000
19.112852490000000000000000000000000000000,29.987361760000000000000000000000000000000,31.442291880000000000000000000000000000000,309.974374700000000000000000000000000000000,326.999206500000000000000000000000000000000,3.250000000000000000000000000000000000000,328.299987800000000000000000000000000000000,0.553248635900000000000000000000000000000,3.790092468000000000000000000000000000000,2.500000000000000000000000000000000000000,46.000000000000000000000000000000000000000
20.113285250000000000000000000000000000000,29.987387630000000000000000000000000000000,31.442273420000000000000000000000000000000,310.410711700000000000000000000000000000000,327.435485800000000000000000000000000000000,3.359999895000000000000000000000000000000,328.600006100000000000000000000000000000000,0.556719798600000000000000000000000000000,3.790092468000000000000000000000000000000,2.500000000000000000000000000000000000000,44.000000000000000000000000000000000000000
21.113078530000000000000000000000000000000,29.987413900000000000000000000000000000000,31.442253950000000000000000000000000000000,311.944034900000000000000000000000000000000,328.968750000000000000000000000000000000000,3.279999971000000000000000000000000000000,328.299987800000000000000000000000000000000,0.560113060300000000000000000000000000000,3.790092468000000000000000000000000000000,2.500000000000000000000000000000000000000,40.000000000000000000000000000000000000000
22.113014520000000000000000000000000000000,29.987440040000000000000000000000000000000,31.442235770000000000000000000000000000000,311.962525700000000000000000000000000000000,328.987182600000000000000000000000000000000,3.279999971000000000000000000000000000000,329.799987800000000000000000000000000000000,0.563477639800000000000000000000000000000,3.790092468000000000000000000000000000000,2.500000000000000000000000000000000000000,39.000000000000000000000000000000000000000
23.113682490000000000000000000000000000000,29.987466450000000000000000000000000000000,31.442218720000000000000000000000000000000,312.835630600000000000000000000000000000000,329.860229500000000000000000000000000000000,3.240000010000000000000000000000000000000,330.700012200000000000000000000000000000000,0.566807429300000000000000000000000000000,3.790092468000000000000000000000000000000,2.500000000000000000000000000000000000000,40.000000000000000000000000000000000000000
24.113362860000000000000000000000000000000,29.987492770000000000000000000000000000000,31.442202230000000000000000000000000000000,312.950312200000000000000000000000000000000,329.974853500000000000000000000000000000000,3.200000048000000000000000000000000000000,330.899993900000000000000000000000000000000,0.570071069400000000000000000000000000000,3.790092468000000000000000000000000000000,2.500000000000000000000000000000000000000,39.000000000000000000000000000000000000000
25.113026340000000000000000000000000000000,29.987518540000000000000000000000000000000,31.442186010000000000000000000000000000000,313.442312000000000000000000000000000000000,330.466796900000000000000000000000000000000,3.240000010000000000000000000000000000000,330.899993900000000000000000000000000000000,0.573350183600000000000000000000000000000,3.790092468000000000000000000000000000000,2.500000000000000000000000000000000000000,46.000000000000000000000000000000000000000
26.113516450000000000000000000000000000000,29.987544180000000000000000000000000000000,31.442169190000000000000000000000000000000,313.704453500000000000000000000000000000000,330.728881800000000000000000000000000000000,3.269999981000000000000000000000000000000,330.700012200000000000000000000000000000000,0.576633599200000000000000000000000000000,3.790092468000000000000000000000000000000,2.500000000000000000000000000000000000000,45.000000000000000000000000000000000000000
27.113241080000000000000000000000000000000,29.987569830000000000000000000000000000000,31.442152300000000000000000000000000000000,313.889507600000000000000000000000000000000,330.913879400000000000000000000000000000000,3.259999990000000000000000000000000000000,330.500000000000000000000000000000000000000,0.579688297100000000000000000000000000000,3.790092468000000000000000000000000000000,2.500000000000000000000000000000000000000,43.000000000000000000000000000000000000000
28.112710670000000000000000000000000000000,29.987593550000000000000000000000000000000,31.442136300000000000000000000000000000000,314.040622100000000000000000000000000000000,331.064941400000000000000000000000000000000,3.049999952000000000000000000000000000000,329.899993900000000000000000000000000000000,0.582204259600000000000000000000000000000,3.790092468000000000000000000000000000000,2.500000000000000000000000000000000000000,38.000000000000000000000000000000000000000
29.112735720000000000000000000000000000000,29.987613040000000000000000000000000000000,31.442123030000000000000000000000000000000,313.950150200000000000000000000000000000000,330.974426300000000000000000000000000000000,2.569999933000000000000000000000000000000,330.200012200000000000000000000000000000000,0.585038628100000000000000000000000000000,3.790092468000000000000000000000000000000,2.500000000000000000000000000000000000000,38.000000000000000000000000000000000000000
30.113645250000000000000000000000000000000,29.987635280000000000000000000000000000000,31.442108650000000000000000000000000000000,314.832096100000000000000000000000000000000,331.856323200000000000000000000000000000000,2.960000038000000000000000000000000000000,332.299987800000000000000000000000000000000,0.585746430700000000000000000000000000000,3.790092468000000000000000000000000000000,2.500000000000000000000000000000000000000,39.000000000000000000000000000000000000000
31.113547960000000000000000000000000000000,29.987640620000000000000000000000000000000,31.442104650000000000000000000000000000000,315.004715500000000000000000000000000000000,332.028930700000000000000000000000000000000,0.540000021500000000000000000000000000000,332.399993900000000000000000000000000000000,0.586291440900000000000000000000000000000,3.790092468000000000000000000000000000000,2.500000000000000000000000000000000000000,33.000000000000000000000000000000000000000
32.113328320000000000000000000000000000000,29.987644430000000000000000000000000000000,31.442101090000000000000000000000000000000,315.297082900000000000000000000000000000000,332.321289100000000000000000000000000000000,0.850000023800000000000000000000000000000,329.399993900000000000000000000000000000000,0.586891460900000000000000000000000000000,3.790092468000000000000000000000000000000,2.500000000000000000000000000000000000000,30.000000000000000000000000000000000000000
33.113000200000000000000000000000000000000,29.987648610000000000000000000000000000000,31.442097150000000000000000000000000000000,315.290928100000000000000000000000000000000,332.315124500000000000000000000000000000000,0.800000011900000000000000000000000000000,329.700012200000000000000000000000000000000,0.587325793700000000000000000000000000000,3.790092468000000000000000000000000000000,2.500000000000000000000000000000000000000,31.000000000000000000000000000000000000000
34.113665300000000000000000000000000000000,29.987652010000000000000000000000000000000,31.442094930000000000000000000000000000000,314.898540600000000000000000000000000000000,331.922729500000000000000000000000000000000,0.670000016700000000000000000000000000000,329.799987800000000000000000000000000000000,0.587782159200000000000000000000000000000,3.790092468000000000000000000000000000000,2.500000000000000000000000000000000000000,33.000000000000000000000000000000000000000
35.113247540000000000000000000000000000000,29.987656000000000000000000000000000000000,31.442093820000000000000000000000000000000,314.559376300000000000000000000000000000000,331.583557100000000000000000000000000000000,0.680000007200000000000000000000000000000,331.700012200000000000000000000000000000000,0.588776528400000000000000000000000000000,3.790092468000000000000000000000000000000,2.500000000000000000000000000000000000000,37.000000000000000000000000000000000000000
36.113174930000000000000000000000000000000,29.987663940000000000000000000000000000000,31.442089070000000000000000000000000000000,314.716925300000000000000000000000000000000,331.741088900000000000000000000000000000000,1.240000010000000000000000000000000000000,331.200012200000000000000000000000000000000,0.590629160000000000000000000000000000000,3.790092468000000000000000000000000000000,2.500000000000000000000000000000000000000,41.000000000000000000000000000000000000000
37.113394990000000000000000000000000000000,29.987678220000000000000000000000000000000,31.442079160000000000000000000000000000000,314.879249500000000000000000000000000000000,331.903381300000000000000000000000000000000,2.049999952000000000000000000000000000000,330.299987800000000000000000000000000000000,0.593342923500000000000000000000000000000,3.790092468000000000000000000000000000000,2.500000000000000000000000000000000000000,41.000000000000000000000000000000000000000
38.113150560000000000000000000000000000000,29.987699320000000000000000000000000000000,31.442065000000000000000000000000000000000,315.284996800000000000000000000000000000000,332.309082000000000000000000000000000000000,2.829999924000000000000000000000000000000,329.700012200000000000000000000000000000000,0.596435153100000000000000000000000000000,3.790092468000000000000000000000000000000,2.500000000000000000000000000000000000000,43.000000000000000000000000000000000000000
39.113670300000000000000000000000000000000,29.987723450000000000000000000000000000000,31.442049040000000000000000000000000000000,315.491532000000000000000000000000000000000,332.515564000000000000000000000000000000000,3.119999886000000000000000000000000000000,330.299987800000000000000000000000000000000,0.599653601700000000000000000000000000000,3.790092468000000000000000000000000000000,2.500000000000000000000000000000000000000,44.000000000000000000000000000000000000000
40.113109260000000000000000000000000000000,29.987748620000000000000000000000000000000,31.442032540000000000000000000000000000000,315.529002000000000000000000000000000000000,332.552978500000000000000000000000000000000,3.200000048000000000000000000000000000000,331.100006100000000000000000000000000000000,0.602920548600000000000000000000000000000,3.790092468000000000000000000000000000000,2.500000000000000000000000000000000000000,47.000000000000000000000000000000000000000
41.113526500000000000000000000000000000000,29.987774300000000000000000000000000000000,31.442016060000000000000000000000000000000,315.626470500000000000000000000000000000000,332.650390600000000000000000000000000000000,3.240000010000000000000000000000000000000,331.000000000000000000000000000000000000000,0.605452026600000000000000000000000000000,3.790092468000000000000000000000000000000,2.500000000000000000000000000000000000000,45.000000000000000000000000000000000000000
42.113294360000000000000000000000000000000,29.987793660000000000000000000000000000000,31.442002230000000000000000000000000000000,315.685229600000000000000000000000000000000,332.709106400000000000000000000000000000000,3.240000010000000000000000000000000000000,330.799987800000000000000000000000000000000,0.608908803800000000000000000000000000000,3.961081743000000000000000000000000000000,2.500000000000000000000000000000000000000,41.000000000000000000000000000000000000000
43.112989260000000000000000000000000000000,29.987820680000000000000000000000000000000,31.441984480000000000000000000000000000000,315.923570400000000000000000000000000000000,332.947387700000000000000000000000000000000,3.220000029000000000000000000000000000000,331.700012200000000000000000000000000000000,0.612203598300000000000000000000000000000,3.931875229000000000000000000000000000000,2.500000000000000000000000000000000000000,41.000000000000000000000000000000000000000
44.113684310000000000000000000000000000000,29.987846750000000000000000000000000000000,31.441968220000000000000000000000000000000,315.583356500000000000000000000000000000000,332.607116700000000000000000000000000000000,3.279999971000000000000000000000000000000,330.799987800000000000000000000000000000000,0.615672498500000000000000000000000000000,3.790092468000000000000000000000000000000,2.500000000000000000000000000000000000000,47.000000000000000000000000000000000000000
45.112858420000000000000000000000000000000,29.987873620000000000000000000000000000000,31.441949920000000000000000000000000000000,315.952861800000000000000000000000000000000,332.976562500000000000000000000000000000000,3.410000086000000000000000000000000000000,329.500000000000000000000000000000000000000,0.618970002400000000000000000000000000000,3.790092468000000000000000000000000000000,2.500000000000000000000000000000000000000,28.000000000000000000000000000000000000000
46.113686650000000000000000000000000000000,29.987899150000000000000000000000000000000,31.441932500000000000000000000000000000000,316.297461900000000000000000000000000000000,333.321106000000000000000000000000000000000,3.339999914000000000000000000000000000000,330.600006100000000000000000000000000000000,0.622327781100000000000000000000000000000,3.790092468000000000000000000000000000000,2.500000000000000000000000000000000000000,31.000000000000000000000000000000000000000
47.112998780000000000000000000000000000000,29.987925770000000000000000000000000000000,31.441916040000000000000000000000000000000,316.491184600000000000000000000000000000000,333.514770500000000000000000000000000000000,3.390000105000000000000000000000000000000,331.200012200000000000000000000000000000000,0.625523354100000000000000000000000000000,3.790092468000000000000000000000000000000,2.500000000000000000000000000000000000000,31.000000000000000000000000000000000000000
48.113527070000000000000000000000000000000,29.987950860000000000000000000000000000000,31.441899860000000000000000000000000000000,316.676542500000000000000000000000000000000,333.700073200000000000000000000000000000000,3.250000000000000000000000000000000000000,331.799987800000000000000000000000000000000,0.628831560800000000000000000000000000000,3.790092468000000000000000000000000000000,2.500000000000000000000000000000000000000,34.000000000000000000000000000000000000000
49.112921810000000000000000000000000000000,29.987976940000000000000000000000000000000,31.441883330000000000000000000000000000000,316.576013700000000000000000000000000000000,333.599487300000000000000000000000000000000,3.309999943000000000000000000000000000000,331.200012200000000000000000000000000000000,0.632175278700000000000000000000000000000,3.790092468000000000000000000000000000000,2.500000000000000000000000000000000000000,35.000000000000000000000000000000000000000
50.113322010000000000000000000000000000000,29.988003130000000000000000000000000000000,31.441866270000000000000000000000000000000,316.787863400000000000000000000000000000000,333.811279300000000000000000000000000000000,3.369999886000000000000000000000000000000,330.899993900000000000000000000000000000000,0.635542903500000000000000000000000000000,3.790092468000000000000000000000000000000,2.500000000000000000000000000000000000000,39.000000000000000000000000000000000000000
51.113445500000000000000000000000000000000,29.988029610000000000000000000000000000000,31.441849300000000000000000000000000000000,316.855243300000000000000000000000000000000,333.878601100000000000000000000000000000000,3.440000057000000000000000000000000000000,331.899993900000000000000000000000000000000,0.638827896200000000000000000000000000000,3.790092468000000000000000000000000000000,2.500000000000000000000000000000000000000,36.000000000000000000000000000000000000000
52.113196490000000000000000000000000000000,29.988055810000000000000000000000000000000,31.441833540000000000000000000000000000000,316.531753000000000000000000000000000000000,333.555053700000000000000000000000000000000,3.299999952000000000000000000000000000000,331.899993900000000000000000000000000000000,0.641994343600000000000000000000000000000,3.790092468000000000000000000000000000000,2.500000000000000000000000000000000000000,37.000000000000000000000000000000000000000
53.112999670000000000000000000000000000000,29.988081260000000000000000000000000000000,31.441818790000000000000000000000000000000,316.579720700000000000000000000000000000000,333.602966300000000000000000000000000000000,3.170000076000000000000000000000000000000,332.799987800000000000000000000000000000000,0.645163887500000000000000000000000000000,3.790092468000000000000000000000000000000,2.500000000000000000000000000000000000000,37.000000000000000000000000000000000000000
54.112781590000000000000000000000000000000,29.988106680000000000000000000000000000000,31.441803900000000000000000000000000000000,316.799563400000000000000000000000000000000,333.822753900000000000000000000000000000000,3.279999971000000000000000000000000000000,332.500000000000000000000000000000000000000,0.648264510700000000000000000000000000000,3.790092468000000000000000000000000000000,2.500000000000000000000000000000000000000,38.000000000000000000000000000000000000000
55.113409820000000000000000000000000000000,29.988131650000000000000000000000000000000,31.441789570000000000000000000000000000000,317.427058800000000000000000000000000000000,334.450195300000000000000000000000000000000,3.240000010000000000000000000000000000000,332.100006100000000000000000000000000000000,0.651420582300000000000000000000000000000,3.790092468000000000000000000000000000000,2.500000000000000000000000000000000000000,40.000000000000000000000000000000000000000
56.112725400000000000000000000000000000000,29.988156690000000000000000000000000000000,31.441774140000000000000000000000000000000,317.779347300000000000000000000000000000000,334.802429200000000000000000000000000000000,3.279999971000000000000000000000000000000,331.600006100000000000000000000000000000000,0.654626485400000000000000000000000000000,3.790092468000000000000000000000000000000,2.500000000000000000000000000000000000000,46.000000000000000000000000000000000000000
57.113340290000000000000000000000000000000,29.988181920000000000000000000000000000000,31.441758030000000000000000000000000000000,318.103682500000000000000000000000000000000,335.126709000000000000000000000000000000000,3.299999952000000000000000000000000000000,331.399993900000000000000000000000000000000,0.657879092600000000000000000000000000000,3.790092468000000000000000000000000000000,2.500000000000000000000000000000000000000,45.000000000000000000000000000000000000000
58.113083990000000000000000000000000000000,29.988207340000000000000000000000000000000,31.441741320000000000000000000000000000000,318.392923100000000000000000000000000000000,335.415893600000000000000000000000000000000,3.299999952000000000000000000000000000000,331.299987800000000000000000000000000000000,0.661230934700000000000000000000000000000,3.790092468000000000000000000000000000000,2.500000000000000000000000000000000000000,45.000000000000000000000000000000000000000
59.112731540000000000000000000000000000000,29.988233160000000000000000000000000000000,31.441723360000000000000000000000000000000,318.815893100000000000000000000000000000000,335.838806200000000000000000000000000000000,3.369999886000000000000000000000000000000,330.000000000000000000000000000000000000000,0.664613598300000000000000000000000000000,3.790092468000000000000000000000000000000,2.500000000000000000000000000000000000000,45.000000000000000000000000000000000000000
60.113386230000000000000000000000000000000,29.988258900000000000000000000000000000000,31.441704640000000000000000000000000000000,319.179781400000000000000000000000000000000,336.202636700000000000000000000000000000000,3.380000114000000000000000000000000000000,329.600006100000000000000000000000000000000,0.667887834900000000000000000000000000000,3.790092468000000000000000000000000000000,2.500000000000000000000000000000000000000,40.000000000000000000000000000000000000000
61.113266230000000000000000000000000000000,29.988284140000000000000000000000000000000,31.441687130000000000000000000000000000000,319.094449300000000000000000000000000000000,336.117248500000000000000000000000000000000,3.329999924000000000000000000000000000000,329.500000000000000000000000000000000000000,0.671135607600000000000000000000000000000,3.790092468000000000000000000000000000000,2.500000000000000000000000000000000000000,42.000000000000000000000000000000000000000
62.113179510000000000000000000000000000000,29.988309170000000000000000000000000000000,31.441669750000000000000000000000000000000,319.325645100000000000000000000000000000000,336.348388700000000000000000000000000000000,3.299999952000000000000000000000000000000,329.100006100000000000000000000000000000000,0.674469869500000000000000000000000000000,3.790092468000000000000000000000000000000,2.500000000000000000000000000000000000000,38.000000000000000000000000000000000000000
63.112949610000000000000000000000000000000,29.988334710000000000000000000000000000000,31.441651610000000000000000000000000000000,319.576251400000000000000000000000000000000,336.598938000000000000000000000000000000000,3.359999895000000000000000000000000000000,328.299987800000000000000000000000000000000,0.677774786300000000000000000000000000000,9.935046196000000000000000000000000000000,2.500000000000000000000000000000000000000,35.000000000000000000000000000000000000000
64.113670650000000000000000000000000000000,29.988358930000000000000000000000000000000,31.441631720000000000000000000000000000000,319.897779000000000000000000000000000000000,336.920410200000000000000000000000000000000,3.339999914000000000000000000000000000000,325.500000000000000000000000000000000000000,0.681053960500000000000000000000000000000,9.935046196000000000000000000000000000000,2.500000000000000000000000000000000000000,36.000000000000000000000000000000000000000
65.113293150000000000000000000000000000000,29.988381260000000000000000000000000000000,31.441609480000000000000000000000000000000,320.023442500000000000000000000000000000000,337.046020500000000000000000000000000000000,3.359999895000000000000000000000000000000,320.299987800000000000000000000000000000000,0.684351920200000000000000000000000000000,9.935046196000000000000000000000000000000,2.500000000000000000000000000000000000000,35.000000000000000000000000000000000000000
66.113052680000000000000000000000000000000,29.988400900000000000000000000000000000000,31.441583820000000000000000000000000000000,319.941094900000000000000000000000000000000,336.963623000000000000000000000000000000000,3.299999952000000000000000000000000000000,312.600006100000000000000000000000000000000,0.687538468400000000000000000000000000000,9.935046196000000000000000000000000000000,2.500000000000000000000000000000000000000,35.000000000000000000000000000000000000000
67.112768980000000000000000000000000000000,29.988416770000000000000000000000000000000,31.441556270000000000000000000000000000000,320.004981400000000000000000000000000000000,337.027465800000000000000000000000000000000,3.299999952000000000000000000000000000000,303.399993900000000000000000000000000000000,0.690820528100000000000000000000000000000,9.935046196000000000000000000000000000000,2.500000000000000000000000000000000000000,36.000000000000000000000000000000000000000
68.112749820000000000000000000000000000000,29.988429180000000000000000000000000000000,31.441525350000000000000000000000000000000,319.661819700000000000000000000000000000000,336.684265100000000000000000000000000000000,3.470000029000000000000000000000000000000,294.000000000000000000000000000000000000000,0.694035321000000000000000000000000000000,9.935046196000000000000000000000000000000,2.500000000000000000000000000000000000000,54.000000000000000000000000000000000000000
69.113500130000000000000000000000000000000,29.988437170000000000000000000000000000000,31.441493270000000000000000000000000000000,319.646409200000000000000000000000000000000,336.668823200000000000000000000000000000000,3.369999886000000000000000000000000000000,286.299987800000000000000000000000000000000,0.697264694500000000000000000000000000000,9.935046196000000000000000000000000000000,2.500000000000000000000000000000000000000,57.000000000000000000000000000000000000000
70.112953000000000000000000000000000000000,29.988442910000000000000000000000000000000,31.441460400000000000000000000000000000000,319.242261900000000000000000000000000000000,336.264648400000000000000000000000000000000,3.420000076000000000000000000000000000000,280.500000000000000000000000000000000000000,0.700566190500000000000000000000000000000,9.935046196000000000000000000000000000000,2.500000000000000000000000000000000000000,58.000000000000000000000000000000000000000
71.112851380000000000000000000000000000000,29.988447490000000000000000000000000000000,31.441426530000000000000000000000000000000,318.641274600000000000000000000000000000000,335.663635300000000000000000000000000000000,3.470000029000000000000000000000000000000,275.600006100000000000000000000000000000000,0.704050810200000000000000000000000000000,10.077575680000000000000000000000000000000,2.500000000000000000000000000000000000000,62.000000000000000000000000000000000000000
72.112859300000000000000000000000000000000,29.988449720000000000000000000000000000000,31.441390440000000000000000000000000000000,318.507691300000000000000000000000000000000,335.530029300000000000000000000000000000000,3.490000010000000000000000000000000000000,273.500000000000000000000000000000000000000,0.707488458400000000000000000000000000000,10.097084050000000000000000000000000000000,2.500000000000000000000000000000000000000,66.000000000000000000000000000000000000000
73.112712420000000000000000000000000000000,29.988451420000000000000000000000000000000,31.441354800000000000000000000000000000000,318.331504300000000000000000000000000000000,335.353820800000000000000000000000000000000,3.420000076000000000000000000000000000000,272.399993900000000000000000000000000000000,0.710573829700000000000000000000000000000,9.935046196000000000000000000000000000000,2.500000000000000000000000000000000000000,66.000000000000000000000000000000000000000
74.113528670000000000000000000000000000000,29.988452910000000000000000000000000000000,31.441322810000000000000000000000000000000,318.149211400000000000000000000000000000000,335.171508800000000000000000000000000000000,3.089999914000000000000000000000000000000,273.200012200000000000000000000000000000000,0.712966389600000000000000000000000000000,9.935046196000000000000000000000000000000,2.500000000000000000000000000000000000000,34.000000000000000000000000000000000000000
75.113113150000000000000000000000000000000,29.988455130000000000000000000000000000000,31.441298100000000000000000000000000000000,318.069211100000000000000000000000000000000,335.091491700000000000000000000000000000000,2.470000029000000000000000000000000000000,274.000000000000000000000000000000000000000,0.714028783700000000000000000000000000000,9.935046196000000000000000000000000000000,2.500000000000000000000000000000000000000,39.000000000000000000000000000000000000000
76.112859300000000000000000000000000000000,29.988460130000000000000000000000000000000,31.441288700000000000000000000000000000000,317.644481600000000000000000000000000000000,334.666748000000000000000000000000000000000,0.889999985700000000000000000000000000000,279.500000000000000000000000000000000000000,0.714734040900000000000000000000000000000,9.935046196000000000000000000000000000000,2.500000000000000000000000000000000000000,39.000000000000000000000000000000000000000
77.113011330000000000000000000000000000000,29.988461500000000000000000000000000000000,31.441281550000000000000000000000000000000,317.699785700000000000000000000000000000000,334.722045900000000000000000000000000000000,0.800000011900000000000000000000000000000,274.100006100000000000000000000000000000000,0.715453753400000000000000000000000000000,9.935046196000000000000000000000000000000,2.500000000000000000000000000000000000000,48.000000000000000000000000000000000000000
78.112853040000000000000000000000000000000,29.988462760000000000000000000000000000000,31.441274220000000000000000000000000000000,317.566002700000000000000000000000000000000,334.588256800000000000000000000000000000000,0.839999973800000000000000000000000000000,276.600006100000000000000000000000000000000,0.716033003400000000000000000000000000000,9.935046196000000000000000000000000000000,2.500000000000000000000000000000000000000,53.000000000000000000000000000000000000000
79.112711580000000000000000000000000000000,29.988464170000000000000000000000000000000,31.441268430000000000000000000000000000000,317.560026900000000000000000000000000000000,334.582275400000000000000000000000000000000,0.629999995200000000000000000000000000000,276.700012200000000000000000000000000000000,0.716696754300000000000000000000000000000,9.935046196000000000000000000000000000000,2.500000000000000000000000000000000000000,56.000000000000000000000000000000000000000
80.113527370000000000000000000000000000000,29.988465030000000000000000000000000000000,31.441261610000000000000000000000000000000,317.041843500000000000000000000000000000000,334.064086900000000000000000000000000000000,0.740000009500000000000000000000000000000,276.799987800000000000000000000000000000000,0.717291137000000000000000000000000000000,9.935046196000000000000000000000000000000,2.500000000000000000000000000000000000000,57.000000000000000000000000000000000000000
81.113074500000000000000000000000000000000,29.988465720000000000000000000000000000000,31.441255490000000000000000000000000000000,317.246437800000000000000000000000000000000,334.268676800000000000000000000000000000000,0.680000007200000000000000000000000000000,276.700012200000000000000000000000000000000,0.719033469900000000000000000000000000000,9.935046196000000000000000000000000000000,2.500000000000000000000000000000000000000,61.000000000000000000000000000000000000000
82.113538880000000000000000000000000000000,29.988467530000000000000000000000000000000,31.441237520000000000000000000000000000000,317.404897600000000000000000000000000000000,334.427124000000000000000000000000000000000,2.329999924000000000000000000000000000000,278.700012200000000000000000000000000000000,0.721793409200000000000000000000000000000,9.935046196000000000000000000000000000000,2.500000000000000000000000000000000000000,62.000000000000000000000000000000000000000
83.113399810000000000000000000000000000000,29.988470580000000000000000000000000000000,31.441209080000000000000000000000000000000,317.560069300000000000000000000000000000000,334.582275400000000000000000000000000000000,2.990000010000000000000000000000000000000,279.899993900000000000000000000000000000000,0.725192334900000000000000000000000000000,9.935046196000000000000000000000000000000,2.500000000000000000000000000000000000000,61.000000000000000000000000000000000000000
84.113150800000000000000000000000000000000,29.988476560000000000000000000000000000000,31.441174470000000000000000000000000000000,317.623696800000000000000000000000000000000,334.645874000000000000000000000000000000000,3.509999990000000000000000000000000000000,282.500000000000000000000000000000000000000,0.728601515200000000000000000000000000000,9.935046196000000000000000000000000000000,2.500000000000000000000000000000000000000,62.000000000000000000000000000000000000000
85.112972730000000000000000000000000000000,29.988482490000000000000000000000000000000,31.441139740000000000000000000000000000000,318.015083100000000000000000000000000000000,335.037231400000000000000000000000000000000,3.420000076000000000000000000000000000000,281.700012200000000000000000000000000000000,0.731995447500000000000000000000000000000,9.935046196000000000000000000000000000000,2.500000000000000000000000000000000000000,62.000000000000000000000000000000000000000
86.112837620000000000000000000000000000000,29.988488370000000000000000000000000000000,31.441105160000000000000000000000000000000,318.116857400000000000000000000000000000000,335.138977100000000000000000000000000000000,3.390000105000000000000000000000000000000,281.299987800000000000000000000000000000000,0.735366330900000000000000000000000000000,9.935046196000000000000000000000000000000,2.500000000000000000000000000000000000000,64.000000000000000000000000000000000000000
87.113567100000000000000000000000000000000,29.988494320000000000000000000000000000000,31.441070840000000000000000000000000000000,318.582401200000000000000000000000000000000,335.604492200000000000000000000000000000000,3.589999914000000000000000000000000000000,281.000000000000000000000000000000000000000,0.738825874400000000000000000000000000000,9.935046196000000000000000000000000000000,2.500000000000000000000000000000000000000,65.000000000000000000000000000000000000000
88.113505490000000000000000000000000000000,29.988499500000000000000000000000000000000,31.441035420000000000000000000000000000000,318.738068600000000000000000000000000000000,335.760131800000000000000000000000000000000,3.579999924000000000000000000000000000000,278.399993900000000000000000000000000000000,0.742448977100000000000000000000000000000,9.935046196000000000000000000000000000000,2.500000000000000000000000000000000000000,65.000000000000000000000000000000000000000
89.113608510000000000000000000000000000000,29.988501870000000000000000000000000000000,31.440997900000000000000000000000000000000,318.206964400000000000000000000000000000000,335.229003900000000000000000000000000000000,3.529999971000000000000000000000000000000,271.600006100000000000000000000000000000000,0.745964661400000000000000000000000000000,9.935046196000000000000000000000000000000,2.500000000000000000000000000000000000000,62.000000000000000000000000000000000000000
90.113606530000000000000000000000000000000,29.988499370000000000000000000000000000000,31.440961510000000000000000000000000000000,318.459480800000000000000000000000000000000,335.481506300000000000000000000000000000000,3.609999895000000000000000000000000000000,264.500000000000000000000000000000000000000,0.749449544600000000000000000000000000000,9.935046196000000000000000000000000000000,2.500000000000000000000000000000000000000,60.000000000000000000000000000000000000000
91.113441630000000000000000000000000000000,29.988493130000000000000000000000000000000,31.440926050000000000000000000000000000000,318.253066400000000000000000000000000000000,335.275085400000000000000000000000000000000,3.640000105000000000000000000000000000000,258.399993900000000000000000000000000000000,0.753064152900000000000000000000000000000,9.935046196000000000000000000000000000000,2.500000000000000000000000000000000000000,63.000000000000000000000000000000000000000
92.113318770000000000000000000000000000000,29.988483650000000000000000000000000000000,31.440890150000000000000000000000000000000,318.289077800000000000000000000000000000000,335.311096200000000000000000000000000000000,3.700000048000000000000000000000000000000,254.000000000000000000000000000000000000000,0.756764849500000000000000000000000000000,9.935046196000000000000000000000000000000,2.500000000000000000000000000000000000000,64.000000000000000000000000000000000000000
93.112807050000000000000000000000000000000,29.988472710000000000000000000000000000000,31.440853860000000000000000000000000000000,318.237867400000000000000000000000000000000,335.259887700000000000000000000000000000000,3.750000000000000000000000000000000000000,252.300003100000000000000000000000000000000,0.760402215400000000000000000000000000000,9.935046196000000000000000000000000000000,2.500000000000000000000000000000000000000,65.000000000000000000000000000000000000000
94.112996110000000000000000000000000000000,29.988460810000000000000000000000000000000,31.440818680000000000000000000000000000000,317.861520400000000000000000000000000000000,334.883544900000000000000000000000000000000,3.680000067000000000000000000000000000000,251.000000000000000000000000000000000000000,0.764008688200000000000000000000000000000,9.935046196000000000000000000000000000000,2.500000000000000000000000000000000000000,65.000000000000000000000000000000000000000
95.112950950000000000000000000000000000000,29.988449840000000000000000000000000000000,31.440783440000000000000000000000000000000,317.835272800000000000000000000000000000000,334.857299800000000000000000000000000000000,3.660000086000000000000000000000000000000,252.100006100000000000000000000000000000000,0.767500282900000000000000000000000000000,9.935046196000000000000000000000000000000,2.500000000000000000000000000000000000000,65.000000000000000000000000000000000000000
96.113636370000000000000000000000000000000,29.988439670000000000000000000000000000000,31.440749140000000000000000000000000000000,317.855962300000000000000000000000000000000,334.877990700000000000000000000000000000000,3.509999990000000000000000000000000000000,253.300003100000000000000000000000000000000,0.771054468800000000000000000000000000000,9.935046196000000000000000000000000000000,2.500000000000000000000000000000000000000,62.000000000000000000000000000000000000000
97.113554230000000000000000000000000000000,29.988429960000000000000000000000000000000,31.440713980000000000000000000000000000000,317.548894300000000000000000000000000000000,334.570922900000000000000000000000000000000,3.640000105000000000000000000000000000000,253.399993900000000000000000000000000000000,0.774695029200000000000000000000000000000,9.935046196000000000000000000000000000000,2.500000000000000000000000000000000000000,58.000000000000000000000000000000000000000
98.113610010000000000000000000000000000000,29.988420390000000000000000000000000000000,31.440677830000000000000000000000000000000,317.414617600000000000000000000000000000000,334.436645500000000000000000000000000000000,3.710000038000000000000000000000000000000,253.600006100000000000000000000000000000000,0.778351199300000000000000000000000000000,9.935046196000000000000000000000000000000,2.500000000000000000000000000000000000000,55.000000000000000000000000000000000000000
99.113417360000000000000000000000000000000,29.988411350000000000000000000000000000000,31.440641330000000000000000000000000000000,317.375312700000000000000000000000000000000,334.397338900000000000000000000000000000000,3.640000105000000000000000000000000000000,253.699996900000000000000000000000000000000,0.782005684800000000000000000000000000000,9.935046196000000000000000000000000000000,2.500000000000000000000000000000000000000,56.000000000000000000000000000000000000000
100.113280500000000000000000000000000000000,29.988401720000000000000000000000000000000,31.440605050000000000000000000000000000000,316.939644400000000000000000000000000000000,333.961669900000000000000000000000000000000,3.799999952000000000000000000000000000000,253.699996900000000000000000000000000000000,0.785644300900000000000000000000000000000,9.935046196000000000000000000000000000000,2.500000000000000000000000000000000000000,54.000000000000000000000000000000000000000
101.113104100000000000000000000000000000000,29.988392500000000000000000000000000000000,31.440568800000000000000000000000000000000,317.456125200000000000000000000000000000000,334.478149400000000000000000000000000000000,3.690000057000000000000000000000000000000,254.399993900000000000000000000000000000000,0.789228377000000000000000000000000000000,9.935046196000000000000000000000000000000,2.500000000000000000000000000000000000000,57.000000000000000000000000000000000000000
102.112828900000000000000000000000000000000,29.988383340000000000000000000000000000000,31.440533120000000000000000000000000000000,317.216380200000000000000000000000000000000,334.238403300000000000000000000000000000000,3.569999933000000000000000000000000000000,254.600006100000000000000000000000000000000,0.792890602000000000000000000000000000000,9.935046196000000000000000000000000000000,2.500000000000000000000000000000000000000,56.000000000000000000000000000000000000000
103.113039600000000000000000000000000000000,29.988373870000000000000000000000000000000,31.440496700000000000000000000000000000000,317.437816700000000000000000000000000000000,334.459838900000000000000000000000000000000,3.680000067000000000000000000000000000000,254.199996900000000000000000000000000000000,0.796489214100000000000000000000000000000,9.935046196000000000000000000000000000000,2.500000000000000000000000000000000000000,57.000000000000000000000000000000000000000
104.112727700000000000000000000000000000000,29.988364630000000000000000000000000000000,31.440460890000000000000000000000000000000,317.371838800000000000000000000000000000000,334.393859900000000000000000000000000000000,3.609999895000000000000000000000000000000,254.399993900000000000000000000000000000000,0.800151927000000000000000000000000000000,9.935046196000000000000000000000000000000,2.500000000000000000000000000000000000000,57.000000000000000000000000000000000000000
105.113327900000000000000000000000000000000,29.988355290000000000000000000000000000000,31.440424420000000000000000000000000000000,317.324659800000000000000000000000000000000,334.346679700000000000000000000000000000000,3.799999952000000000000000000000000000000,255.199996900000000000000000000000000000000,0.803717134800000000000000000000000000000,9.935046196000000000000000000000000000000,2.500000000000000000000000000000000000000,56.000000000000000000000000000000000000000
106.112817900000000000000000000000000000000,29.988346260000000000000000000000000000000,31.440388900000000000000000000000000000000,317.732620100000000000000000000000000000000,334.754638700000000000000000000000000000000,3.529999971000000000000000000000000000000,254.899993900000000000000000000000000000000,0.807431609600000000000000000000000000000,9.935046196000000000000000000000000000000,2.500000000000000000000000000000000000000,54.000000000000000000000000000000000000000
107.113503900000000000000000000000000000000,29.988337100000000000000000000000000000000,31.440351810000000000000000000000000000000,317.585527300000000000000000000000000000000,334.607543900000000000000000000000000000000,3.809999943000000000000000000000000000000,255.000000000000000000000000000000000000000,0.811088576600000000000000000000000000000,9.935046196000000000000000000000000000000,2.500000000000000000000000000000000000000,54.000000000000000000000000000000000000000
108.113033900000000000000000000000000000000,29.988328500000000000000000000000000000000,31.440315160000000000000000000000000000000,317.534260400000000000000000000000000000000,334.556274400000000000000000000000000000000,3.640000105000000000000000000000000000000,256.000000000000000000000000000000000000000,0.814713877900000000000000000000000000000,9.935046196000000000000000000000000000000,2.500000000000000000000000000000000000000,54.000000000000000000000000000000000000000
109.113509800000000000000000000000000000000,29.988320160000000000000000000000000000000,31.440278770000000000000000000000000000000,317.568809400000000000000000000000000000000,334.590820300000000000000000000000000000000,3.759999990000000000000000000000000000000,257.600006100000000000000000000000000000000,0.818229273500000000000000000000000000000,9.935046196000000000000000000000000000000,2.500000000000000000000000000000000000000,52.000000000000000000000000000000000000000
110.113408900000000000000000000000000000000,29.988313140000000000000000000000000000000,31.440243180000000000000000000000000000000,317.701504900000000000000000000000000000000,334.723510700000000000000000000000000000000,3.480000019000000000000000000000000000000,258.299987800000000000000000000000000000000,0.822039147100000000000000000000000000000,9.935046196000000000000000000000000000000,2.500000000000000000000000000000000000000,53.000000000000000000000000000000000000000
111.113400800000000000000000000000000000000,29.988307300000000000000000000000000000000,31.440204200000000000000000000000000000000,317.815893800000000000000000000000000000000,334.837890600000000000000000000000000000000,3.849999905000000000000000000000000000000,260.100006100000000000000000000000000000000,0.825731887300000000000000000000000000000,9.935046196000000000000000000000000000000,2.500000000000000000000000000000000000000,53.000000000000000000000000000000000000000
112.113385800000000000000000000000000000000,29.988302620000000000000000000000000000000,31.440166240000000000000000000000000000000,318.044847400000000000000000000000000000000,335.066833500000000000000000000000000000000,3.599999905000000000000000000000000000000,260.700012200000000000000000000000000000000,0.829364433400000000000000000000000000000,9.935046196000000000000000000000000000000,2.500000000000000000000000000000000000000,51.000000000000000000000000000000000000000
113.113265300000000000000000000000000000000,29.988298070000000000000000000000000000000,31.440128890000000000000000000000000000000,317.964840900000000000000000000000000000000,334.986816400000000000000000000000000000000,3.650000095000000000000000000000000000000,260.299987800000000000000000000000000000000,0.833127069200000000000000000000000000000,9.935046196000000000000000000000000000000,2.500000000000000000000000000000000000000,49.000000000000000000000000000000000000000
114.113353800000000000000000000000000000000,29.988293250000000000000000000000000000000,31.440090220000000000000000000000000000000,317.619942000000000000000000000000000000000,334.641906700000000000000000000000000000000,3.690000057000000000000000000000000000000,260.700012200000000000000000000000000000000,0.836875727400000000000000000000000000000,9.935046196000000000000000000000000000000,2.500000000000000000000000000000000000000,51.000000000000000000000000000000000000000
115.113268300000000000000000000000000000000,29.988289050000000000000000000000000000000,31.440051600000000000000000000000000000000,317.920796200000000000000000000000000000000,334.942749000000000000000000000000000000000,3.710000038000000000000000000000000000000,261.299987800000000000000000000000000000000,0.840544462800000000000000000000000000000,9.935046196000000000000000000000000000000,2.500000000000000000000000000000000000000,50.000000000000000000000000000000000000000
116.113125300000000000000000000000000000000,29.988284760000000000000000000000000000000,31.440013830000000000000000000000000000000,317.512238200000000000000000000000000000000,334.534179700000000000000000000000000000000,3.690000057000000000000000000000000000000,261.100006100000000000000000000000000000000,0.844224513800000000000000000000000000000,9.935046196000000000000000000000000000000,2.500000000000000000000000000000000000000,50.000000000000000000000000000000000000000
117.113089700000000000000000000000000000000,29.988280480000000000000000000000000000000,31.439975940000000000000000000000000000000,317.851422000000000000000000000000000000000,334.873352100000000000000000000000000000000,3.660000086000000000000000000000000000000,261.000000000000000000000000000000000000000,0.848002676800000000000000000000000000000,9.935046196000000000000000000000000000000,2.500000000000000000000000000000000000000,53.000000000000000000000000000000000000000
118.113166900000000000000000000000000000000,29.988275890000000000000000000000000000000,31.439937070000000000000000000000000000000,317.264214100000000000000000000000000000000,334.286132800000000000000000000000000000000,3.769999981000000000000000000000000000000,262.000000000000000000000000000000000000000,0.851718551900000000000000000000000000000,9.935046196000000000000000000000000000000,2.500000000000000000000000000000000000000,52.000000000000000000000000000000000000000
119.113450700000000000000000000000000000000,29.988271510000000000000000000000000000000,31.439898820000000000000000000000000000000,317.434391500000000000000000000000000000000,334.456298800000000000000000000000000000000,3.599999905000000000000000000000000000000,262.299987800000000000000000000000000000000,0.855375750900000000000000000000000000000,9.935046196000000000000000000000000000000,2.500000000000000000000000000000000000000,51.000000000000000000000000000000000000000
120.113304100000000000000000000000000000000,29.988267160000000000000000000000000000000,31.439861180000000000000000000000000000000,317.493972900000000000000000000000000000000,334.515869100000000000000000000000000000000,3.640000105000000000000000000000000000000,262.600006100000000000000000000000000000000,0.859094371300000000000000000000000000000,9.935046196000000000000000000000000000000,2.500000000000000000000000000000000000000,49.000000000000000000000000000000000000000
121.112724600000000000000000000000000000000,29.988262990000000000000000000000000000000,31.439822870000000000000000000000000000000,317.454556000000000000000000000000000000000,334.476440400000000000000000000000000000000,3.690000057000000000000000000000000000000,262.700012200000000000000000000000000000000,0.862828486800000000000000000000000000000,9.935046196000000000000000000000000000000,2.500000000000000000000000000000000000000,50.000000000000000000000000000000000000000
122.113158500000000000000000000000000000000,29.988259320000000000000000000000000000000,31.439784330000000000000000000000000000000,317.314310100000000000000000000000000000000,334.336181600000000000000000000000000000000,3.650000095000000000000000000000000000000,262.700012200000000000000000000000000000000,0.866623921300000000000000000000000000000,9.935046196000000000000000000000000000000,2.500000000000000000000000000000000000000,50.000000000000000000000000000000000000000
123.112820200000000000000000000000000000000,29.988255810000000000000000000000000000000,31.439745130000000000000000000000000000000,317.143913500000000000000000000000000000000,334.165771500000000000000000000000000000000,3.730000019000000000000000000000000000000,263.100006100000000000000000000000000000000,0.870390295100000000000000000000000000000,9.935046196000000000000000000000000000000,2.500000000000000000000000000000000000000,52.000000000000000000000000000000000000000
124.113251600000000000000000000000000000000,29.988252500000000000000000000000000000000,31.439706210000000000000000000000000000000,316.805060000000000000000000000000000000000,333.826904300000000000000000000000000000000,3.720000029000000000000000000000000000000,263.799987800000000000000000000000000000000,0.874162178300000000000000000000000000000,9.935046196000000000000000000000000000000,2.500000000000000000000000000000000000000,52.000000000000000000000000000000000000000
125.113529800000000000000000000000000000000,29.988249590000000000000000000000000000000,31.439667190000000000000000000000000000000,316.659933000000000000000000000000000000000,333.681762700000000000000000000000000000000,3.769999981000000000000000000000000000000,264.600006100000000000000000000000000000000,0.877895451700000000000000000000000000000,9.935046196000000000000000000000000000000,2.500000000000000000000000000000000000000,53.000000000000000000000000000000000000000
126.113367500000000000000000000000000000000,29.988245990000000000000000000000000000000,31.439628650000000000000000000000000000000,316.645114400000000000000000000000000000000,333.666931200000000000000000000000000000000,3.650000095000000000000000000000000000000,264.500000000000000000000000000000000000000,0.881608737600000000000000000000000000000,9.935046196000000000000000000000000000000,2.500000000000000000000000000000000000000,52.000000000000000000000000000000000000000
127.113477200000000000000000000000000000000,29.988242380000000000000000000000000000000,31.439590320000000000000000000000000000000,316.864548700000000000000000000000000000000,333.886352500000000000000000000000000000000,3.730000019000000000000000000000000000000,265.100006100000000000000000000000000000000,0.885207415500000000000000000000000000000,9.935046196000000000000000000000000000000,2.500000000000000000000000000000000000000,51.000000000000000000000000000000000000000
128.113520000000000000000000000000000000000,29.988239070000000000000000000000000000000,31.439553150000000000000000000000000000000,316.625181600000000000000000000000000000000,333.646972700000000000000000000000000000000,3.630000114000000000000000000000000000000,265.100006100000000000000000000000000000000,0.888870419100000000000000000000000000000,9.935046196000000000000000000000000000000,2.500000000000000000000000000000000000000,52.000000000000000000000000000000000000000
129.113366800000000000000000000000000000000,29.988236110000000000000000000000000000000,31.439515270000000000000000000000000000000,316.582348800000000000000000000000000000000,333.604126000000000000000000000000000000000,3.769999981000000000000000000000000000000,266.000000000000000000000000000000000000000,0.892527559100000000000000000000000000000,9.935046196000000000000000000000000000000,2.500000000000000000000000000000000000000,52.000000000000000000000000000000000000000
130.113100800000000000000000000000000000000,29.988233810000000000000000000000000000000,31.439477390000000000000000000000000000000,316.580899100000000000000000000000000000000,333.602661100000000000000000000000000000000,3.640000105000000000000000000000000000000,266.500000000000000000000000000000000000000,0.896214328800000000000000000000000000000,9.935046196000000000000000000000000000000,2.500000000000000000000000000000000000000,53.000000000000000000000000000000000000000
131.112945200000000000000000000000000000000,29.988231530000000000000000000000000000000,31.439439200000000000000000000000000000000,316.366497800000000000000000000000000000000,333.388244600000000000000000000000000000000,3.720000029000000000000000000000000000000,266.500000000000000000000000000000000000000,0.899984710900000000000000000000000000000,9.935046196000000000000000000000000000000,2.500000000000000000000000000000000000000,53.000000000000000000000000000000000000000
132.112790200000000000000000000000000000000,29.988230230000000000000000000000000000000,31.439400080000000000000000000000000000000,316.385741500000000000000000000000000000000,333.407470700000000000000000000000000000000,3.750000000000000000000000000000000000000,267.399993900000000000000000000000000000000,0.903710266200000000000000000000000000000,9.935046196000000000000000000000000000000,2.500000000000000000000000000000000000000,51.000000000000000000000000000000000000000
133.113528900000000000000000000000000000000,29.988230670000000000000000000000000000000,31.439361400000000000000000000000000000000,316.233540500000000000000000000000000000000,333.255249000000000000000000000000000000000,3.660000086000000000000000000000000000000,268.799987800000000000000000000000000000000,0.907426962800000000000000000000000000000,9.935046196000000000000000000000000000000,2.500000000000000000000000000000000000000,54.000000000000000000000000000000000000000
134.113606500000000000000000000000000000000,29.988230950000000000000000000000000000000,31.439322810000000000000000000000000000000,316.673746300000000000000000000000000000000,333.695434600000000000000000000000000000000,3.690000057000000000000000000000000000000,268.500000000000000000000000000000000000000,0.911073455600000000000000000000000000000,9.935046196000000000000000000000000000000,2.500000000000000000000000000000000000000,52.000000000000000000000000000000000000000
135.113109900000000000000000000000000000000,29.988230580000000000000000000000000000000,31.439284950000000000000000000000000000000,316.601316200000000000000000000000000000000,333.622985800000000000000000000000000000000,3.569999933000000000000000000000000000000,268.600006100000000000000000000000000000000,0.914681248100000000000000000000000000000,9.935046196000000000000000000000000000000,2.500000000000000000000000000000000000000,54.000000000000000000000000000000000000000
136.113204900000000000000000000000000000000,29.988230760000000000000000000000000000000,31.439247490000000000000000000000000000000,317.338823500000000000000000000000000000000,334.360473600000000000000000000000000000000,3.599999905000000000000000000000000000000,269.299987800000000000000000000000000000000,0.918391459500000000000000000000000000000,9.935046196000000000000000000000000000000,2.500000000000000000000000000000000000000,54.000000000000000000000000000000000000000
137.113036100000000000000000000000000000000,29.988231660000000000000000000000000000000,31.439208980000000000000000000000000000000,317.033119800000000000000000000000000000000,334.054748500000000000000000000000000000000,3.700000048000000000000000000000000000000,270.399993900000000000000000000000000000000,0.922125314500000000000000000000000000000,9.935046196000000000000000000000000000000,2.500000000000000000000000000000000000000,56.000000000000000000000000000000000000000
138.113243700000000000000000000000000000000,29.988232970000000000000000000000000000000,31.439170240000000000000000000000000000000,316.958862300000000000000000000000000000000,333.980468800000000000000000000000000000000,3.720000029000000000000000000000000000000,270.500000000000000000000000000000000000000,0.925786614700000000000000000000000000000,9.935046196000000000000000000000000000000,2.500000000000000000000000000000000000000,56.000000000000000000000000000000000000000
139.113226700000000000000000000000000000000,29.988233930000000000000000000000000000000,31.439132240000000000000000000000000000000,317.110372800000000000000000000000000000000,334.131958000000000000000000000000000000000,3.650000095000000000000000000000000000000,270.799987800000000000000000000000000000000,0.929519728400000000000000000000000000000,9.935046196000000000000000000000000000000,2.500000000000000000000000000000000000000,55.000000000000000000000000000000000000000
140.112908500000000000000000000000000000000,29.988235290000000000000000000000000000000,31.439093510000000000000000000000000000000,317.178632500000000000000000000000000000000,334.200195300000000000000000000000000000000,3.799999952000000000000000000000000000000,270.700012200000000000000000000000000000000,0.933322465000000000000000000000000000000,9.935046196000000000000000000000000000000,2.500000000000000000000000000000000000000,55.000000000000000000000000000000000000000
141.113371100000000000000000000000000000000,29.988237090000000000000000000000000000000,31.439054080000000000000000000000000000000,316.770819200000000000000000000000000000000,333.792358400000000000000000000000000000000,3.690000057000000000000000000000000000000,271.000000000000000000000000000000000000000,0.937104115100000000000000000000000000000,9.935046196000000000000000000000000000000,2.500000000000000000000000000000000000000,54.000000000000000000000000000000000000000
142.112815300000000000000000000000000000000,29.988239810000000000000000000000000000000,31.439014940000000000000000000000000000000,316.915070300000000000000000000000000000000,333.936584500000000000000000000000000000000,3.660000086000000000000000000000000000000,271.600006100000000000000000000000000000000,0.940766921200000000000000000000000000000,9.935046196000000000000000000000000000000,2.500000000000000000000000000000000000000,55.000000000000000000000000000000000000000
143.113573500000000000000000000000000000000,29.988242550000000000000000000000000000000,31.438977040000000000000000000000000000000,316.990839500000000000000000000000000000000,334.012329100000000000000000000000000000000,3.599999905000000000000000000000000000000,271.799987800000000000000000000000000000000,0.944492276600000000000000000000000000000,9.935046196000000000000000000000000000000,2.500000000000000000000000000000000000000,54.000000000000000000000000000000000000000
144.112871000000000000000000000000000000000,29.988245510000000000000000000000000000000,31.438938510000000000000000000000000000000,317.197468800000000000000000000000000000000,334.218933100000000000000000000000000000000,3.809999943000000000000000000000000000000,272.299987800000000000000000000000000000000,0.948186156800000000000000000000000000000,9.935046196000000000000000000000000000000,2.500000000000000000000000000000000000000,54.000000000000000000000000000000000000000
145.113695200000000000000000000000000000000,29.988247960000000000000000000000000000000,31.438900260000000000000000000000000000000,317.089765900000000000000000000000000000000,334.111206100000000000000000000000000000000,3.660000086000000000000000000000000000000,271.899993900000000000000000000000000000000,0.951888809200000000000000000000000000000,9.935046196000000000000000000000000000000,2.500000000000000000000000000000000000000,55.000000000000000000000000000000000000000
146.113463800000000000000000000000000000000,29.988250180000000000000000000000000000000,31.438861900000000000000000000000000000000,317.301459600000000000000000000000000000000,334.322876000000000000000000000000000000000,3.779999971000000000000000000000000000000,272.500000000000000000000000000000000000000,0.955649790400000000000000000000000000000,9.935046196000000000000000000000000000000,2.500000000000000000000000000000000000000,54.000000000000000000000000000000000000000
147.113231800000000000000000000000000000000,29.988252950000000000000000000000000000000,31.438822980000000000000000000000000000000,316.948457300000000000000000000000000000000,333.969848600000000000000000000000000000000,3.720000029000000000000000000000000000000,273.700012200000000000000000000000000000000,0.959388786500000000000000000000000000000,9.935046196000000000000000000000000000000,2.500000000000000000000000000000000000000,54.000000000000000000000000000000000000000
148.113224900000000000000000000000000000000,29.988256120000000000000000000000000000000,31.438784330000000000000000000000000000000,317.168942000000000000000000000000000000000,334.190307600000000000000000000000000000000,3.700000048000000000000000000000000000000,273.799987800000000000000000000000000000000,0.963115549100000000000000000000000000000,9.935046196000000000000000000000000000000,2.500000000000000000000000000000000000000,56.000000000000000000000000000000000000000
149.112995000000000000000000000000000000000,29.988259220000000000000000000000000000000,31.438745800000000000000000000000000000000,316.849509500000000000000000000000000000000,333.870849600000000000000000000000000000000,3.809999943000000000000000000000000000000,274.100006100000000000000000000000000000000,0.966698136800000000000000000000000000000,9.935046196000000000000000000000000000000,2.500000000000000000000000000000000000000,56.000000000000000000000000000000000000000
150.112968700000000000000000000000000000000,29.988262710000000000000000000000000000000,31.438708820000000000000000000000000000000,317.103441200000000000000000000000000000000,334.124755900000000000000000000000000000000,3.650000095000000000000000000000000000000,274.799987800000000000000000000000000000000,0.970276082500000000000000000000000000000,9.935046196000000000000000000000000000000,2.500000000000000000000000000000000000000,57.000000000000000000000000000000000000000
151.113089300000000000000000000000000000000,29.988266050000000000000000000000000000000,31.438671870000000000000000000000000000000,317.201610900000000000000000000000000000000,334.222900400000000000000000000000000000000,3.670000076000000000000000000000000000000,275.200012200000000000000000000000000000000,0.973726169900000000000000000000000000000,9.935046196000000000000000000000000000000,2.500000000000000000000000000000000000000,58.000000000000000000000000000000000000000
152.113036300000000000000000000000000000000,29.988268620000000000000000000000000000000,31.438636170000000000000000000000000000000,317.634007100000000000000000000000000000000,334.655273400000000000000000000000000000000,3.549999952000000000000000000000000000000,276.100006100000000000000000000000000000000,0.976939179000000000000000000000000000000,9.935046196000000000000000000000000000000,2.500000000000000000000000000000000000000,56.000000000000000000000000000000000000000
153.112860600000000000000000000000000000000,29.988270980000000000000000000000000000000,31.438602920000000000000000000000000000000,318.096675000000000000000000000000000000000,335.117919900000000000000000000000000000000,3.250000000000000000000000000000000000000,276.399993900000000000000000000000000000000,0.980135854300000000000000000000000000000,9.935046196000000000000000000000000000000,2.500000000000000000000000000000000000000,59.000000000000000000000000000000000000000
154.112962200000000000000000000000000000000,29.988273540000000000000000000000000000000,31.438569860000000000000000000000000000000,317.849138100000000000000000000000000000000,334.870361300000000000000000000000000000000,3.240000010000000000000000000000000000000,276.399993900000000000000000000000000000000,0.983347206800000000000000000000000000000,9.935046196000000000000000000000000000000,2.500000000000000000000000000000000000000,58.000000000000000000000000000000000000000
155.113061800000000000000000000000000000000,29.988275710000000000000000000000000000000,31.438536610000000000000000000000000000000,317.507606400000000000000000000000000000000,334.528808600000000000000000000000000000000,3.119999886000000000000000000000000000000,275.200012200000000000000000000000000000000,0.986457375200000000000000000000000000000,9.935046196000000000000000000000000000000,2.500000000000000000000000000000000000000,58.000000000000000000000000000000000000000
156.112901300000000000000000000000000000000,29.988276130000000000000000000000000000000,31.438504320000000000000000000000000000000,317.236749700000000000000000000000000000000,334.257934600000000000000000000000000000000,3.089999914000000000000000000000000000000,269.700012200000000000000000000000000000000,0.989344441400000000000000000000000000000,9.935046196000000000000000000000000000000,2.500000000000000000000000000000000000000,58.000000000000000000000000000000000000000
157.113470400000000000000000000000000000000,29.988272940000000000000000000000000000000,31.438474570000000000000000000000000000000,317.289676500000000000000000000000000000000,334.310852100000000000000000000000000000000,2.839999914000000000000000000000000000000,262.000000000000000000000000000000000000000,0.992084741000000000000000000000000000000,9.935046196000000000000000000000000000000,2.500000000000000000000000000000000000000,57.000000000000000000000000000000000000000
158.112809600000000000000000000000000000000,29.988266780000000000000000000000000000000,31.438447020000000000000000000000000000000,317.439886600000000000000000000000000000000,334.461059600000000000000000000000000000000,2.670000076000000000000000000000000000000,255.100006100000000000000000000000000000000,0.994719383600000000000000000000000000000,9.935046196000000000000000000000000000000,2.500000000000000000000000000000000000000,59.000000000000000000000000000000000000000
159.113200400000000000000000000000000000000,29.988258520000000000000000000000000000000,31.438421380000000000000000000000000000000,317.268924800000000000000000000000000000000,334.290100100000000000000000000000000000000,2.500000000000000000000000000000000000000,248.000000000000000000000000000000000000000,0.996946650200000000000000000000000000000,9.935046196000000000000000000000000000000,2.500000000000000000000000000000000000000,58.000000000000000000000000000000000000000
160.113289300000000000000000000000000000000,29.988248330000000000000000000000000000000,31.438401470000000000000000000000000000000,316.408869600000000000000000000000000000000,333.430053700000000000000000000000000000000,2.009999990000000000000000000000000000000,241.500000000000000000000000000000000000000,0.999242778000000000000000000000000000000,9.935046196000000000000000000000000000000,2.500000000000000000000000000000000000000,61.000000000000000000000000000000000000000
161.112734200000000000000000000000000000000,29.988235620000000000000000000000000000000,31.438382680000000000000000000000000000000,316.171123500000000000000000000000000000000,333.192321800000000000000000000000000000000,2.269999981000000000000000000000000000000,234.100006100000000000000000000000000000000,1.001374982000000000000000000000000000000,9.935046196000000000000000000000000000000,2.500000000000000000000000000000000000000,61.000000000000000000000000000000000000000
162.113715000000000000000000000000000000000,29.988221190000000000000000000000000000000,31.438368100000000000000000000000000000000,316.128196300000000000000000000000000000000,333.149414100000000000000000000000000000000,2.069999933000000000000000000000000000000,225.600006100000000000000000000000000000000,1.004188617000000000000000000000000000000,9.935046196000000000000000000000000000000,2.500000000000000000000000000000000000000,60.000000000000000000000000000000000000000
163.112811600000000000000000000000000000000,29.988200380000000000000000000000000000000,31.438351480000000000000000000000000000000,315.694816200000000000000000000000000000000,332.716064500000000000000000000000000000000,3.059999943000000000000000000000000000000,217.500000000000000000000000000000000000000,1.007434523000000000000000000000000000000,9.935046196000000000000000000000000000000,2.500000000000000000000000000000000000000,59.000000000000000000000000000000000000000
164.112831300000000000000000000000000000000,29.988174410000000000000000000000000000000,31.438336090000000000000000000000000000000,315.659375200000000000000000000000000000000,332.680664100000000000000000000000000000000,3.319999933000000000000000000000000000000,208.600006100000000000000000000000000000000,1.010975694000000000000000000000000000000,9.935046196000000000000000000000000000000,2.500000000000000000000000000000000000000,58.000000000000000000000000000000000000000
165.113703200000000000000000000000000000000,29.988144130000000000000000000000000000000,31.438324700000000000000000000000000000000,315.393455300000000000000000000000000000000,332.414794900000000000000000000000000000000,3.589999914000000000000000000000000000000,199.000000000000000000000000000000000000000,1.014575590000000000000000000000000000000,9.935046196000000000000000000000000000000,2.500000000000000000000000000000000000000,56.000000000000000000000000000000000000000
166.112827600000000000000000000000000000000,29.988112130000000000000000000000000000000,31.438319030000000000000000000000000000000,315.151577100000000000000000000000000000000,332.172973600000000000000000000000000000000,3.579999924000000000000000000000000000000,189.800003100000000000000000000000000000000,1.018382964000000000000000000000000000000,9.935046196000000000000000000000000000000,2.500000000000000000000000000000000000000,53.000000000000000000000000000000000000000
167.113413200000000000000000000000000000000,29.988077890000000000000000000000000000000,31.438319250000000000000000000000000000000,314.795189700000000000000000000000000000000,331.816650400000000000000000000000000000000,3.910000086000000000000000000000000000000,181.399993900000000000000000000000000000000,1.022299975000000000000000000000000000000,9.935046196000000000000000000000000000000,2.500000000000000000000000000000000000000,49.000000000000000000000000000000000000000
168.113502000000000000000000000000000000000,29.988042830000000000000000000000000000000,31.438323200000000000000000000000000000000,314.602983500000000000000000000000000000000,331.624511700000000000000000000000000000000,3.920000076000000000000000000000000000000,176.800003100000000000000000000000000000000,1.026329071000000000000000000000000000000,9.935046196000000000000000000000000000000,2.500000000000000000000000000000000000000,46.000000000000000000000000000000000000000
169.113522600000000000000000000000000000000,29.988006690000000000000000000000000000000,31.438326220000000000000000000000000000000,314.135995400000000000000000000000000000000,331.157592800000000000000000000000000000000,3.990000010000000000000000000000000000000,179.399993900000000000000000000000000000000,1.030266682000000000000000000000000000000,9.935046196000000000000000000000000000000,2.500000000000000000000000000000000000000,51.000000000000000000000000000000000000000
170.113321900000000000000000000000000000000,29.987971280000000000000000000000000000000,31.438326630000000000000000000000000000000,313.704044200000000000000000000000000000000,330.725708000000000000000000000000000000000,3.869999886000000000000000000000000000000,180.800003100000000000000000000000000000000,1.034016372000000000000000000000000000000,9.935046196000000000000000000000000000000,2.500000000000000000000000000000000000000,48.000000000000000000000000000000000000000
171.113400700000000000000000000000000000000,29.987937560000000000000000000000000000000,31.438327030000000000000000000000000000000,313.431764200000000000000000000000000000000,330.453491200000000000000000000000000000000,3.670000076000000000000000000000000000000,180.500000000000000000000000000000000000000,1.037587193000000000000000000000000000000,9.935046196000000000000000000000000000000,2.500000000000000000000000000000000000000,52.000000000000000000000000000000000000000
172.112759100000000000000000000000000000000,29.987905450000000000000000000000000000000,31.438327550000000000000000000000000000000,313.218080800000000000000000000000000000000,330.239868200000000000000000000000000000000,3.579999924000000000000000000000000000000,181.300003100000000000000000000000000000000,1.041258874000000000000000000000000000000,9.935046196000000000000000000000000000000,2.500000000000000000000000000000000000000,51.000000000000000000000000000000000000000
173.112730100000000000000000000000000000000,29.987872430000000000000000000000000000000,31.438327690000000000000000000000000000000,312.849122600000000000000000000000000000000,329.870971700000000000000000000000000000000,3.700000048000000000000000000000000000000,181.000000000000000000000000000000000000000,1.045007283000000000000000000000000000000,9.935046196000000000000000000000000000000,2.500000000000000000000000000000000000000,53.000000000000000000000000000000000000000
174.113221200000000000000000000000000000000,29.987838720000000000000000000000000000000,31.438327840000000000000000000000000000000,312.612304100000000000000000000000000000000,329.634216300000000000000000000000000000000,3.660000086000000000000000000000000000000,180.500000000000000000000000000000000000000,1.048657415000000000000000000000000000000,9.935046196000000000000000000000000000000,2.500000000000000000000000000000000000000,55.000000000000000000000000000000000000000
175.113141100000000000000000000000000000000,29.987805900000000000000000000000000000000,31.438327090000000000000000000000000000000,312.017394500000000000000000000000000000000,329.039367700000000000000000000000000000000,3.519999981000000000000000000000000000000,182.300003100000000000000000000000000000000,1.052183457000000000000000000000000000000,9.935046196000000000000000000000000000000,2.500000000000000000000000000000000000000,55.000000000000000000000000000000000000000
176.112915800000000000000000000000000000000,29.987774200000000000000000000000000000000,31.438326150000000000000000000000000000000,311.973939700000000000000000000000000000000,328.995971700000000000000000000000000000000,3.440000057000000000000000000000000000000,182.899993900000000000000000000000000000000,1.055611837000000000000000000000000000000,9.935046196000000000000000000000000000000,2.500000000000000000000000000000000000000,56.000000000000000000000000000000000000000
177.113707300000000000000000000000000000000,29.987743380000000000000000000000000000000,31.438325150000000000000000000000000000000,311.777105300000000000000000000000000000000,328.799194300000000000000000000000000000000,3.359999895000000000000000000000000000000,183.600006100000000000000000000000000000000,1.058863477000000000000000000000000000000,9.935046196000000000000000000000000000000,2.500000000000000000000000000000000000000,55.000000000000000000000000000000000000000
178.112763000000000000000000000000000000000,29.987714160000000000000000000000000000000,31.438323820000000000000000000000000000000,311.826367700000000000000000000000000000000,328.848510700000000000000000000000000000000,3.069999933000000000000000000000000000000,183.800003100000000000000000000000000000000,1.061862563000000000000000000000000000000,9.935046196000000000000000000000000000000,2.500000000000000000000000000000000000000,55.000000000000000000000000000000000000000
179.113509700000000000000000000000000000000,29.987687190000000000000000000000000000000,31.438323500000000000000000000000000000000,311.403710000000000000000000000000000000000,328.425903300000000000000000000000000000000,2.900000095000000000000000000000000000000,181.899993900000000000000000000000000000000,1.064224344000000000000000000000000000000,9.935046196000000000000000000000000000000,2.500000000000000000000000000000000000000,53.000000000000000000000000000000000000000
180.113342400000000000000000000000000000000,29.987665950000000000000000000000000000000,31.438323520000000000000000000000000000000,311.408675200000000000000000000000000000000,328.430908200000000000000000000000000000000,2.319999933000000000000000000000000000000,181.500000000000000000000000000000000000000,1.065912382000000000000000000000000000000,9.935046196000000000000000000000000000000,2.500000000000000000000000000000000000000,54.000000000000000000000000000000000000000
181.113099300000000000000000000000000000000,29.987650770000000000000000000000000000000,31.438323330000000000000000000000000000000,311.449113200000000000000000000000000000000,328.471374500000000000000000000000000000000,1.690000057000000000000000000000000000000,181.699996900000000000000000000000000000000,1.066949831000000000000000000000000000000,9.935046196000000000000000000000000000000,2.500000000000000000000000000000000000000,53.000000000000000000000000000000000000000
182.112889600000000000000000000000000000000,29.987641440000000000000000000000000000000,31.438323340000000000000000000000000000000,311.410826700000000000000000000000000000000,328.433105500000000000000000000000000000000,1.000000000000000000000000000000000000000,181.899993900000000000000000000000000000000,1.067508784000000000000000000000000000000,9.935046196000000000000000000000000000000,2.500000000000000000000000000000000000000,51.000000000000000000000000000000000000000
183.112741800000000000000000000000000000000,29.987636460000000000000000000000000000000,31.438322550000000000000000000000000000000,311.345754400000000000000000000000000000000,328.368042000000000000000000000000000000000,0.639999985700000000000000000000000000000,184.399993900000000000000000000000000000000,1.068124945000000000000000000000000000000,9.935046196000000000000000000000000000000,2.500000000000000000000000000000000000000,50.000000000000000000000000000000000000000
184.113490300000000000000000000000000000000,29.987630940000000000000000000000000000000,31.438321990000000000000000000000000000000,311.325663800000000000000000000000000000000,328.347961400000000000000000000000000000000,0.709999978500000000000000000000000000000,183.899993900000000000000000000000000000000,1.068974839000000000000000000000000000000,9.935046196000000000000000000000000000000,2.500000000000000000000000000000000000000,52.000000000000000000000000000000000000000
185.113498800000000000000000000000000000000,29.987623310000000000000000000000000000000,31.438321470000000000000000000000000000000,311.645413000000000000000000000000000000000,328.667724600000000000000000000000000000000,0.959999978500000000000000000000000000000,182.699996900000000000000000000000000000000,1.069544552000000000000000000000000000000,9.935046196000000000000000000000000000000,2.500000000000000000000000000000000000000,53.000000000000000000000000000000000000000
186.113120800000000000000000000000000000000,29.987618200000000000000000000000000000000,31.438321040000000000000000000000000000000,311.500994400000000000000000000000000000000,328.523315400000000000000000000000000000000,0.629999995200000000000000000000000000000,180.300003100000000000000000000000000000000,1.070429706000000000000000000000000000000,9.935046196000000000000000000000000000000,2.500000000000000000000000000000000000000,55.000000000000000000000000000000000000000
187.113007200000000000000000000000000000000,29.987610240000000000000000000000000000000,31.438320950000000000000000000000000000000,311.630740300000000000000000000000000000000,328.653076200000000000000000000000000000000,1.039999962000000000000000000000000000000,180.500000000000000000000000000000000000000,1.072132689000000000000000000000000000000,9.935046196000000000000000000000000000000,2.500000000000000000000000000000000000000,55.000000000000000000000000000000000000000
188.112797500000000000000000000000000000000,29.987594940000000000000000000000000000000,31.438320160000000000000000000000000000000,311.631200400000000000000000000000000000000,328.653564500000000000000000000000000000000,1.750000000000000000000000000000000000000,180.899993900000000000000000000000000000000,1.074781365000000000000000000000000000000,9.935046196000000000000000000000000000000,2.500000000000000000000000000000000000000,55.000000000000000000000000000000000000000
189.113220100000000000000000000000000000000,29.987571140000000000000000000000000000000,31.438319030000000000000000000000000000000,311.700980700000000000000000000000000000000,328.723388700000000000000000000000000000000,2.630000114000000000000000000000000000000,180.199996900000000000000000000000000000000,1.077800308000000000000000000000000000000,9.935046196000000000000000000000000000000,2.500000000000000000000000000000000000000,55.000000000000000000000000000000000000000
190.113544300000000000000000000000000000000,29.987543990000000000000000000000000000000,31.438319040000000000000000000000000000000,311.509279600000000000000000000000000000000,328.531738300000000000000000000000000000000,2.950000048000000000000000000000000000000,179.500000000000000000000000000000000000000,1.080724833000000000000000000000000000000,9.935046196000000000000000000000000000000,2.500000000000000000000000000000000000000,54.000000000000000000000000000000000000000
191.113259300000000000000000000000000000000,29.987517690000000000000000000000000000000,31.438319290000000000000000000000000000000,311.484511000000000000000000000000000000000,328.507019000000000000000000000000000000000,2.839999914000000000000000000000000000000,179.500000000000000000000000000000000000000,1.083316038000000000000000000000000000000,9.935046196000000000000000000000000000000,2.500000000000000000000000000000000000000,52.000000000000000000000000000000000000000
192.113285200000000000000000000000000000000,29.987494390000000000000000000000000000000,31.438319740000000000000000000000000000000,311.275727000000000000000000000000000000000,328.298278800000000000000000000000000000000,2.599999905000000000000000000000000000000,179.899993900000000000000000000000000000000,1.085719539000000000000000000000000000000,9.935046196000000000000000000000000000000,2.500000000000000000000000000000000000000,50.000000000000000000000000000000000000000
193.112982200000000000000000000000000000000,29.987472850000000000000000000000000000000,31.438321820000000000000000000000000000000,310.949330700000000000000000000000000000000,327.971923800000000000000000000000000000000,2.359999895000000000000000000000000000000,177.899993900000000000000000000000000000000,1.088381332000000000000000000000000000000,9.935046196000000000000000000000000000000,2.500000000000000000000000000000000000000,54.000000000000000000000000000000000000000
194.112991900000000000000000000000000000000,29.987450190000000000000000000000000000000,31.438330730000000000000000000000000000000,311.090519100000000000000000000000000000000,328.113159200000000000000000000000000000000,2.519999981000000000000000000000000000000,166.899993900000000000000000000000000000000,1.091052507000000000000000000000000000000,10.060335160000000000000000000000000000000,2.500000000000000000000000000000000000000,55.000000000000000000000000000000000000000
195.113301100000000000000000000000000000000,29.987427380000000000000000000000000000000,31.438339430000000000000000000000000000000,310.789263600000000000000000000000000000000,327.811950700000000000000000000000000000000,2.579999924000000000000000000000000000000,158.800003100000000000000000000000000000000,1.093676999000000000000000000000000000000,10.073438640000000000000000000000000000000,2.500000000000000000000000000000000000000,57.000000000000000000000000000000000000000
196.113144400000000000000000000000000000000,29.987406130000000000000000000000000000000,31.438351290000000000000000000000000000000,310.690157700000000000000000000000000000000,327.712890600000000000000000000000000000000,2.720000029000000000000000000000000000000,150.100006100000000000000000000000000000000,1.096407369000000000000000000000000000000,9.935046196000000000000000000000000000000,2.500000000000000000000000000000000000000,57.000000000000000000000000000000000000000
197.112945900000000000000000000000000000000,29.987388160000000000000000000000000000000,31.438370610000000000000000000000000000000,310.534108400000000000000000000000000000000,327.556884800000000000000000000000000000000,2.799999952000000000000000000000000000000,136.300003100000000000000000000000000000000,1.099471528000000000000000000000000000000,9.935046196000000000000000000000000000000,2.500000000000000000000000000000000000000,42.000000000000000000000000000000000000000
198.113420100000000000000000000000000000000,29.987371440000000000000000000000000000000,31.438395900000000000000000000000000000000,310.438239000000000000000000000000000000000,327.461059600000000000000000000000000000000,2.890000105000000000000000000000000000000,125.800003100000000000000000000000000000000,1.102424075000000000000000000000000000000,9.935046196000000000000000000000000000000,2.500000000000000000000000000000000000000,47.000000000000000000000000000000000000000
199.113373500000000000000000000000000000000,29.987360210000000000000000000000000000000,31.438423680000000000000000000000000000000,310.758943500000000000000000000000000000000,327.781799300000000000000000000000000000000,2.970000029000000000000000000000000000000,110.699996900000000000000000000000000000000,1.105425651000000000000000000000000000000,9.935046196000000000000000000000000000000,2.500000000000000000000000000000000000000,49.000000000000000000000000000000000000000
200.113339000000000000000000000000000000000,29.987353820000000000000000000000000000000,31.438453960000000000000000000000000000000,310.433476600000000000000000000000000000000,327.456359900000000000000000000000000000000,3.440000057000000000000000000000000000000,103.000000000000000000000000000000000000000,1.108500945000000000000000000000000000000,9.935046196000000000000000000000000000000,2.500000000000000000000000000000000000000,51.000000000000000000000000000000000000000
201.113099600000000000000000000000000000000,29.987350570000000000000000000000000000000,31.438485670000000000000000000000000000000,310.570661400000000000000000000000000000000,327.593566900000000000000000000000000000000,3.279999971000000000000000000000000000000,97.500000000000000000000000000000000000000,1.111773814000000000000000000000000000000,9.935046196000000000000000000000000000000,2.500000000000000000000000000000000000000,51.000000000000000000000000000000000000000
202.113055400000000000000000000000000000000,29.987350200000000000000000000000000000000,31.438519650000000000000000000000000000000,310.538355700000000000000000000000000000000,327.561279300000000000000000000000000000000,3.549999952000000000000000000000000000000,90.500000000000000000000000000000000000000,1.115110145000000000000000000000000000000,9.935046196000000000000000000000000000000,2.500000000000000000000000000000000000000,52.000000000000000000000000000000000000000
203.112920700000000000000000000000000000000,29.987351260000000000000000000000000000000,31.438554270000000000000000000000000000000,310.407785800000000000000000000000000000000,327.430725100000000000000000000000000000000,3.450000048000000000000000000000000000000,88.800003050000000000000000000000000000000,1.118487745000000000000000000000000000000,9.935046196000000000000000000000000000000,2.500000000000000000000000000000000000000,50.000000000000000000000000000000000000000
204.113116900000000000000000000000000000000,29.987351340000000000000000000000000000000,31.438589340000000000000000000000000000000,310.640983300000000000000000000000000000000,327.663940400000000000000000000000000000000,3.430000067000000000000000000000000000000,89.300003050000000000000000000000000000000,1.121763155000000000000000000000000000000,9.935046196000000000000000000000000000000,2.500000000000000000000000000000000000000,50.000000000000000000000000000000000000000
205.113528300000000000000000000000000000000,29.987350660000000000000000000000000000000,31.438623340000000000000000000000000000000,310.508030100000000000000000000000000000000,327.531005900000000000000000000000000000000,3.319999933000000000000000000000000000000,91.099998470000000000000000000000000000000,1.125013533000000000000000000000000000000,9.935046196000000000000000000000000000000,2.500000000000000000000000000000000000000,47.000000000000000000000000000000000000000
206.112855100000000000000000000000000000000,29.987348930000000000000000000000000000000,31.438657030000000000000000000000000000000,310.676466600000000000000000000000000000000,327.699462900000000000000000000000000000000,3.339999914000000000000000000000000000000,92.199996950000000000000000000000000000000,1.128235386000000000000000000000000000000,9.935046196000000000000000000000000000000,2.500000000000000000000000000000000000000,45.000000000000000000000000000000000000000
207.112794500000000000000000000000000000000,29.987347300000000000000000000000000000000,31.438690430000000000000000000000000000000,310.810296600000000000000000000000000000000,327.833313000000000000000000000000000000000,3.319999933000000000000000000000000000000,92.000000000000000000000000000000000000000,1.131596577000000000000000000000000000000,9.935046196000000000000000000000000000000,2.500000000000000000000000000000000000000,44.000000000000000000000000000000000000000
208.112744100000000000000000000000000000000,29.987345390000000000000000000000000000000,31.438725260000000000000000000000000000000,310.824862600000000000000000000000000000000,327.847900400000000000000000000000000000000,3.440000057000000000000000000000000000000,92.900001530000000000000000000000000000000,1.135013357000000000000000000000000000000,9.935046196000000000000000000000000000000,2.500000000000000000000000000000000000000,46.000000000000000000000000000000000000000
209.112825900000000000000000000000000000000,29.987343810000000000000000000000000000000,31.438760690000000000000000000000000000000,310.790906000000000000000000000000000000000,327.813964800000000000000000000000000000000,3.400000095000000000000000000000000000000,92.599998470000000000000000000000000000000,1.138423095000000000000000000000000000000,9.935046196000000000000000000000000000000,2.500000000000000000000000000000000000000,46.000000000000000000000000000000000000000
210.112832100000000000000000000000000000000,29.987342470000000000000000000000000000000,31.438796060000000000000000000000000000000,310.681144200000000000000000000000000000000,327.704223600000000000000000000000000000000,3.430000067000000000000000000000000000000,91.199996950000000000000000000000000000000,1.141822016000000000000000000000000000000,9.935046196000000000000000000000000000000,2.500000000000000000000000000000000000000,48.000000000000000000000000000000000000000
211.113611600000000000000000000000000000000,29.987341690000000000000000000000000000000,31.438831340000000000000000000000000000000,310.903658800000000000000000000000000000000,327.926757800000000000000000000000000000000,3.450000048000000000000000000000000000000,89.699996950000000000000000000000000000000,1.145133153000000000000000000000000000000,9.935046196000000000000000000000000000000,2.500000000000000000000000000000000000000,48.000000000000000000000000000000000000000
212.113422600000000000000000000000000000000,29.987341730000000000000000000000000000000,31.438865720000000000000000000000000000000,311.007767300000000000000000000000000000000,328.030883800000000000000000000000000000000,3.160000086000000000000000000000000000000,89.300003050000000000000000000000000000000,1.148292241000000000000000000000000000000,9.935046196000000000000000000000000000000,2.500000000000000000000000000000000000000,48.000000000000000000000000000000000000000
213.113134800000000000000000000000000000000,29.987341480000000000000000000000000000000,31.438898520000000000000000000000000000000,310.927000500000000000000000000000000000000,327.950134300000000000000000000000000000000,3.099999905000000000000000000000000000000,90.900001530000000000000000000000000000000,1.151615819000000000000000000000000000000,9.935046196000000000000000000000000000000,2.500000000000000000000000000000000000000,50.000000000000000000000000000000000000000
214.113455400000000000000000000000000000000,29.987340790000000000000000000000000000000,31.438933020000000000000000000000000000000,310.800394700000000000000000000000000000000,327.823547400000000000000000000000000000000,3.329999924000000000000000000000000000000,92.400001530000000000000000000000000000000,1.155031496000000000000000000000000000000,9.935046196000000000000000000000000000000,2.500000000000000000000000000000000000000,49.000000000000000000000000000000000000000
215.113373800000000000000000000000000000000,29.987340250000000000000000000000000000000,31.438968480000000000000000000000000000000,310.788351600000000000000000000000000000000,327.811523400000000000000000000000000000000,3.480000019000000000000000000000000000000,90.800003050000000000000000000000000000000,1.158557419000000000000000000000000000000,9.935046196000000000000000000000000000000,2.500000000000000000000000000000000000000,50.000000000000000000000000000000000000000
216.113507100000000000000000000000000000000,29.987340150000000000000000000000000000000,31.439005090000000000000000000000000000000,310.740969400000000000000000000000000000000,327.764160200000000000000000000000000000000,3.539999962000000000000000000000000000000,89.800003050000000000000000000000000000000,1.162046736000000000000000000000000000000,9.935046196000000000000000000000000000000,2.500000000000000000000000000000000000000,48.000000000000000000000000000000000000000
217.113336300000000000000000000000000000000,29.987340220000000000000000000000000000000,31.439041320000000000000000000000000000000,310.802718600000000000000000000000000000000,327.825927700000000000000000000000000000000,3.410000086000000000000000000000000000000,89.400001530000000000000000000000000000000,1.165548595000000000000000000000000000000,9.935046196000000000000000000000000000000,2.500000000000000000000000000000000000000,49.000000000000000000000000000000000000000
218.113356500000000000000000000000000000000,29.987340350000000000000000000000000000000,31.439077680000000000000000000000000000000,310.768886700000000000000000000000000000000,327.792114300000000000000000000000000000000,3.470000029000000000000000000000000000000,88.800003050000000000000000000000000000000,1.169089778000000000000000000000000000000,9.935046196000000000000000000000000000000,2.500000000000000000000000000000000000000,49.000000000000000000000000000000000000000
219.112923100000000000000000000000000000000,29.987341040000000000000000000000000000000,31.439114440000000000000000000000000000000,310.813363900000000000000000000000000000000,327.836608900000000000000000000000000000000,3.630000114000000000000000000000000000000,88.599998470000000000000000000000000000000,1.172680851000000000000000000000000000000,9.935046196000000000000000000000000000000,2.500000000000000000000000000000000000000,48.000000000000000000000000000000000000000
220.112757200000000000000000000000000000000,29.987342970000000000000000000000000000000,31.439151660000000000000000000000000000000,310.687310800000000000000000000000000000000,327.710571300000000000000000000000000000000,3.579999924000000000000000000000000000000,85.300003050000000000000000000000000000000,1.176290911000000000000000000000000000000,9.935046196000000000000000000000000000000,2.500000000000000000000000000000000000000,49.000000000000000000000000000000000000000
221.113200900000000000000000000000000000000,29.987347420000000000000000000000000000000,31.439188790000000000000000000000000000000,310.686567700000000000000000000000000000000,327.709838900000000000000000000000000000000,3.619999886000000000000000000000000000000,80.900001530000000000000000000000000000000,1.179819705000000000000000000000000000000,9.935046196000000000000000000000000000000,2.500000000000000000000000000000000000000,49.000000000000000000000000000000000000000
222.113529100000000000000000000000000000000,29.987352540000000000000000000000000000000,31.439224950000000000000000000000000000000,310.747594000000000000000000000000000000000,327.770874000000000000000000000000000000000,3.500000000000000000000000000000000000000,80.099998470000000000000000000000000000000,1.183200150000000000000000000000000000000,9.935046196000000000000000000000000000000,2.500000000000000000000000000000000000000,50.000000000000000000000000000000000000000
223.113602900000000000000000000000000000000,29.987356370000000000000000000000000000000,31.439259770000000000000000000000000000000,310.108545200000000000000000000000000000000,327.131835900000000000000000000000000000000,3.259999990000000000000000000000000000000,83.400001530000000000000000000000000000000,1.186412153000000000000000000000000000000,9.935046196000000000000000000000000000000,2.500000000000000000000000000000000000000,50.000000000000000000000000000000000000000
224.112904700000000000000000000000000000000,29.987358250000000000000000000000000000000,31.439293050000000000000000000000000000000,310.187206000000000000000000000000000000000,327.210510300000000000000000000000000000000,3.180000067000000000000000000000000000000,85.800003050000000000000000000000000000000,1.189273886000000000000000000000000000000,9.935046196000000000000000000000000000000,2.500000000000000000000000000000000000000,49.000000000000000000000000000000000000000
225.113156400000000000000000000000000000000,29.987359280000000000000000000000000000000,31.439322740000000000000000000000000000000,310.223997000000000000000000000000000000000,327.247314500000000000000000000000000000000,2.789999962000000000000000000000000000000,86.699996950000000000000000000000000000000,1.191862056000000000000000000000000000000,9.935046196000000000000000000000000000000,2.500000000000000000000000000000000000000,48.000000000000000000000000000000000000000
226.112874300000000000000000000000000000000,29.987360250000000000000000000000000000000,31.439349590000000000000000000000000000000,310.133897100000000000000000000000000000000,327.157226600000000000000000000000000000000,2.599999905000000000000000000000000000000,85.199996950000000000000000000000000000000,1.194242303000000000000000000000000000000,9.935046196000000000000000000000000000000,2.500000000000000000000000000000000000000,49.000000000000000000000000000000000000000
227.113161100000000000000000000000000000000,29.987362930000000000000000000000000000000,31.439374110000000000000000000000000000000,310.109719700000000000000000000000000000000,327.133056600000000000000000000000000000000,2.420000076000000000000000000000000000000,82.199996950000000000000000000000000000000,1.196518742000000000000000000000000000000,9.935046196000000000000000000000000000000,2.500000000000000000000000000000000000000,49.000000000000000000000000000000000000000
228.113251200000000000000000000000000000000,29.987366570000000000000000000000000000000,31.439397370000000000000000000000000000000,310.359714600000000000000000000000000000000,327.383056600000000000000000000000000000000,2.390000105000000000000000000000000000000,79.699996950000000000000000000000000000000,1.198743004000000000000000000000000000000,9.935046196000000000000000000000000000000,2.500000000000000000000000000000000000000,49.000000000000000000000000000000000000000
229.113050600000000000000000000000000000000,29.987370850000000000000000000000000000000,31.439419930000000000000000000000000000000,310.371185700000000000000000000000000000000,327.394531200000000000000000000000000000000,2.289999962000000000000000000000000000000,78.300003050000000000000000000000000000000,1.200730104000000000000000000000000000000,9.935046196000000000000000000000000000000,2.500000000000000000000000000000000000000,48.000000000000000000000000000000000000000
230.112773600000000000000000000000000000000,29.987375030000000000000000000000000000000,31.439439990000000000000000000000000000000,310.004972300000000000000000000000000000000,327.028320300000000000000000000000000000000,2.049999952000000000000000000000000000000,77.699996950000000000000000000000000000000,1.202604673000000000000000000000000000000,9.935046196000000000000000000000000000000,2.500000000000000000000000000000000000000,48.000000000000000000000000000000000000000
231.113195500000000000000000000000000000000,29.987378610000000000000000000000000000000,31.439459010000000000000000000000000000000,309.721399900000000000000000000000000000000,326.744751000000000000000000000000000000000,1.970000029000000000000000000000000000000,77.099998470000000000000000000000000000000,1.204295897000000000000000000000000000000,9.935046196000000000000000000000000000000,2.500000000000000000000000000000000000000,44.000000000000000000000000000000000000000
232.113549100000000000000000000000000000000,29.987380660000000000000000000000000000000,31.439476410000000000000000000000000000000,309.619588200000000000000000000000000000000,326.642944300000000000000000000000000000000,1.700000048000000000000000000000000000000,81.699996950000000000000000000000000000000,1.205352741000000000000000000000000000000,9.935046196000000000000000000000000000000,2.500000000000000000000000000000000000000,44.000000000000000000000000000000000000000
233.113190300000000000000000000000000000000,29.987380040000000000000000000000000000000,31.439487360000000000000000000000000000000,309.722425700000000000000000000000000000000,326.745788600000000000000000000000000000000,1.000000000000000000000000000000000000000,86.900001530000000000000000000000000000000,1.205887847000000000000000000000000000000,9.935046196000000000000000000000000000000,2.500000000000000000000000000000000000000,44.000000000000000000000000000000000000000
234.113102800000000000000000000000000000000,29.987378490000000000000000000000000000000,31.439492620000000000000000000000000000000,309.757576300000000000000000000000000000000,326.780944800000000000000000000000000000000,0.479999989300000000000000000000000000000,93.000000000000000000000000000000000000000,1.206197054000000000000000000000000000000,9.935046196000000000000000000000000000000,2.500000000000000000000000000000000000000,43.000000000000000000000000000000000000000
235.112948300000000000000000000000000000000,29.987376170000000000000000000000000000000,31.439494390000000000000000000000000000000,309.838808900000000000000000000000000000000,326.862182600000000000000000000000000000000,0.150000006000000000000000000000000000000,114.900001500000000000000000000000000000000,1.206505842000000000000000000000000000000,9.935046196000000000000000000000000000000,2.500000000000000000000000000000000000000,47.000000000000000000000000000000000000000
236.113549300000000000000000000000000000000,29.987373460000000000000000000000000000000,31.439493690000000000000000000000000000000,309.841733800000000000000000000000000000000,326.865112300000000000000000000000000000000,0.000000000000000000000000000000000000000,NaN,1.231226125000000000000000000000000000000,9.935046196000000000000000000000000000000,2.500000000000000000000000000000000000000,48.000000000000000000000000000000000000000
237.413318000000000000000000000000000000000,29.987237400000000000000000000000000000000,31.439290700000000000000000000000000000000,308.776489400000000000000000000000000000000,325.800018300000000000000000000000000000000,NaN,NaN,1.255661340000000000000000000000000000000,56.099998470000000000000000000000000000000,5.689230919000000000000000000000000000000,0.000000000000000000000000000000000000000
239.091700000000000000000000000000000000000,29.987378360000000000000000000000000000000,31.439485340000000000000000000000000000000,315.675365400000000000000000000000000000000,332.698730500000000000000000000000000000000,0.000000000000000000000000000000000000000,NaN,1.256054759000000000000000000000000000000,7.951941967000000000000000000000000000000,16.229551320000000000000000000000000000000,0.000000000000000000000000000000000000000
240.091571500000000000000000000000000000000,29.987381330000000000000000000000000000000,31.439483120000000000000000000000000000000,315.958697300000000000000000000000000000000,332.982055700000000000000000000000000000000,0.000000000000000000000000000000000000000,NaN,1.256091655000000000000000000000000000000,4.711738586000000000000000000000000000000,9.727613449000000000000000000000000000000,20.000000000000000000000000000000000000000
241.091846000000000000000000000000000000000,29.987381660000000000000000000000000000000,31.439483160000000000000000000000000000000,315.687152500000000000000000000000000000000,332.710510300000000000000000000000000000000,0.000000000000000000000000000000000000000,NaN,1.256215454000000000000000000000000000000,4.249176502000000000000000000000000000000,9.018250465000000000000000000000000000000,24.000000000000000000000000000000000000000
242.092233700000000000000000000000000000000,29.987382410000000000000000000000000000000,31.439482210000000000000000000000000000000,316.602742800000000000000000000000000000000,333.626098600000000000000000000000000000000,0.000000000000000000000000000000000000000,NaN,1.260165006000000000000000000000000000000,3.790092468000000000000000000000000000000,5.969817638000000000000000000000000000000,27.000000000000000000000000000000000000000
243.092318000000000000000000000000000000000,29.987373180000000000000000000000000000000,31.439521810000000000000000000000000000000,311.934004100000000000000000000000000000000,328.957397500000000000000000000000000000000,0.889999985700000000000000000000000000000,96.000000000000000000000000000000000000000,1.261143981000000000000000000000000000000,3.790092468000000000000000000000000000000,4.549210072000000000000000000000000000000,32.000000000000000000000000000000000000000
244.091997500000000000000000000000000000000,29.987370750000000000000000000000000000000,31.439531580000000000000000000000000000000,312.815098100000000000000000000000000000000,329.838501000000000000000000000000000000000,1.409999967000000000000000000000000000000,119.000000000000000000000000000000000000000,1.263580946000000000000000000000000000000,3.790092468000000000000000000000000000000,4.386620522000000000000000000000000000000,35.000000000000000000000000000000000000000
245.092569900000000000000000000000000000000,29.987360980000000000000000000000000000000,31.439554230000000000000000000000000000000,313.262455900000000000000000000000000000000,330.285888700000000000000000000000000000000,1.669999957000000000000000000000000000000,116.099998500000000000000000000000000000000,1.265530570000000000000000000000000000000,3.790092468000000000000000000000000000000,3.431759834000000000000000000000000000000,38.000000000000000000000000000000000000000
246.092141500000000000000000000000000000000,29.987356150000000000000000000000000000000,31.439573690000000000000000000000000000000,313.216416400000000000000000000000000000000,330.239868200000000000000000000000000000000,2.269999981000000000000000000000000000000,112.900001500000000000000000000000000000000,1.268367599000000000000000000000000000000,3.790092468000000000000000000000000000000,3.276243448000000000000000000000000000000,38.000000000000000000000000000000000000000
247.091684600000000000000000000000000000000,29.987348690000000000000000000000000000000,31.439601860000000000000000000000000000000,315.511371000000000000000000000000000000000,332.534851100000000000000000000000000000000,2.460000038000000000000000000000000000000,104.699996900000000000000000000000000000000,1.271466289000000000000000000000000000000,3.790092468000000000000000000000000000000,3.175124407000000000000000000000000000000,38.000000000000000000000000000000000000000
248.091605600000000000000000000000000000000,29.987341420000000000000000000000000000000,31.439632920000000000000000000000000000000,315.033131100000000000000000000000000000000,332.056640600000000000000000000000000000000,2.789999962000000000000000000000000000000,101.699996900000000000000000000000000000000,1.274530376000000000000000000000000000000,3.790092468000000000000000000000000000000,3.242294788000000000000000000000000000000,39.000000000000000000000000000000000000000
249.092218800000000000000000000000000000000,29.987335900000000000000000000000000000000,31.439664090000000000000000000000000000000,315.381127300000000000000000000000000000000,332.404663100000000000000000000000000000000,3.200000048000000000000000000000000000000,99.199996950000000000000000000000000000000,1.277775581000000000000000000000000000000,3.790092468000000000000000000000000000000,3.103477240000000000000000000000000000000,36.000000000000000000000000000000000000000
250.091999800000000000000000000000000000000,29.987333100000000000000000000000000000000,31.439697630000000000000000000000000000000,315.505738600000000000000000000000000000000,332.529296900000000000000000000000000000000,3.509999990000000000000000000000000000000,97.199996950000000000000000000000000000000,1.281103910000000000000000000000000000000,3.790092468000000000000000000000000000000,2.759029627000000000000000000000000000000,36.000000000000000000000000000000000000000
251.092014200000000000000000000000000000000,29.987332120000000000000000000000000000000,31.439732170000000000000000000000000000000,315.825848500000000000000000000000000000000,332.849426300000000000000000000000000000000,3.549999952000000000000000000000000000000,95.599998470000000000000000000000000000000,1.284595208000000000000000000000000000000,3.790092468000000000000000000000000000000,2.567680359000000000000000000000000000000,38.000000000000000000000000000000000000000
252.091860500000000000000000000000000000000,29.987331930000000000000000000000000000000,31.439768420000000000000000000000000000000,316.565514700000000000000000000000000000000,333.589111300000000000000000000000000000000,3.630000114000000000000000000000000000000,93.500000000000000000000000000000000000000,1.288150208000000000000000000000000000000,3.790092468000000000000000000000000000000,2.500000000000000000000000000000000000000,41.000000000000000000000000000000000000000
253.091773800000000000000000000000000000000,29.987331590000000000000000000000000000000,31.439805330000000000000000000000000000000,316.264775000000000000000000000000000000000,333.288391100000000000000000000000000000000,3.579999924000000000000000000000000000000,93.000000000000000000000000000000000000000,1.291784978000000000000000000000000000000,3.790092468000000000000000000000000000000,2.500000000000000000000000000000000000000,41.000000000000000000000000000000000000000
254.091599500000000000000000000000000000000,29.987331730000000000000000000000000000000,31.439843070000000000000000000000000000000,316.223923400000000000000000000000000000000,333.247558600000000000000000000000000000000,3.670000076000000000000000000000000000000,93.500000000000000000000000000000000000000,1.295392059000000000000000000000000000000,3.790092468000000000000000000000000000000,2.500000000000000000000000000000000000000,41.000000000000000000000000000000000000000
255.092416200000000000000000000000000000000,29.987331330000000000000000000000000000000,31.439880520000000000000000000000000000000,315.644191600000000000000000000000000000000,332.667846700000000000000000000000000000000,3.539999962000000000000000000000000000000,92.900001530000000000000000000000000000000,1.298951766000000000000000000000000000000,3.790092468000000000000000000000000000000,2.500000000000000000000000000000000000000,41.000000000000000000000000000000000000000
256.092303700000000000000000000000000000000,29.987331100000000000000000000000000000000,31.439917480000000000000000000000000000000,315.737189800000000000000000000000000000000,332.760864300000000000000000000000000000000,3.579999924000000000000000000000000000000,92.599998470000000000000000000000000000000,1.302692702000000000000000000000000000000,3.790092468000000000000000000000000000000,2.500000000000000000000000000000000000000,41.000000000000000000000000000000000000000
257.092008600000000000000000000000000000000,29.987330240000000000000000000000000000000,31.439956310000000000000000000000000000000,314.990952500000000000000000000000000000000,332.014648400000000000000000000000000000000,3.640000105000000000000000000000000000000,92.699996950000000000000000000000000000000,1.306339011000000000000000000000000000000,3.790092468000000000000000000000000000000,2.500000000000000000000000000000000000000,41.000000000000000000000000000000000000000
258.092284000000000000000000000000000000000,29.987329170000000000000000000000000000000,31.439994150000000000000000000000000000000,314.624109900000000000000000000000000000000,331.647827100000000000000000000000000000000,3.519999981000000000000000000000000000000,91.300003050000000000000000000000000000000,1.309834523000000000000000000000000000000,3.790092468000000000000000000000000000000,2.500000000000000000000000000000000000000,42.000000000000000000000000000000000000000
259.092535100000000000000000000000000000000,29.987328680000000000000000000000000000000,31.440030440000000000000000000000000000000,314.664190500000000000000000000000000000000,331.687927200000000000000000000000000000000,3.549999952000000000000000000000000000000,91.300003050000000000000000000000000000000,1.313359492000000000000000000000000000000,3.790092468000000000000000000000000000000,2.500000000000000000000000000000000000000,43.000000000000000000000000000000000000000
260.092505300000000000000000000000000000000,29.987328560000000000000000000000000000000,31.440067040000000000000000000000000000000,314.589098300000000000000000000000000000000,331.612854000000000000000000000000000000000,3.559999943000000000000000000000000000000,91.300003050000000000000000000000000000000,1.316833391000000000000000000000000000000,3.790092468000000000000000000000000000000,2.500000000000000000000000000000000000000,43.000000000000000000000000000000000000000
261.092308300000000000000000000000000000000,29.987328580000000000000000000000000000000,31.440103110000000000000000000000000000000,314.481963200000000000000000000000000000000,331.505737300000000000000000000000000000000,3.539999962000000000000000000000000000000,90.500000000000000000000000000000000000000,1.320362257000000000000000000000000000000,3.790092468000000000000000000000000000000,2.500000000000000000000000000000000000000,46.000000000000000000000000000000000000000
262.092221800000000000000000000000000000000,29.987328380000000000000000000000000000000,31.440139750000000000000000000000000000000,313.878733600000000000000000000000000000000,330.902526900000000000000000000000000000000,3.549999952000000000000000000000000000000,90.800003050000000000000000000000000000000,1.323926805000000000000000000000000000000,3.790092468000000000000000000000000000000,2.500000000000000000000000000000000000000,47.000000000000000000000000000000000000000
263.092175800000000000000000000000000000000,29.987328120000000000000000000000000000000,31.440176760000000000000000000000000000000,313.552969600000000000000000000000000000000,330.576782200000000000000000000000000000000,3.599999905000000000000000000000000000000,91.199996950000000000000000000000000000000,1.327609205000000000000000000000000000000,3.790092468000000000000000000000000000000,2.500000000000000000000000000000000000000,47.000000000000000000000000000000000000000
264.091810200000000000000000000000000000000,29.987327590000000000000000000000000000000,31.440214990000000000000000000000000000000,313.351655100000000000000000000000000000000,330.375488300000000000000000000000000000000,3.640000105000000000000000000000000000000,90.000000000000000000000000000000000000000,1.331291316000000000000000000000000000000,3.790092468000000000000000000000000000000,2.500000000000000000000000000000000000000,45.000000000000000000000000000000000000000
265.091851400000000000000000000000000000000,29.987327260000000000000000000000000000000,31.440253220000000000000000000000000000000,313.374645200000000000000000000000000000000,330.398498500000000000000000000000000000000,3.609999895000000000000000000000000000000,89.500000000000000000000000000000000000000,1.334779989000000000000000000000000000000,3.790092468000000000000000000000000000000,2.500000000000000000000000000000000000000,42.000000000000000000000000000000000000000
266.091667900000000000000000000000000000000,29.987327690000000000000000000000000000000,31.440289440000000000000000000000000000000,313.683404300000000000000000000000000000000,330.707275400000000000000000000000000000000,3.390000105000000000000000000000000000000,89.199996950000000000000000000000000000000,1.338534517000000000000000000000000000000,3.790092468000000000000000000000000000000,2.500000000000000000000000000000000000000,44.000000000000000000000000000000000000000
267.092549300000000000000000000000000000000,29.987328870000000000000000000000000000000,31.440328400000000000000000000000000000000,313.786413900000000000000000000000000000000,330.810302700000000000000000000000000000000,3.950000048000000000000000000000000000000,88.800003050000000000000000000000000000000,1.342390688000000000000000000000000000000,3.790092468000000000000000000000000000000,2.500000000000000000000000000000000000000,43.000000000000000000000000000000000000000
268.092497100000000000000000000000000000000,29.987331050000000000000000000000000000000,31.440368360000000000000000000000000000000,313.987020100000000000000000000000000000000,331.010925300000000000000000000000000000000,3.940000057000000000000000000000000000000,88.500000000000000000000000000000000000000,1.346251223000000000000000000000000000000,3.790092468000000000000000000000000000000,2.500000000000000000000000000000000000000,42.000000000000000000000000000000000000000
269.092561300000000000000000000000000000000,29.987332490000000000000000000000000000000,31.440408410000000000000000000000000000000,314.177859200000000000000000000000000000000,331.201782200000000000000000000000000000000,3.950000048000000000000000000000000000000,88.500000000000000000000000000000000000000,1.350105590000000000000000000000000000000,3.790092468000000000000000000000000000000,2.500000000000000000000000000000000000000,40.000000000000000000000000000000000000000
270.092318200000000000000000000000000000000,29.987334230000000000000000000000000000000,31.440448380000000000000000000000000000000,314.078843000000000000000000000000000000000,331.102783200000000000000000000000000000000,3.859999895000000000000000000000000000000,87.599998470000000000000000000000000000000,1.354105648000000000000000000000000000000,3.790092468000000000000000000000000000000,2.500000000000000000000000000000000000000,40.000000000000000000000000000000000000000
271.092189400000000000000000000000000000000,29.987336050000000000000000000000000000000,31.440489860000000000000000000000000000000,313.227628900000000000000000000000000000000,330.251586900000000000000000000000000000000,3.880000114000000000000000000000000000000,86.699996950000000000000000000000000000000,1.358037631000000000000000000000000000000,3.790092468000000000000000000000000000000,2.500000000000000000000000000000000000000,40.000000000000000000000000000000000000000
272.091941000000000000000000000000000000000,29.987338830000000000000000000000000000000,31.440530560000000000000000000000000000000,313.296216800000000000000000000000000000000,330.320190400000000000000000000000000000000,3.829999924000000000000000000000000000000,85.500000000000000000000000000000000000000,1.361909073000000000000000000000000000000,3.790092468000000000000000000000000000000,2.500000000000000000000000000000000000000,41.000000000000000000000000000000000000000
273.091782600000000000000000000000000000000,29.987343130000000000000000000000000000000,31.440570450000000000000000000000000000000,312.724060900000000000000000000000000000000,329.748046900000000000000000000000000000000,3.740000010000000000000000000000000000000,83.300003050000000000000000000000000000000,1.365789486000000000000000000000000000000,3.790092468000000000000000000000000000000,2.500000000000000000000000000000000000000,43.000000000000000000000000000000000000000
274.092107400000000000000000000000000000000,29.987347660000000000000000000000000000000,31.440610400000000000000000000000000000000,312.549976600000000000000000000000000000000,329.573974600000000000000000000000000000000,3.789999962000000000000000000000000000000,83.599998470000000000000000000000000000000,1.369648621000000000000000000000000000000,3.790092468000000000000000000000000000000,2.500000000000000000000000000000000000000,41.000000000000000000000000000000000000000
275.092541800000000000000000000000000000000,29.987349710000000000000000000000000000000,31.440650400000000000000000000000000000000,312.055331100000000000000000000000000000000,329.079345700000000000000000000000000000000,3.750000000000000000000000000000000000000,86.599998470000000000000000000000000000000,1.373271974000000000000000000000000000000,3.790092468000000000000000000000000000000,2.500000000000000000000000000000000000000,42.000000000000000000000000000000000000000
276.092269200000000000000000000000000000000,29.987350030000000000000000000000000000000,31.440688020000000000000000000000000000000,311.368972100000000000000000000000000000000,328.393005400000000000000000000000000000000,3.539999962000000000000000000000000000000,88.099998470000000000000000000000000000000,1.376800177000000000000000000000000000000,3.790092468000000000000000000000000000000,2.500000000000000000000000000000000000000,43.000000000000000000000000000000000000000
277.091792100000000000000000000000000000000,29.987350490000000000000000000000000000000,31.440724650000000000000000000000000000000,311.277523600000000000000000000000000000000,328.301574700000000000000000000000000000000,3.319999933000000000000000000000000000000,88.699996950000000000000000000000000000000,1.380061379000000000000000000000000000000,3.790092468000000000000000000000000000000,2.500000000000000000000000000000000000000,43.000000000000000000000000000000000000000
278.092512000000000000000000000000000000000,29.987350210000000000000000000000000000000,31.440758510000000000000000000000000000000,311.212686400000000000000000000000000000000,328.236755400000000000000000000000000000000,3.150000095000000000000000000000000000000,89.599998470000000000000000000000000000000,1.382996611000000000000000000000000000000,3.790092468000000000000000000000000000000,2.500000000000000000000000000000000000000,44.000000000000000000000000000000000000000
279.091642100000000000000000000000000000000,29.987349100000000000000000000000000000000,31.440788960000000000000000000000000000000,311.529380200000000000000000000000000000000,328.553466800000000000000000000000000000000,2.720000029000000000000000000000000000000,90.900001530000000000000000000000000000000,1.385685762000000000000000000000000000000,3.790092468000000000000000000000000000000,2.500000000000000000000000000000000000000,44.000000000000000000000000000000000000000
280.092437100000000000000000000000000000000,29.987347140000000000000000000000000000000,31.440816790000000000000000000000000000000,311.647282200000000000000000000000000000000,328.671386700000000000000000000000000000000,2.589999914000000000000000000000000000000,94.500000000000000000000000000000000000000,1.387741925000000000000000000000000000000,3.790092468000000000000000000000000000000,2.500000000000000000000000000000000000000,45.000000000000000000000000000000000000000
281.092276100000000000000000000000000000000,29.987345030000000000000000000000000000000,31.440838000000000000000000000000000000000,311.852467600000000000000000000000000000000,328.876586900000000000000000000000000000000,1.899999976000000000000000000000000000000,96.599998470000000000000000000000000000000,1.388592609000000000000000000000000000000,3.790092468000000000000000000000000000000,2.500000000000000000000000000000000000000,45.000000000000000000000000000000000000000
282.091613800000000000000000000000000000000,29.987343660000000000000000000000000000000,31.440846690000000000000000000000000000000,311.993818000000000000000000000000000000000,329.017944300000000000000000000000000000000,0.490000009500000000000000000000000000000,95.599998470000000000000000000000000000000,1.389670730000000000000000000000000000000,3.790092468000000000000000000000000000000,2.500000000000000000000000000000000000000,42.000000000000000000000000000000000000000
283.092490400000000000000000000000000000000,29.987341240000000000000000000000000000000,31.440857530000000000000000000000000000000,312.168612600000000000000000000000000000000,329.192749000000000000000000000000000000000,1.289999962000000000000000000000000000000,103.000000000000000000000000000000000000000,1.390316295000000000000000000000000000000,3.790092468000000000000000000000000000000,2.500000000000000000000000000000000000000,38.000000000000000000000000000000000000000
284.092406000000000000000000000000000000000,29.987339660000000000000000000000000000000,31.440863980000000000000000000000000000000,312.373013100000000000000000000000000000000,329.397155800000000000000000000000000000000,0.600000023800000000000000000000000000000,95.199996950000000000000000000000000000000,1.390789979000000000000000000000000000000,3.790092468000000000000000000000000000000,2.500000000000000000000000000000000000000,39.000000000000000000000000000000000000000
285.092217500000000000000000000000000000000,29.987338350000000000000000000000000000000,31.440868660000000000000000000000000000000,312.681968200000000000000000000000000000000,329.706115700000000000000000000000000000000,0.540000021500000000000000000000000000000,95.099998470000000000000000000000000000000,1.391069545000000000000000000000000000000,3.790092468000000000000000000000000000000,2.500000000000000000000000000000000000000,36.000000000000000000000000000000000000000
286.092545500000000000000000000000000000000,29.987337920000000000000000000000000000000,31.440871520000000000000000000000000000000,312.922139300000000000000000000000000000000,329.946289100000000000000000000000000000000,0.349999994000000000000000000000000000000,95.000000000000000000000000000000000000000,1.391724019000000000000000000000000000000,3.790092468000000000000000000000000000000,2.500000000000000000000000000000000000000,35.000000000000000000000000000000000000000
287.092249700000000000000000000000000000000,29.987337240000000000000000000000000000000,31.440878270000000000000000000000000000000,312.585342600000000000000000000000000000000,329.609497100000000000000000000000000000000,0.790000021500000000000000000000000000000,99.199996950000000000000000000000000000000,1.392308937000000000000000000000000000000,3.790092468000000000000000000000000000000,2.500000000000000000000000000000000000000,35.000000000000000000000000000000000000000
288.091645800000000000000000000000000000000,29.987336690000000000000000000000000000000,31.440884310000000000000000000000000000000,312.752818900000000000000000000000000000000,329.776977500000000000000000000000000000000,0.629999995200000000000000000000000000000,98.800003050000000000000000000000000000000,1.393031669000000000000000000000000000000,3.790092468000000000000000000000000000000,2.500000000000000000000000000000000000000,36.000000000000000000000000000000000000000
289.092413300000000000000000000000000000000,29.987335910000000000000000000000000000000,31.440891760000000000000000000000000000000,312.333746300000000000000000000000000000000,329.357910200000000000000000000000000000000,0.730000019100000000000000000000000000000,98.800003050000000000000000000000000000000,1.394465926000000000000000000000000000000,3.790092468000000000000000000000000000000,2.500000000000000000000000000000000000000,37.000000000000000000000000000000000000000
290.091799100000000000000000000000000000000,29.987335390000000000000000000000000000000,31.440906640000000000000000000000000000000,312.004880300000000000000000000000000000000,329.029052700000000000000000000000000000000,1.799999952000000000000000000000000000000,93.800003050000000000000000000000000000000,1.396726950000000000000000000000000000000,3.790092468000000000000000000000000000000,2.500000000000000000000000000000000000000,36.000000000000000000000000000000000000000
291.091718000000000000000000000000000000000,29.987334910000000000000000000000000000000,31.440930110000000000000000000000000000000,312.037216000000000000000000000000000000000,329.061401400000000000000000000000000000000,2.700000048000000000000000000000000000000,91.199996950000000000000000000000000000000,1.400012398000000000000000000000000000000,3.790092468000000000000000000000000000000,2.500000000000000000000000000000000000000,35.000000000000000000000000000000000000000
292.092584300000000000000000000000000000000,29.987334500000000000000000000000000000000,31.440964220000000000000000000000000000000,311.624233900000000000000000000000000000000,328.648437500000000000000000000000000000000,3.789999962000000000000000000000000000000,90.400001530000000000000000000000000000000,1.403548305000000000000000000000000000000,3.790092468000000000000000000000000000000,2.500000000000000000000000000000000000000,40.000000000000000000000000000000000000000
293.092464800000000000000000000000000000000,29.987334960000000000000000000000000000000,31.441000930000000000000000000000000000000,312.201120300000000000000000000000000000000,329.225341800000000000000000000000000000000,3.759999990000000000000000000000000000000,89.900001530000000000000000000000000000000,1.407139736000000000000000000000000000000,3.790092468000000000000000000000000000000,2.500000000000000000000000000000000000000,40.000000000000000000000000000000000000000
294.092268400000000000000000000000000000000,29.987335100000000000000000000000000000000,31.441038220000000000000000000000000000000,312.424490100000000000000000000000000000000,329.448730500000000000000000000000000000000,3.599999905000000000000000000000000000000,89.800003050000000000000000000000000000000,1.410846985000000000000000000000000000000,3.790092468000000000000000000000000000000,2.500000000000000000000000000000000000000,44.000000000000000000000000000000000000000
295.091887800000000000000000000000000000000,29.987334690000000000000000000000000000000,31.441076710000000000000000000000000000000,312.537445800000000000000000000000000000000,329.561706500000000000000000000000000000000,3.720000029000000000000000000000000000000,89.400001530000000000000000000000000000000,1.414651888000000000000000000000000000000,3.790092468000000000000000000000000000000,2.500000000000000000000000000000000000000,44.000000000000000000000000000000000000000
296.092417600000000000000000000000000000000,29.987332700000000000000000000000000000000,31.441116150000000000000000000000000000000,311.992194800000000000000000000000000000000,329.016479500000000000000000000000000000000,3.819999933000000000000000000000000000000,91.300003050000000000000000000000000000000,1.418474179000000000000000000000000000000,3.790092468000000000000000000000000000000,2.500000000000000000000000000000000000000,45.000000000000000000000000000000000000000
297.092261700000000000000000000000000000000,29.987329740000000000000000000000000000000,31.441155690000000000000000000000000000000,311.656414700000000000000000000000000000000,328.680725100000000000000000000000000000000,3.849999905000000000000000000000000000000,93.199996950000000000000000000000000000000,1.422301326000000000000000000000000000000,3.790092468000000000000000000000000000000,2.500000000000000000000000000000000000000,44.000000000000000000000000000000000000000
298.092272500000000000000000000000000000000,29.987327730000000000000000000000000000000,31.441195360000000000000000000000000000000,312.252521000000000000000000000000000000000,329.276855500000000000000000000000000000000,3.750000000000000000000000000000000000000,91.699996950000000000000000000000000000000,1.426141487000000000000000000000000000000,3.790092468000000000000000000000000000000,2.500000000000000000000000000000000000000,40.000000000000000000000000000000000000000
299.092158400000000000000000000000000000000,29.987325790000000000000000000000000000000,31.441235170000000000000000000000000000000,311.626154200000000000000000000000000000000,328.650512700000000000000000000000000000000,3.799999952000000000000000000000000000000,93.400001530000000000000000000000000000000,1.429945968000000000000000000000000000000,9.935046196000000000000000000000000000000,2.500000000000000000000000000000000000000,41.000000000000000000000000000000000000000
300.092233100000000000000000000000000000000,29.987322690000000000000000000000000000000,31.441274510000000000000000000000000000000,312.045989100000000000000000000000000000000,329.070373500000000000000000000000000000000,3.789999962000000000000000000000000000000,94.699996950000000000000000000000000000000,1.433839715000000000000000000000000000000,9.935046196000000000000000000000000000000,2.500000000000000000000000000000000000000,39.000000000000000000000000000000000000000
301.092115300000000000000000000000000000000,29.987320640000000000000000000000000000000,31.441314870000000000000000000000000000000,311.394963700000000000000000000000000000000,328.419372600000000000000000000000000000000,3.880000114000000000000000000000000000000,93.500000000000000000000000000000000000000,1.437604794000000000000000000000000000000,9.935046196000000000000000000000000000000,2.500000000000000000000000000000000000000,40.000000000000000000000000000000000000000
302.092167500000000000000000000000000000000,29.987318430000000000000000000000000000000,31.441353880000000000000000000000000000000,311.946819500000000000000000000000000000000,328.971252400000000000000000000000000000000,3.720000029000000000000000000000000000000,93.599998470000000000000000000000000000000,1.441225716000000000000000000000000000000,9.935046196000000000000000000000000000000,2.500000000000000000000000000000000000000,36.000000000000000000000000000000000000000
303.091794600000000000000000000000000000000,29.987315190000000000000000000000000000000,31.441391290000000000000000000000000000000,311.903398300000000000000000000000000000000,328.927856400000000000000000000000000000000,3.599999905000000000000000000000000000000,95.000000000000000000000000000000000000000,1.444804538000000000000000000000000000000,9.935046196000000000000000000000000000000,2.500000000000000000000000000000000000000,33.000000000000000000000000000000000000000
304.091676400000000000000000000000000000000,29.987311860000000000000000000000000000000,31.441428250000000000000000000000000000000,312.117118300000000000000000000000000000000,329.141601600000000000000000000000000000000,3.720000029000000000000000000000000000000,96.000000000000000000000000000000000000000,1.448465260000000000000000000000000000000,9.935046196000000000000000000000000000000,2.500000000000000000000000000000000000000,33.000000000000000000000000000000000000000
305.092421400000000000000000000000000000000,29.987308940000000000000000000000000000000,31.441466110000000000000000000000000000000,312.210355200000000000000000000000000000000,329.234863300000000000000000000000000000000,3.630000114000000000000000000000000000000,94.800003050000000000000000000000000000000,1.452291552000000000000000000000000000000,9.935046196000000000000000000000000000000,2.500000000000000000000000000000000000000,32.000000000000000000000000000000000000000
306.092196300000000000000000000000000000000,29.987308210000000000000000000000000000000,31.441505830000000000000000000000000000000,312.210699700000000000000000000000000000000,329.235229500000000000000000000000000000000,3.789999962000000000000000000000000000000,92.199996950000000000000000000000000000000,1.456168161000000000000000000000000000000,9.935046196000000000000000000000000000000,2.500000000000000000000000000000000000000,32.000000000000000000000000000000000000000
307.091739600000000000000000000000000000000,29.987308500000000000000000000000000000000,31.441546080000000000000000000000000000000,311.792649900000000000000000000000000000000,328.817199700000000000000000000000000000000,3.690000057000000000000000000000000000000,91.300003050000000000000000000000000000000,1.459966861000000000000000000000000000000,9.935046196000000000000000000000000000000,2.500000000000000000000000000000000000000,35.000000000000000000000000000000000000000
308.092310900000000000000000000000000000000,29.987308880000000000000000000000000000000,31.441585520000000000000000000000000000000,312.184048900000000000000000000000000000000,329.208618200000000000000000000000000000000,3.779999971000000000000000000000000000000,90.699996950000000000000000000000000000000,1.463821417000000000000000000000000000000,9.935046196000000000000000000000000000000,2.500000000000000000000000000000000000000,39.000000000000000000000000000000000000000
309.091988700000000000000000000000000000000,29.987310040000000000000000000000000000000,31.441625520000000000000000000000000000000,311.693918300000000000000000000000000000000,328.718505900000000000000000000000000000000,3.829999924000000000000000000000000000000,90.599998470000000000000000000000000000000,1.467533405000000000000000000000000000000,9.935046196000000000000000000000000000000,2.500000000000000000000000000000000000000,43.000000000000000000000000000000000000000
310.091608000000000000000000000000000000000,29.987311600000000000000000000000000000000,31.441664020000000000000000000000000000000,311.742485500000000000000000000000000000000,328.767089800000000000000000000000000000000,3.700000048000000000000000000000000000000,90.400001530000000000000000000000000000000,1.471332600000000000000000000000000000000,9.935046196000000000000000000000000000000,2.500000000000000000000000000000000000000,46.000000000000000000000000000000000000000
311.092125600000000000000000000000000000000,29.987312270000000000000000000000000000000,31.441703460000000000000000000000000000000,311.314365900000000000000000000000000000000,328.338989300000000000000000000000000000000,3.759999990000000000000000000000000000000,90.300003050000000000000000000000000000000,1.474954333000000000000000000000000000000,9.935046196000000000000000000000000000000,2.500000000000000000000000000000000000000,47.000000000000000000000000000000000000000
312.092469500000000000000000000000000000000,29.987312800000000000000000000000000000000,31.441741060000000000000000000000000000000,311.729325700000000000000000000000000000000,328.753967300000000000000000000000000000000,3.559999943000000000000000000000000000000,89.500000000000000000000000000000000000000,1.478702782000000000000000000000000000000,9.935046196000000000000000000000000000000,2.500000000000000000000000000000000000000,46.000000000000000000000000000000000000000
313.092129800000000000000000000000000000000,29.987313000000000000000000000000000000000,31.441779980000000000000000000000000000000,311.590146000000000000000000000000000000000,328.614807100000000000000000000000000000000,3.809999943000000000000000000000000000000,88.900001530000000000000000000000000000000,1.482546756000000000000000000000000000000,9.935046196000000000000000000000000000000,2.500000000000000000000000000000000000000,44.000000000000000000000000000000000000000
314.092537500000000000000000000000000000000,29.987313390000000000000000000000000000000,31.441819890000000000000000000000000000000,311.435585300000000000000000000000000000000,328.460266100000000000000000000000000000000,3.779999971000000000000000000000000000000,89.699996950000000000000000000000000000000,1.486231394000000000000000000000000000000,9.935046196000000000000000000000000000000,2.500000000000000000000000000000000000000,44.000000000000000000000000000000000000000
315.092305500000000000000000000000000000000,29.987314410000000000000000000000000000000,31.441858130000000000000000000000000000000,312.125753200000000000000000000000000000000,329.150451700000000000000000000000000000000,3.720000029000000000000000000000000000000,88.500000000000000000000000000000000000000,1.490005922000000000000000000000000000000,9.935046196000000000000000000000000000000,2.500000000000000000000000000000000000000,42.000000000000000000000000000000000000000
316.091724300000000000000000000000000000000,29.987315770000000000000000000000000000000,31.441897290000000000000000000000000000000,311.215030200000000000000000000000000000000,328.239746100000000000000000000000000000000,3.670000076000000000000000000000000000000,87.500000000000000000000000000000000000000,1.493914570000000000000000000000000000000,9.935046196000000000000000000000000000000,2.500000000000000000000000000000000000000,44.000000000000000000000000000000000000000
317.092257000000000000000000000000000000000,29.987316980000000000000000000000000000000,31.441937850000000000000000000000000000000,310.912460400000000000000000000000000000000,327.937194800000000000000000000000000000000,3.829999924000000000000000000000000000000,87.599998470000000000000000000000000000000,1.497808732000000000000000000000000000000,9.935046196000000000000000000000000000000,2.500000000000000000000000000000000000000,43.000000000000000000000000000000000000000
318.091811700000000000000000000000000000000,29.987317890000000000000000000000000000000,31.441978270000000000000000000000000000000,310.666286600000000000000000000000000000000,327.691040000000000000000000000000000000000,3.779999971000000000000000000000000000000,87.099998470000000000000000000000000000000,1.501604891000000000000000000000000000000,9.935046196000000000000000000000000000000,2.500000000000000000000000000000000000000,43.000000000000000000000000000000000000000
319.092227900000000000000000000000000000000,29.987320010000000000000000000000000000000,31.442017610000000000000000000000000000000,310.608653300000000000000000000000000000000,327.633422900000000000000000000000000000000,3.680000067000000000000000000000000000000,86.599998470000000000000000000000000000000,1.505408233000000000000000000000000000000,9.935046196000000000000000000000000000000,2.500000000000000000000000000000000000000,43.000000000000000000000000000000000000000
320.091687300000000000000000000000000000000,29.987322790000000000000000000000000000000,31.442056970000000000000000000000000000000,310.152461600000000000000000000000000000000,327.177246100000000000000000000000000000000,3.759999990000000000000000000000000000000,86.300003050000000000000000000000000000000,1.509097264000000000000000000000000000000,9.935046196000000000000000000000000000000,2.500000000000000000000000000000000000000,43.000000000000000000000000000000000000000
321.092316000000000000000000000000000000000,29.987325560000000000000000000000000000000,31.442095140000000000000000000000000000000,309.927105400000000000000000000000000000000,326.951904300000000000000000000000000000000,3.660000086000000000000000000000000000000,85.900001530000000000000000000000000000000,1.512757153000000000000000000000000000000,9.935046196000000000000000000000000000000,2.500000000000000000000000000000000000000,45.000000000000000000000000000000000000000
322.091996600000000000000000000000000000000,29.987327710000000000000000000000000000000,31.442133060000000000000000000000000000000,309.850429900000000000000000000000000000000,326.875244100000000000000000000000000000000,3.690000057000000000000000000000000000000,86.199996950000000000000000000000000000000,1.516118423000000000000000000000000000000,9.935046196000000000000000000000000000000,2.500000000000000000000000000000000000000,43.000000000000000000000000000000000000000
323.091942400000000000000000000000000000000,29.987329490000000000000000000000000000000,31.442167900000000000000000000000000000000,310.198437900000000000000000000000000000000,327.223266600000000000000000000000000000000,3.380000114000000000000000000000000000000,88.800003050000000000000000000000000000000,1.519412963000000000000000000000000000000,9.935046196000000000000000000000000000000,2.500000000000000000000000000000000000000,41.000000000000000000000000000000000000000
324.092391600000000000000000000000000000000,29.987327770000000000000000000000000000000,31.442202050000000000000000000000000000000,310.847037800000000000000000000000000000000,327.871887200000000000000000000000000000000,3.470000029000000000000000000000000000000,94.500000000000000000000000000000000000000,1.522984545000000000000000000000000000000,9.935046196000000000000000000000000000000,2.500000000000000000000000000000000000000,42.000000000000000000000000000000000000000
325.092236300000000000000000000000000000000,29.987321410000000000000000000000000000000,31.442238400000000000000000000000000000000,310.749412100000000000000000000000000000000,327.774292000000000000000000000000000000000,3.690000057000000000000000000000000000000,102.699996900000000000000000000000000000000,1.526759221000000000000000000000000000000,9.935046196000000000000000000000000000000,2.500000000000000000000000000000000000000,43.000000000000000000000000000000000000000
326.091707700000000000000000000000000000000,29.987308890000000000000000000000000000000,31.442274830000000000000000000000000000000,310.614604400000000000000000000000000000000,327.639526400000000000000000000000000000000,3.869999886000000000000000000000000000000,112.599998500000000000000000000000000000000,1.530749425000000000000000000000000000000,9.935046196000000000000000000000000000000,2.500000000000000000000000000000000000000,45.000000000000000000000000000000000000000
327.092135400000000000000000000000000000000,29.987289310000000000000000000000000000000,31.442309550000000000000000000000000000000,310.439928500000000000000000000000000000000,327.464904800000000000000000000000000000000,4.179999828000000000000000000000000000000,123.400001500000000000000000000000000000000,1.534690778000000000000000000000000000000,9.935046196000000000000000000000000000000,2.500000000000000000000000000000000000000,47.000000000000000000000000000000000000000
328.091691600000000000000000000000000000000,29.987264870000000000000000000000000000000,31.442339190000000000000000000000000000000,310.209826200000000000000000000000000000000,327.234863300000000000000000000000000000000,3.950000048000000000000000000000000000000,132.699996900000000000000000000000000000000,1.538646217000000000000000000000000000000,9.935046196000000000000000000000000000000,2.500000000000000000000000000000000000000,49.000000000000000000000000000000000000000
329.092172800000000000000000000000000000000,29.987237570000000000000000000000000000000,31.442365520000000000000000000000000000000,310.296187500000000000000000000000000000000,327.321289100000000000000000000000000000000,4.059999943000000000000000000000000000000,138.199996900000000000000000000000000000000,1.542809914000000000000000000000000000000,9.935046196000000000000000000000000000000,2.500000000000000000000000000000000000000,48.000000000000000000000000000000000000000
330.091718400000000000000000000000000000000,29.987208500000000000000000000000000000000,31.442392770000000000000000000000000000000,309.974464000000000000000000000000000000000,326.999633800000000000000000000000000000000,4.139999866000000000000000000000000000000,140.699996900000000000000000000000000000000,1.546980244000000000000000000000000000000,9.935046196000000000000000000000000000000,2.500000000000000000000000000000000000000,45.000000000000000000000000000000000000000
331.092231900000000000000000000000000000000,29.987179760000000000000000000000000000000,31.442420590000000000000000000000000000000,309.832245200000000000000000000000000000000,326.857482900000000000000000000000000000000,4.090000153000000000000000000000000000000,140.699996900000000000000000000000000000000,1.550964784000000000000000000000000000000,9.935046196000000000000000000000000000000,2.500000000000000000000000000000000000000,45.000000000000000000000000000000000000000
332.092104200000000000000000000000000000000,29.987152170000000000000000000000000000000,31.442446990000000000000000000000000000000,309.883144500000000000000000000000000000000,326.908447300000000000000000000000000000000,4.159999847000000000000000000000000000000,141.199996900000000000000000000000000000000,1.555082518000000000000000000000000000000,9.935046196000000000000000000000000000000,2.500000000000000000000000000000000000000,45.000000000000000000000000000000000000000
333.092585100000000000000000000000000000000,29.987122680000000000000000000000000000000,31.442472850000000000000000000000000000000,309.794636200000000000000000000000000000000,326.820007300000000000000000000000000000000,4.260000229000000000000000000000000000000,143.899993900000000000000000000000000000000,1.558758800000000000000000000000000000000,9.935046196000000000000000000000000000000,2.500000000000000000000000000000000000000,42.000000000000000000000000000000000000000
334.091931200000000000000000000000000000000,29.987095100000000000000000000000000000000,31.442493900000000000000000000000000000000,310.137652600000000000000000000000000000000,327.163085900000000000000000000000000000000,3.700000048000000000000000000000000000000,145.899993900000000000000000000000000000000,1.562198436000000000000000000000000000000,9.935046196000000000000000000000000000000,2.500000000000000000000000000000000000000,43.000000000000000000000000000000000000000
335.091879500000000000000000000000000000000,29.987068500000000000000000000000000000000,31.442512130000000000000000000000000000000,310.188496900000000000000000000000000000000,327.213989300000000000000000000000000000000,3.529999971000000000000000000000000000000,147.500000000000000000000000000000000000000,1.565423014000000000000000000000000000000,9.935046196000000000000000000000000000000,2.500000000000000000000000000000000000000,44.000000000000000000000000000000000000000
336.092331000000000000000000000000000000000,29.987042970000000000000000000000000000000,31.442528010000000000000000000000000000000,309.954066100000000000000000000000000000000,326.979614300000000000000000000000000000000,3.380000114000000000000000000000000000000,149.000000000000000000000000000000000000000,1.568470472000000000000000000000000000000,9.935046196000000000000000000000000000000,2.500000000000000000000000000000000000000,47.000000000000000000000000000000000000000
337.091810700000000000000000000000000000000,29.987018990000000000000000000000000000000,31.442543330000000000000000000000000000000,309.918491000000000000000000000000000000000,326.944091800000000000000000000000000000000,3.220000029000000000000000000000000000000,147.800003100000000000000000000000000000000,1.571069917000000000000000000000000000000,9.935046196000000000000000000000000000000,2.500000000000000000000000000000000000000,48.000000000000000000000000000000000000000
338.092179800000000000000000000000000000000,29.986998920000000000000000000000000000000,31.442557170000000000000000000000000000000,309.785328700000000000000000000000000000000,326.810974100000000000000000000000000000000,2.539999962000000000000000000000000000000,145.399993900000000000000000000000000000000,1.572969856000000000000000000000000000000,9.935046196000000000000000000000000000000,2.500000000000000000000000000000000000000,47.000000000000000000000000000000000000000
339.092093900000000000000000000000000000000,29.986984390000000000000000000000000000000,31.442567550000000000000000000000000000000,310.005938400000000000000000000000000000000,327.031616200000000000000000000000000000000,1.789999962000000000000000000000000000000,145.899993900000000000000000000000000000000,1.574083509000000000000000000000000000000,9.935046196000000000000000000000000000000,2.500000000000000000000000000000000000000,47.000000000000000000000000000000000000000
340.092517800000000000000000000000000000000,29.986976020000000000000000000000000000000,31.442573900000000000000000000000000000000,309.914733000000000000000000000000000000000,326.940429700000000000000000000000000000000,0.810000002400000000000000000000000000000,149.000000000000000000000000000000000000000,1.574232779000000000000000000000000000000,9.935046196000000000000000000000000000000,2.500000000000000000000000000000000000000,47.000000000000000000000000000000000000000
341.092136200000000000000000000000000000000,29.986974980000000000000000000000000000000,31.442574880000000000000000000000000000000,309.754818400000000000000000000000000000000,326.780517600000000000000000000000000000000,0.000000000000000000000000000000000000000,NaN,NaN,9.935046196000000000000000000000000000000,2.500000000000000000000000000000000000000,48.000000000000000000000000000000000000000